BsmtHalfBath,BsmtFinSF2,HalfBath,BsmtFullBath,OverallQual,MasVnrArea,LowQualFinSF,GarageCars,TotalBsmtSF,LotArea,BsmtFinSF1,OpenPorchSF,KitchenAbvGr,house_Age,BsmtUnfSF,BedroomAbvGr,SalePrice,EnclosedPorch,FullBath,Fireplaces,MiscVal,2ndFlrSF,ScreenPorch,WoodDeckSF,LotFrontage,GrLivArea,3SsnPorch,OverallCond,PoolArea,MSSubClass,MSZoning,LandContour,LotConfig,Neighborhood,Condition1,BldgType,HouseStyle,RoofStyle,RoofMatl,Exterior1st,Exterior2nd,MasVnrType,Foundation,Heating,CentralAir,GarageType,MiscFeature,SaleType,SaleCondition,LotShape,LandSlope,ExterQual,ExterCond,BsmtQual,BsmtCond,BsmtExposure,BsmtFinType1,BsmtFinType2,HeatingQC,Electrical,KitchenQual,Functional,FireplaceQu,GarageFinish,GarageQual,PavedDrive,PoolQC,Fence
0,0,1,1,7,196.0,0,2,856,8450,706,61,1,5,150,3,208500,0,2,0,0,854,0,0,65.0,1710,0,5,0,60,RL,Lvl,Inside,CollgCr,Norm,1Fam,2Story,Gable,CompShg,VinylSd,VinylSd,BrkFace,PConc,GasA,Y,Attchd,,WD,Normal,Reg,Gtl,Gd,TA,Gd,TA,No,GLQ,Unf,Ex,SBrkr,Gd,Typ,,RFn,TA,Y,,
1,0,0,0,6,0.0,0,2,1262,9600,978,0,1,31,284,3,181500,0,2,1,0,0,0,298,80.0,1262,0,8,0,20,RL,Lvl,FR2,Veenker,Feedr,1Fam,1Story,Gable,CompShg,MetalSd,MetalSd,,CBlock,GasA,Y,Attchd,,WD,Normal,Reg,Gtl,TA,TA,Gd,TA,Gd,ALQ,Unf,Ex,SBrkr,TA,Typ,TA,RFn,TA,Y,,
0,0,1,1,7,162.0,0,2,920,11250,486,42,1,7,434,3,223500,0,2,1,0,866,0,0,68.0,1786,0,5,0,60,RL,Lvl,Inside,CollgCr,Norm,1Fam,2Story,Gable,CompShg,VinylSd,VinylSd,BrkFace,PConc,GasA,Y,Attchd,,WD,Normal,IR1,Gtl,Gd,TA,Gd,TA,Mn,GLQ,Unf,Ex,SBrkr,Gd,Typ,TA,RFn,TA,Y,,
0,0,0,1,7,0.0,0,3,756,9550,216,35,1,91,540,3,140000,272,1,1,0,756,0,0,60.0,1717,0,5,0,70,RL,Lvl,Corner,Crawfor,Norm,1Fam,2Story,Gable,CompShg,Wd Sdng,Wd Shng,,BrkTil,GasA,Y,Detchd,,WD,Abnorml,IR1,Gtl,TA,TA,TA,Gd,No,ALQ,Unf,Gd,SBrkr,Gd,Typ,Gd,Unf,TA,Y,,
0,0,1,1,8,350.0,0,3,1145,14260,655,84,1,8,490,4,250000,0,2,1,0,1053,0,192,84.0,2198,0,5,0,60,RL,Lvl,FR2,NoRidge,Norm,1Fam,2Story,Gable,CompShg,VinylSd,VinylSd,BrkFace,PConc,GasA,Y,Attchd,,WD,Normal,IR1,Gtl,Gd,TA,Gd,TA,Av,GLQ,Unf,Ex,SBrkr,Gd,Typ,TA,RFn,TA,Y,,
0,0,1,1,5,0.0,0,2,796,14115,732,30,1,16,64,1,143000,0,1,0,700,566,0,40,85.0,1362,320,5,0,50,RL,Lvl,Inside,Mitchel,Norm,1Fam,1.5Fin,Gable,CompShg,VinylSd,VinylSd,,Wood,GasA,Y,Attchd,Shed,WD,Normal,IR1,Gtl,TA,TA,Gd,TA,No,GLQ,Unf,Ex,SBrkr,TA,Typ,,Unf,TA,Y,,MnPrv
0,0,0,1,8,186.0,0,2,1686,10084,1369,57,1,3,317,3,307000,0,2,1,0,0,0,255,75.0,1694,0,5,0,20,RL,Lvl,Inside,Somerst,Norm,1Fam,1Story,Gable,CompShg,VinylSd,VinylSd,Stone,PConc,GasA,Y,Attchd,,WD,Normal,Reg,Gtl,Gd,TA,Ex,TA,Av,GLQ,Unf,Ex,SBrkr,Gd,Typ,Gd,RFn,TA,Y,,
0,32,1,1,7,240.0,0,2,1107,10382,859,204,1,36,216,3,200000,228,2,2,350,983,0,235,70.0,2090,0,6,0,60,RL,Lvl,Corner,NWAmes,PosN,1Fam,2Story,Gable,CompShg,HdBoard,HdBoard,Stone,CBlock,GasA,Y,Attchd,Shed,WD,Normal,IR1,Gtl,TA,TA,Gd,TA,Mn,ALQ,BLQ,Ex,SBrkr,TA,Typ,TA,RFn,TA,Y,,
0,0,0,0,7,0.0,0,2,952,6120,0,0,2,77,952,2,129900,205,2,2,0,752,0,90,51.0,1774,0,5,0,50,RM,Lvl,Inside,OldTown,Artery,1Fam,1.5Fin,Gable,CompShg,BrkFace,Wd Shng,,BrkTil,GasA,Y,Detchd,,WD,Abnorml,Reg,Gtl,TA,TA,TA,TA,No,Unf,Unf,Gd,FuseF,TA,Min1,TA,Unf,Fa,Y,,
0,0,0,1,5,0.0,0,1,991,7420,851,4,2,69,140,2,118000,0,1,2,0,0,0,0,50.0,1077,0,6,0,190,RL,Lvl,Corner,BrkSide,Artery,2fmCon,1.5Unf,Gable,CompShg,MetalSd,MetalSd,,BrkTil,GasA,Y,Attchd,,WD,Normal,Reg,Gtl,TA,TA,TA,TA,No,GLQ,Unf,Ex,SBrkr,TA,Typ,TA,RFn,Gd,Y,,
0,0,0,1,5,0.0,0,1,1040,11200,906,0,1,43,134,3,129500,0,1,0,0,0,0,0,70.0,1040,0,5,0,20,RL,Lvl,Inside,Sawyer,Norm,1Fam,1Story,Hip,CompShg,HdBoard,HdBoard,,CBlock,GasA,Y,Detchd,,WD,Normal,Reg,Gtl,TA,TA,TA,TA,No,Rec,Unf,Ex,SBrkr,TA,Typ,,Unf,TA,Y,,
0,0,0,1,9,286.0,0,3,1175,11924,998,21,1,1,177,4,345000,0,3,2,0,1142,0,147,85.0,2324,0,5,0,60,RL,Lvl,Inside,NridgHt,Norm,1Fam,2Story,Hip,CompShg,WdShing,Wd Shng,Stone,PConc,GasA,Y,BuiltIn,,New,Partial,IR1,Gtl,Ex,TA,Ex,TA,No,GLQ,Unf,Ex,SBrkr,Ex,Typ,Gd,Fin,TA,Y,,
0,0,0,1,5,0.0,0,1,912,12968,737,0,1,46,175,2,144000,0,1,0,0,0,176,140,70.0,912,0,6,0,20,RL,Lvl,Inside,Sawyer,Norm,1Fam,1Story,Hip,CompShg,HdBoard,Plywood,,CBlock,GasA,Y,Detchd,,WD,Normal,IR2,Gtl,TA,TA,TA,TA,No,ALQ,Unf,TA,SBrkr,TA,Typ,,Unf,TA,Y,,
0,0,0,0,7,306.0,0,3,1494,10652,0,33,1,1,1494,3,279500,0,2,1,0,0,0,160,91.0,1494,0,5,0,20,RL,Lvl,Inside,CollgCr,Norm,1Fam,1Story,Gable,CompShg,VinylSd,VinylSd,Stone,PConc,GasA,Y,Attchd,,New,Partial,IR1,Gtl,Gd,TA,Gd,TA,Av,Unf,Unf,Ex,SBrkr,Gd,Typ,Gd,RFn,TA,Y,,
0,0,1,1,6,212.0,0,1,1253,10920,733,213,1,48,520,2,157000,176,1,1,0,0,0,0,70.0,1253,0,5,0,20,RL,Lvl,Corner,NAmes,Norm,1Fam,1Story,Hip,CompShg,MetalSd,MetalSd,BrkFace,CBlock,GasA,Y,Attchd,,WD,Normal,IR1,Gtl,TA,TA,TA,TA,No,BLQ,Unf,TA,SBrkr,TA,Typ,Fa,RFn,TA,Y,,GdWo
0,0,0,0,7,0.0,0,2,832,6120,0,112,1,78,832,2,132000,0,1,0,0,0,0,48,51.0,854,0,8,0,45,RM,Lvl,Corner,BrkSide,Norm,1Fam,1.5Unf,Gable,CompShg,Wd Sdng,Wd Sdng,,BrkTil,GasA,Y,Detchd,,WD,Normal,Reg,Gtl,TA,TA,TA,TA,No,Unf,Unf,Ex,FuseA,TA,Typ,,Unf,TA,Y,,GdPrv
0,0,0,1,6,180.0,0,2,1004,11241,578,0,1,40,426,2,149000,0,1,1,700,0,0,0,70.0,1004,0,7,0,20,RL,Lvl,CulDSac,NAmes,Norm,1Fam,1Story,Gable,CompShg,Wd Sdng,Wd Sdng,BrkFace,CBlock,GasA,Y,Attchd,Shed,WD,Normal,IR1,Gtl,TA,TA,TA,TA,No,ALQ,Unf,Ex,SBrkr,TA,Typ,TA,Fin,TA,Y,,
0,0,0,0,4,0.0,0,2,0,10791,0,0,2,39,0,2,90000,0,2,0,500,0,0,0,72.0,1296,0,5,0,90,RL,Lvl,Inside,Sawyer,Norm,Duplex,1Story,Gable,CompShg,MetalSd,MetalSd,,Slab,GasA,Y,CarPort,Shed,WD,Normal,Reg,Gtl,TA,TA,,,,,,TA,SBrkr,TA,Typ,,Unf,TA,Y,,
0,0,1,1,5,0.0,0,2,1114,13695,646,102,1,4,468,3,159000,0,1,0,0,0,0,0,66.0,1114,0,5,0,20,RL,Lvl,Inside,SawyerW,RRAe,1Fam,1Story,Gable,CompShg,VinylSd,VinylSd,,PConc,GasA,Y,Detchd,,WD,Normal,Reg,Gtl,TA,TA,TA,TA,No,GLQ,Unf,Ex,SBrkr,Gd,Typ,,Unf,TA,Y,,
0,0,0,0,5,0.0,0,1,1029,7560,504,0,1,51,525,3,139000,0,1,0,0,0,0,0,70.0,1339,0,6,0,20,RL,Lvl,Inside,NAmes,Norm,1Fam,1Story,Hip,CompShg,BrkFace,Plywood,,CBlock,GasA,Y,Attchd,,COD,Abnorml,Reg,Gtl,TA,TA,TA,TA,No,LwQ,Unf,TA,SBrkr,TA,Min1,,Unf,TA,Y,,MnPrv
0,0,1,0,8,380.0,0,3,1158,14215,0,154,1,1,1158,4,325300,0,3,1,0,1218,0,240,101.0,2376,0,5,0,60,RL,Lvl,Corner,NridgHt,Norm,1Fam,2Story,Gable,CompShg,VinylSd,VinylSd,BrkFace,PConc,GasA,Y,BuiltIn,,New,Partial,IR1,Gtl,Gd,TA,Ex,TA,Av,Unf,Unf,Ex,SBrkr,Gd,Typ,Gd,RFn,TA,Y,,
0,0,0,0,7,0.0,0,1,637,7449,0,0,1,77,637,3,139400,205,1,1,0,0,0,0,57.0,1108,0,7,0,45,RM,Bnk,Inside,IDOTRR,Norm,1Fam,1.5Unf,Gable,CompShg,Wd Sdng,Wd Sdng,,PConc,GasA,Y,Attchd,,WD,Normal,Reg,Gtl,TA,TA,TA,TA,No,Unf,Unf,Ex,FuseF,Gd,Typ,Gd,Unf,TA,N,,GdPrv
0,0,0,0,8,281.0,0,2,1777,9742,0,159,1,6,1777,3,230000,0,2,1,0,0,0,171,75.0,1795,0,5,0,20,RL,Lvl,Inside,CollgCr,Norm,1Fam,1Story,Hip,CompShg,VinylSd,VinylSd,BrkFace,PConc,GasA,Y,Attchd,,WD,Normal,Reg,Gtl,Gd,TA,Gd,TA,No,Unf,Unf,Ex,SBrkr,Gd,Typ,Gd,RFn,TA,Y,,
0,0,0,1,5,0.0,0,2,1040,4224,840,110,1,31,200,3,129900,0,1,1,0,0,0,100,44.0,1060,0,7,0,120,RM,Lvl,Inside,MeadowV,Norm,TwnhsE,1Story,Gable,CompShg,CemntBd,CmentBd,,PConc,GasA,Y,Attchd,,WD,Normal,Reg,Gtl,TA,TA,Gd,TA,No,GLQ,Unf,TA,SBrkr,TA,Typ,TA,Unf,TA,Y,,
0,668,0,1,5,0.0,0,1,1060,8246,188,90,1,42,204,3,154000,0,1,1,0,0,0,406,70.0,1060,0,8,0,20,RL,Lvl,Inside,Sawyer,Norm,1Fam,1Story,Gable,CompShg,Plywood,Plywood,,CBlock,GasA,Y,Attchd,,WD,Normal,IR1,Gtl,TA,Gd,TA,TA,Mn,Rec,ALQ,Ex,SBrkr,Gd,Typ,TA,Unf,TA,Y,,MnPrv
0,0,0,0,8,640.0,0,3,1566,14230,0,56,1,2,1566,3,256300,0,2,1,0,0,0,0,110.0,1600,0,5,0,20,RL,Lvl,Corner,NridgHt,Norm,1Fam,1Story,Gable,CompShg,VinylSd,VinylSd,Stone,PConc,GasA,Y,Attchd,,WD,Normal,Reg,Gtl,Gd,TA,Gd,TA,No,Unf,Unf,Ex,SBrkr,Gd,Typ,Gd,RFn,TA,Y,,
1,486,0,0,5,0.0,0,2,900,7200,234,32,1,59,180,3,134800,0,1,0,0,0,0,222,60.0,900,0,7,0,20,RL,Lvl,Corner,NAmes,Norm,1Fam,1Story,Gable,CompShg,Wd Sdng,Wd Sdng,,CBlock,GasA,Y,Detchd,,WD,Normal,Reg,Gtl,TA,TA,TA,TA,Mn,BLQ,Rec,TA,SBrkr,Gd,Typ,,Unf,TA,Y,,
0,0,0,1,8,200.0,0,3,1704,11478,1218,50,1,3,486,3,306000,0,2,1,0,0,0,0,98.0,1704,0,5,0,20,RL,Lvl,Inside,NridgHt,Norm,1Fam,1Story,Gable,CompShg,VinylSd,VinylSd,Stone,PConc,GasA,Y,Attchd,,WD,Normal,Reg,Gtl,Gd,TA,Ex,TA,No,GLQ,Unf,Ex,SBrkr,Gd,Typ,Gd,RFn,TA,Y,,
0,0,0,1,5,0.0,0,1,1484,16321,1277,258,1,49,207,2,207500,0,1,2,0,0,0,288,47.0,1600,0,6,0,20,RL,Lvl,CulDSac,NAmes,Norm,1Fam,1Story,Gable,CompShg,MetalSd,MetalSd,,CBlock,GasA,Y,Attchd,,WD,Normal,IR1,Gtl,TA,TA,TA,TA,Gd,BLQ,Unf,TA,SBrkr,TA,Typ,Gd,RFn,TA,Y,,
0,0,0,0,4,0.0,0,1,520,6324,0,0,1,81,520,1,68500,87,1,0,0,0,0,49,60.0,520,0,6,0,30,RM,Lvl,Inside,BrkSide,Feedr,1Fam,1Story,Gable,CompShg,MetalSd,MetalSd,,BrkTil,GasA,N,Detchd,,WD,Normal,IR1,Gtl,TA,TA,TA,TA,No,Unf,Unf,Fa,SBrkr,Fa,Typ,,Unf,Fa,Y,,
0,0,0,0,4,0.0,0,1,649,8500,0,54,1,88,649,3,40000,172,1,0,0,668,0,0,50.0,1317,0,4,0,70,C (all),Lvl,Inside,IDOTRR,Feedr,1Fam,2Story,Gambrel,CompShg,BrkFace,BrkFace,,BrkTil,GasA,N,Detchd,,WD,Normal,Reg,Gtl,TA,Fa,TA,TA,No,Unf,Unf,TA,SBrkr,TA,Typ,,Unf,TA,N,,MnPrv
0,0,1,0,5,0.0,0,1,1228,8544,0,65,1,42,1228,3,149350,0,1,0,0,0,0,0,70.0,1228,0,6,0,20,RL,Lvl,CulDSac,Sawyer,Norm,1Fam,1Story,Gable,CompShg,HdBoard,HdBoard,,CBlock,GasA,Y,Attchd,,WD,Normal,IR1,Gtl,TA,TA,TA,TA,No,Unf,Unf,Gd,SBrkr,Gd,Typ,,Unf,TA,Y,,MnPrv
0,0,0,0,8,0.0,0,2,1234,11049,0,30,1,1,1234,3,179900,0,2,0,0,0,0,0,85.0,1234,0,5,0,20,RL,Lvl,Corner,CollgCr,Norm,1Fam,1Story,Gable,CompShg,VinylSd,VinylSd,,PConc,GasA,Y,Attchd,,WD,Normal,Reg,Gtl,Gd,TA,Ex,TA,Av,Unf,Unf,Ex,SBrkr,Gd,Typ,,RFn,TA,Y,,
1,0,1,0,5,0.0,0,2,1398,10552,1018,38,1,51,380,4,165500,0,1,1,0,0,0,0,70.0,1700,0,5,0,20,RL,Lvl,Inside,NAmes,Norm,1Fam,1Story,Hip,CompShg,BrkFace,BrkFace,,CBlock,GasA,Y,Attchd,,WD,Normal,IR1,Gtl,TA,TA,TA,TA,No,Rec,Unf,Gd,SBrkr,Gd,Typ,Gd,RFn,TA,Y,,
0,0,0,1,9,246.0,0,2,1561,7313,1153,47,1,2,408,2,277500,0,2,1,0,0,0,203,60.0,1561,0,5,0,120,RL,Lvl,Inside,NridgHt,Norm,TwnhsE,1Story,Hip,CompShg,MetalSd,MetalSd,BrkFace,PConc,GasA,Y,Attchd,,WD,Normal,Reg,Gtl,Ex,TA,Ex,TA,No,GLQ,Unf,Ex,SBrkr,Ex,Typ,Gd,Fin,TA,Y,,
0,0,1,0,8,132.0,0,3,1117,13418,0,32,1,2,1117,4,309000,0,3,1,0,1320,0,113,108.0,2452,0,5,0,60,RL,Lvl,Inside,NridgHt,Norm,1Fam,2Story,Gable,CompShg,VinylSd,VinylSd,Stone,PConc,GasA,Y,BuiltIn,,WD,Normal,Reg,Gtl,Gd,TA,Ex,TA,Av,Unf,Unf,Ex,SBrkr,Gd,Typ,Gd,Fin,TA,Y,,
0,0,1,0,5,0.0,0,2,1097,10859,0,64,1,15,1097,3,145000,0,1,0,0,0,0,392,112.0,1097,0,5,0,20,RL,Lvl,Corner,CollgCr,Norm,1Fam,1Story,Gable,CompShg,VinylSd,VinylSd,,PConc,GasA,Y,Attchd,,WD,Normal,Reg,Gtl,TA,TA,Gd,TA,No,Unf,Unf,Ex,SBrkr,TA,Typ,,Unf,TA,Y,,
1,0,0,0,5,650.0,0,2,1297,8532,1213,0,1,55,84,3,153000,0,1,1,0,0,0,0,74.0,1297,0,6,0,20,RL,Lvl,Inside,NAmes,Norm,1Fam,1Story,Hip,CompShg,Wd Sdng,Wd Sdng,BrkFace,CBlock,GasA,Y,Attchd,,WD,Normal,Reg,Gtl,TA,TA,TA,TA,No,Rec,Unf,Gd,SBrkr,TA,Typ,TA,Fin,TA,Y,,
0,0,0,1,5,0.0,0,1,1057,7922,731,52,1,57,326,3,109000,0,1,0,0,0,0,0,68.0,1057,0,7,0,20,RL,Lvl,Inside,NAmes,Norm,1Fam,1Story,Gable,CompShg,VinylSd,VinylSd,,CBlock,GasA,Y,Detchd,,WD,Abnorml,Reg,Gtl,TA,Gd,TA,TA,No,GLQ,Unf,TA,SBrkr,Gd,Typ,,Unf,TA,Y,,
0,0,0,0,4,0.0,0,0,0,6040,0,0,2,53,0,2,82000,0,2,0,0,0,0,0,65.0,1152,0,5,0,90,RL,Lvl,Inside,Edwards,Norm,Duplex,1Story,Gable,CompShg,AsbShng,Plywood,,PConc,GasA,N,,,WD,AdjLand,Reg,Gtl,TA,TA,,,,,,TA,FuseP,Fa,Typ,,,,N,,
0,0,0,0,6,101.0,0,2,1088,8658,643,138,1,41,445,3,160000,0,2,1,0,0,0,0,84.0,1324,0,5,0,20,RL,Lvl,Inside,NAmes,Norm,1Fam,1Story,Gable,CompShg,Wd Sdng,Wd Sdng,BrkFace,CBlock,GasA,Y,Attchd,,WD,Abnorml,Reg,Gtl,TA,TA,TA,TA,No,Rec,Unf,Ex,SBrkr,TA,Typ,TA,RFn,TA,Y,,GdWo
1,0,1,0,5,0.0,0,1,1350,16905,967,104,1,48,383,2,170000,0,1,2,0,0,0,0,115.0,1328,0,6,0,20,RL,Lvl,Inside,Timber,Norm,1Fam,1Story,Gable,CompShg,VinylSd,VinylSd,,CBlock,GasA,Y,Attchd,,WD,Normal,Reg,Gtl,TA,Gd,TA,TA,Gd,BLQ,Unf,Gd,SBrkr,TA,Typ,Gd,RFn,TA,P,,
0,93,0,1,5,0.0,0,2,840,9180,747,0,1,24,0,2,144000,0,1,0,0,0,0,240,70.0,884,0,7,0,85,RL,Lvl,CulDSac,SawyerW,Norm,1Fam,SFoyer,Gable,CompShg,HdBoard,HdBoard,,CBlock,GasA,Y,Attchd,,WD,Normal,IR1,Gtl,TA,TA,Gd,TA,Av,ALQ,LwQ,Gd,SBrkr,Gd,Typ,,RFn,TA,Y,,MnPrv
0,491,0,1,5,0.0,0,1,938,9200,280,0,1,33,167,3,130250,0,1,0,0,0,0,145,70.0,938,0,6,0,20,RL,Lvl,CulDSac,CollgCr,Norm,1Fam,1Story,Hip,CompShg,VinylSd,VinylSd,,CBlock,GasA,Y,Detchd,,WD,Normal,IR1,Gtl,TA,TA,Gd,TA,Av,LwQ,BLQ,TA,SBrkr,TA,Typ,,Unf,TA,Y,,MnPrv
0,506,0,1,5,0.0,0,1,1150,7945,179,0,1,47,465,3,141000,0,1,0,0,0,0,0,70.0,1150,0,6,0,20,RL,Lvl,Inside,NAmes,Norm,1Fam,1Story,Gable,CompShg,BrkFace,Wd Sdng,,CBlock,GasA,Y,Attchd,,WD,Normal,Reg,Gtl,TA,TA,TA,TA,No,ALQ,BLQ,Ex,FuseA,TA,Typ,,RFn,TA,Y,,
0,0,0,1,9,412.0,0,2,1752,7658,456,82,1,5,1296,2,319900,0,2,1,0,0,0,196,61.0,1752,0,5,0,120,RL,Lvl,Inside,NridgHt,Norm,TwnhsE,1Story,Hip,CompShg,MetalSd,MetalSd,BrkFace,PConc,GasA,Y,Attchd,,WD,Normal,Reg,Gtl,Ex,TA,Ex,TA,No,GLQ,Unf,Ex,SBrkr,Ex,Typ,Gd,RFn,TA,Y,,
0,0,1,1,7,0.0,0,2,1434,12822,1351,43,1,6,83,1,239686,0,1,1,0,631,198,168,48.0,2149,0,5,0,50,RL,Lvl,CulDSac,Mitchel,Norm,1Fam,1.5Fin,Gable,CompShg,VinylSd,VinylSd,,PConc,GasA,Y,Attchd,,WD,Abnorml,IR1,Gtl,Gd,TA,Ex,TA,No,GLQ,Unf,Ex,SBrkr,Gd,Typ,Ex,RFn,TA,Y,,
0,0,0,0,8,0.0,0,3,1656,11096,24,146,1,1,1632,3,249700,0,2,0,0,0,0,0,84.0,1656,0,5,0,20,FV,Lvl,Inside,Somerst,Norm,1Fam,1Story,Gable,CompShg,VinylSd,VinylSd,,PConc,GasA,Y,Attchd,,WD,Normal,Reg,Gtl,Gd,TA,Gd,TA,Av,GLQ,Unf,Ex,SBrkr,Gd,Typ,,RFn,TA,Y,,
0,0,0,0,4,0.0,0,0,736,4456,0,0,3,89,736,2,113000,102,2,0,0,716,0,0,33.0,1452,0,5,0,190,RM,Lvl,Inside,OldTown,Norm,2fmCon,2Story,Gable,CompShg,MetalSd,MetalSd,,BrkTil,GasA,Y,,,New,Partial,Reg,Gtl,TA,TA,TA,TA,No,Unf,Unf,Gd,SBrkr,TA,Typ,,,,N,,
0,0,0,1,5,0.0,0,1,955,7742,763,0,1,41,192,3,127000,0,1,0,0,0,0,0,66.0,955,0,7,0,20,RL,Lvl,Inside,Sawyer,Norm,1Fam,1Story,Gable,CompShg,HdBoard,HdBoard,,CBlock,GasA,Y,Attchd,,WD,Normal,Reg,Gtl,TA,TA,TA,TA,No,BLQ,Unf,Ex,SBrkr,TA,Typ,,Unf,TA,Y,,MnPrv
1,0,0,0,6,0.0,0,2,794,13869,182,75,1,10,612,3,177000,0,2,0,0,676,0,0,70.0,1470,0,6,0,60,RL,Lvl,Corner,Gilbert,Norm,1Fam,2Story,Gable,CompShg,VinylSd,VinylSd,,PConc,GasA,Y,Attchd,,WD,Normal,IR2,Gtl,TA,TA,Gd,TA,Av,GLQ,Unf,Gd,SBrkr,TA,Typ,,Fin,TA,Y,,
0,0,0,0,6,0.0,360,2,816,6240,0,0,1,72,816,3,114500,0,1,1,400,0,0,112,52.0,1176,0,6,0,50,RM,Lvl,Inside,BrkSide,Norm,1Fam,1.5Fin,Gable,CompShg,Wd Sdng,Wd Sdng,,PConc,GasA,Y,Detchd,Shed,WD,Normal,Reg,Gtl,TA,TA,TA,TA,No,Unf,Unf,TA,SBrkr,TA,Typ,Gd,Unf,TA,Y,,MnPrv
0,712,0,1,5,0.0,0,2,816,8472,104,0,1,47,0,2,110000,0,1,0,0,0,0,106,110.0,816,0,5,0,90,RM,Bnk,Corner,IDOTRR,RRNn,Duplex,1Story,Gable,CompShg,Wd Sdng,Wd Sdng,,CBlock,GasA,N,CarPort,,WD,Normal,IR2,Mod,Fa,TA,Gd,TA,Gd,LwQ,GLQ,TA,SBrkr,TA,Typ,,Unf,TA,Y,,
0,0,1,2,9,0.0,0,3,1842,50271,1810,72,1,25,32,0,385000,0,0,1,0,0,0,857,68.0,1842,0,5,0,20,RL,Low,Inside,Veenker,Norm,1Fam,1Story,Gable,WdShngl,WdShing,Wd Shng,,CBlock,GasA,Y,Attchd,,WD,Normal,IR1,Gtl,Gd,TA,Ex,TA,Gd,GLQ,Unf,Gd,SBrkr,Gd,Typ,Gd,Fin,TA,Y,,
0,0,0,0,5,0.0,0,2,384,7134,384,50,1,52,0,3,130000,0,1,1,0,0,0,0,60.0,1360,0,5,0,80,RL,Bnk,Inside,NAmes,Norm,1Fam,SLvl,Gable,CompShg,MetalSd,MetalSd,,CBlock,GasA,Y,Detchd,,WD,Normal,Reg,Mod,TA,TA,TA,TA,No,ALQ,Unf,TA,SBrkr,TA,Min1,TA,Unf,TA,Y,,MnPrv
0,0,0,0,6,272.0,0,2,1425,10175,490,0,1,44,935,3,180500,0,2,1,0,0,0,0,100.0,1425,407,5,0,20,RL,Lvl,Inside,NAmes,Norm,1Fam,1Story,Gable,CompShg,HdBoard,Plywood,BrkFace,CBlock,GasA,Y,Attchd,,WD,Normal,IR1,Gtl,TA,TA,TA,TA,No,BLQ,Unf,Gd,SBrkr,TA,Typ,Gd,RFn,TA,Y,,
0,0,1,1,8,456.0,0,2,970,2645,649,0,1,10,321,3,172500,0,2,0,0,756,0,115,24.0,1739,0,5,0,160,FV,Lvl,Inside,Somerst,Norm,Twnhs,2Story,Gable,CompShg,MetalSd,MetalSd,BrkFace,PConc,GasA,Y,Attchd,,WD,Abnorml,Reg,Gtl,Gd,TA,Gd,TA,No,GLQ,Unf,Ex,SBrkr,Gd,Typ,,Fin,TA,Y,,
0,0,1,0,7,0.0,0,2,860,11645,0,70,1,2,860,3,196500,0,2,0,0,860,0,0,89.0,1720,0,5,0,60,RL,Lvl,Corner,CollgCr,Norm,1Fam,2Story,Gable,CompShg,VinylSd,VinylSd,,PConc,GasA,Y,Attchd,,WD,Normal,IR1,Gtl,Gd,TA,Gd,TA,No,Unf,Unf,Ex,SBrkr,Gd,Typ,,RFn,TA,Y,,
0,0,1,0,10,1031.0,0,3,1410,13682,0,0,1,0,1410,3,438780,37,3,1,0,1519,0,192,66.0,2945,0,5,0,60,RL,HLS,CulDSac,StoneBr,Norm,1Fam,2Story,Hip,CompShg,VinylSd,VinylSd,BrkFace,PConc,GasA,Y,BuiltIn,,New,Partial,IR2,Gtl,Ex,TA,Ex,TA,Gd,Unf,Unf,Ex,SBrkr,Gd,Typ,Gd,Fin,TA,Y,,
0,0,0,0,5,0.0,0,1,780,7200,632,0,1,36,148,2,124900,0,1,0,0,0,0,196,60.0,780,0,7,0,20,RL,Bnk,Inside,CollgCr,Norm,1Fam,1Story,Gable,CompShg,HdBoard,HdBoard,,CBlock,GasA,Y,Detchd,,WD,Normal,Reg,Gtl,TA,TA,TA,TA,Av,ALQ,Unf,Ex,SBrkr,TA,Typ,,Unf,TA,Y,,MnPrv
0,0,1,1,6,0.0,0,2,1158,13072,941,50,1,2,217,3,158000,0,1,0,0,0,0,0,63.0,1158,0,5,0,20,RL,Lvl,Inside,SawyerW,RRAe,1Fam,1Story,Gable,CompShg,VinylSd,VinylSd,,PConc,GasA,Y,Detchd,,New,Partial,Reg,Gtl,TA,TA,Gd,TA,No,ALQ,Unf,Ex,SBrkr,Gd,Typ,,Unf,TA,Y,,
0,0,0,0,5,0.0,0,1,530,7200,0,0,1,87,530,3,101000,144,1,0,0,530,0,0,60.0,1111,0,7,0,75,RM,Lvl,Inside,IDOTRR,Norm,1Fam,2.5Unf,Gable,CompShg,MetalSd,MetalSd,,BrkTil,GasA,N,Detchd,,WD,Normal,Reg,Gtl,TA,TA,TA,Fa,No,Unf,Unf,TA,SBrkr,Fa,Typ,,Unf,TA,N,,
0,0,0,0,8,178.0,0,2,1370,6442,24,49,1,1,1346,2,202500,0,2,1,0,0,0,120,44.0,1370,0,5,0,120,RL,Lvl,Inside,NridgHt,Norm,TwnhsE,1Story,Gable,CompShg,VinylSd,VinylSd,Stone,PConc,GasA,Y,Attchd,,WD,Normal,IR1,Gtl,Gd,TA,Gd,Gd,Mn,GLQ,Unf,Ex,SBrkr,Gd,Typ,Gd,RFn,TA,Y,,
0,0,0,0,7,0.0,0,2,576,10300,0,11,1,89,576,3,140000,64,2,0,0,808,0,12,50.0,1710,0,6,0,70,RM,Bnk,Inside,OldTown,RRAn,1Fam,2Story,Gable,CompShg,Stucco,Stucco,,BrkTil,GasA,Y,Detchd,,WD,Normal,IR1,Gtl,TA,TA,TA,TA,No,Unf,Unf,Gd,SBrkr,TA,Typ,,Unf,TA,Y,,GdPrv
0,0,1,1,7,573.0,0,2,1057,9375,739,36,1,12,318,3,219500,0,2,0,0,977,0,576,70.0,2034,0,5,0,60,RL,Lvl,Inside,CollgCr,Norm,1Fam,2Story,Gable,CompShg,VinylSd,VinylSd,BrkFace,PConc,GasA,Y,Attchd,,WD,Normal,Reg,Gtl,TA,TA,Gd,TA,No,GLQ,Unf,Ex,SBrkr,Gd,Typ,,RFn,TA,Y,,GdPrv
0,0,1,0,8,344.0,0,3,1143,9591,0,151,1,3,1143,4,317000,0,2,1,0,1330,0,192,76.0,2473,0,5,0,60,RL,Lvl,Inside,NridgHt,Norm,1Fam,2Story,Gable,CompShg,VinylSd,VinylSd,BrkFace,PConc,GasA,Y,BuiltIn,,WD,Normal,Reg,Gtl,Gd,TA,Ex,TA,Av,Unf,Unf,Ex,SBrkr,Gd,Typ,Gd,RFn,TA,Y,,
0,0,0,1,7,287.0,0,2,1947,19900,912,0,1,40,1035,3,180000,0,2,1,0,0,0,301,70.0,2207,0,5,0,20,RL,Lvl,Inside,NAmes,PosA,1Fam,1Story,Gable,CompShg,Plywood,Plywood,BrkFace,CBlock,GasA,Y,Attchd,,WD,Normal,Reg,Gtl,TA,TA,Gd,TA,Gd,GLQ,Unf,TA,SBrkr,TA,Min1,Gd,RFn,TA,Y,,
0,0,0,1,7,167.0,0,2,1453,10665,1013,29,1,4,440,3,226000,0,2,0,0,0,0,144,72.0,1479,0,5,0,20,RL,Lvl,Inside,CollgCr,Norm,1Fam,1Story,Gable,CompShg,VinylSd,VinylSd,BrkFace,PConc,GasA,Y,Attchd,,WD,Normal,IR1,Gtl,Gd,TA,Gd,TA,Av,GLQ,Unf,Ex,SBrkr,Gd,Typ,,RFn,TA,Y,,
0,0,0,0,4,0.0,0,1,747,4608,0,0,1,65,747,2,80000,0,1,0,0,0,0,0,47.0,747,0,6,0,30,RM,Lvl,Corner,OldTown,Artery,1Fam,1Story,Gable,CompShg,MetalSd,MetalSd,,CBlock,GasA,Y,Attchd,,WD,Normal,Reg,Gtl,TA,Gd,TA,TA,No,Unf,Unf,TA,SBrkr,TA,Typ,,Unf,TA,Y,,
0,0,0,0,7,0.0,0,2,1304,15593,603,21,1,53,701,3,225000,114,2,1,0,983,0,0,81.0,2287,0,4,0,50,RL,Lvl,Corner,ClearCr,Norm,1Fam,1.5Fin,Gable,CompShg,BrkFace,AsbShng,,CBlock,GasW,Y,Attchd,,WD,Normal,Reg,Gtl,Gd,TA,TA,TA,No,BLQ,Unf,TA,SBrkr,TA,Typ,TA,Fin,TA,Y,,
0,0,0,1,7,1115.0,0,2,2223,13651,1880,0,1,34,343,3,244000,0,2,2,0,0,0,300,95.0,2223,0,6,0,20,RL,Lvl,Inside,NAmes,Norm,1Fam,1Story,Gable,CompShg,Plywood,Plywood,BrkFace,CBlock,GasA,Y,Attchd,,WD,Normal,IR1,Gtl,TA,Gd,Gd,TA,Gd,ALQ,Unf,Ex,SBrkr,TA,Typ,Gd,Fin,TA,Y,,
0,0,0,1,4,0.0,0,2,845,7599,565,0,1,25,280,2,129500,0,1,0,0,0,0,0,69.0,845,0,6,0,20,RL,Lvl,Corner,Mitchel,Norm,1Fam,1Story,Gable,CompShg,HdBoard,Plywood,,CBlock,GasA,Y,Detchd,,WD,Normal,Reg,Gtl,TA,TA,TA,TA,No,ALQ,Unf,TA,SBrkr,TA,Typ,,Unf,TA,Y,,
0,0,1,0,7,40.0,0,2,832,10141,0,94,1,11,832,3,185000,0,2,1,0,833,291,0,74.0,1718,0,5,0,60,RL,Lvl,Corner,Gilbert,Norm,1Fam,2Story,Gable,CompShg,VinylSd,VinylSd,BrkFace,PConc,GasA,Y,Attchd,,WD,Normal,IR1,Gtl,TA,TA,Gd,TA,No,Unf,Unf,Gd,SBrkr,TA,Typ,TA,Fin,TA,Y,,
0,362,0,1,5,104.0,0,2,1086,10200,320,0,1,56,404,3,144900,0,1,0,0,0,0,0,85.0,1086,0,7,0,20,RL,Lvl,Inside,NAmes,Norm,1Fam,1Story,Gable,CompShg,Wd Sdng,Wd Sdng,BrkFace,CBlock,GasA,Y,Attchd,,WD,Normal,Reg,Gtl,TA,TA,TA,TA,No,ALQ,BLQ,Gd,SBrkr,TA,Typ,,Unf,TA,Y,,GdWo
0,0,0,0,3,0.0,0,1,840,5790,0,0,2,95,840,3,107400,202,2,0,0,765,0,0,60.0,1605,0,6,0,50,RM,Lvl,Corner,OldTown,Norm,1Fam,2Story,Gambrel,CompShg,VinylSd,VinylSd,,CBlock,GasA,N,Detchd,,WD,Normal,Reg,Gtl,Gd,Gd,Fa,TA,No,Unf,Unf,Gd,SBrkr,TA,Typ,,Unf,TA,Y,,
0,0,0,1,4,0.0,0,1,462,1596,462,101,1,36,0,2,91000,0,1,0,0,462,0,120,21.0,988,0,5,0,180,RM,Lvl,Inside,MeadowV,Norm,Twnhs,SLvl,Gable,CompShg,CemntBd,CmentBd,,CBlock,GasA,Y,BuiltIn,,WD,Normal,Reg,Gtl,TA,TA,Gd,TA,Gd,GLQ,Unf,TA,SBrkr,TA,Typ,,Unf,TA,Y,,GdWo
0,0,0,0,4,0.0,0,1,952,8475,228,0,1,52,724,2,135750,0,1,0,0,0,0,0,70.0,952,0,7,0,20,RL,Lvl,Inside,NAmes,Norm,1Fam,1Story,Gable,CompShg,VinylSd,VinylSd,,CBlock,GasA,Y,Detchd,,WD,Normal,IR1,Gtl,TA,TA,TA,TA,No,ALQ,Unf,Ex,FuseA,TA,Typ,,Unf,TA,Y,,
0,41,0,1,5,0.0,0,1,672,8635,336,0,1,60,295,2,127000,0,1,0,0,213,0,0,50.0,1285,0,5,0,50,RM,Lvl,Inside,BrkSide,Norm,1Fam,1.5Fin,Gable,CompShg,Wd Sdng,Wd Sdng,,CBlock,GasA,Y,Detchd,,WD,Normal,Reg,Gtl,TA,TA,TA,TA,No,BLQ,GLQ,TA,SBrkr,TA,Min1,,Unf,TA,Y,,MnPrv
0,0,0,0,4,0.0,0,0,1768,10778,0,0,2,42,1768,4,136500,0,2,0,0,0,0,0,72.0,1768,0,5,0,90,RL,Lvl,Inside,Sawyer,Norm,Duplex,1Story,Hip,CompShg,HdBoard,HdBoard,,CBlock,GasA,N,,,WD,Normal,Reg,Gtl,TA,TA,TA,TA,No,Unf,Unf,TA,SBrkr,TA,Typ,,,,Y,,
0,0,1,0,5,0.0,0,2,440,10440,0,0,1,99,440,2,110000,128,1,0,0,548,0,74,60.0,1230,0,6,0,50,RM,Lvl,Corner,OldTown,Norm,1Fam,2Story,Gable,CompShg,Wd Sdng,Wd Sdng,,PConc,GasA,Y,Detchd,,WD,Normal,Reg,Gtl,TA,TA,TA,TA,No,Unf,Unf,Gd,SBrkr,TA,Typ,,Unf,TA,Y,,MnPrv
0,0,1,0,6,576.0,0,1,896,13000,448,72,1,41,448,4,193500,0,2,1,0,960,252,0,100.0,2142,0,6,0,60,RL,Lvl,Corner,NAmes,Norm,1Fam,2Story,Gable,CompShg,VinylSd,VinylSd,BrkFace,CBlock,GasA,Y,Attchd,,WD,Normal,Reg,Gtl,TA,Gd,Gd,TA,No,Rec,Unf,TA,SBrkr,Gd,Typ,Gd,Fin,TA,Y,,
0,0,0,1,6,443.0,0,2,1237,4500,1201,199,1,8,36,2,153500,0,2,0,0,0,0,0,32.0,1337,0,5,0,120,RM,Lvl,FR2,Mitchel,Norm,TwnhsE,1Story,Hip,CompShg,VinylSd,VinylSd,BrkFace,PConc,GasA,Y,Attchd,,WD,Normal,Reg,Gtl,TA,Gd,Ex,Gd,No,GLQ,Unf,Ex,SBrkr,TA,Typ,,Fin,TA,Y,,
0,0,0,0,8,468.0,0,3,1563,10206,33,99,1,1,1530,3,245000,0,2,1,0,0,0,144,78.0,1563,0,5,0,20,RL,Lvl,Inside,Somerst,Norm,1Fam,1Story,Gable,CompShg,VinylSd,VinylSd,Stone,PConc,GasA,Y,Attchd,,WD,Normal,Reg,Gtl,TA,TA,Gd,TA,No,GLQ,Unf,Ex,SBrkr,Gd,Typ,Gd,RFn,TA,Y,,
0,0,1,0,5,66.0,0,2,1065,8892,0,0,1,47,1065,3,126500,0,1,0,0,0,0,74,80.0,1065,0,5,0,20,RL,Lvl,Inside,NAmes,Norm,1Fam,1Story,Gable,CompShg,MetalSd,MetalSd,BrkCmn,CBlock,GasA,Y,Detchd,,COD,Normal,IR1,Gtl,TA,TA,TA,TA,No,Unf,Unf,Gd,SBrkr,TA,Typ,,Unf,TA,Y,,
0,0,1,0,7,22.0,0,2,384,8530,0,72,1,14,384,3,168500,0,2,1,700,670,0,120,70.0,1474,0,5,0,80,RL,Lvl,Inside,Gilbert,Norm,1Fam,SLvl,Gable,CompShg,HdBoard,HdBoard,BrkFace,PConc,GasA,Y,BuiltIn,Shed,WD,Normal,IR1,Gtl,TA,TA,Gd,TA,No,Unf,Unf,Gd,SBrkr,TA,Typ,TA,Fin,TA,Y,,
0,0,1,0,8,284.0,0,2,1288,16059,0,82,1,15,1288,4,260000,0,2,1,0,1116,0,127,121.0,2417,0,5,0,60,RL,Lvl,Corner,NoRidge,Norm,1Fam,2Story,Hip,CompShg,HdBoard,HdBoard,BrkFace,CBlock,GasA,Y,Attchd,,WD,Normal,Reg,Gtl,Gd,TA,Gd,TA,No,Unf,Unf,Ex,SBrkr,Gd,Typ,TA,Unf,TA,Y,,
0,0,1,0,6,0.0,0,2,684,11911,0,38,1,4,684,3,174000,0,2,1,0,876,0,100,122.0,1560,0,5,0,60,RL,Lvl,Inside,Gilbert,Norm,1Fam,2Story,Gable,CompShg,VinylSd,VinylSd,,PConc,GasA,Y,BuiltIn,,WD,Normal,IR2,Gtl,Gd,TA,Gd,TA,Av,Unf,Unf,Ex,SBrkr,Gd,Typ,Gd,Fin,TA,Y,,
0,0,1,0,6,76.0,0,2,612,3951,0,234,1,0,612,2,164500,0,2,0,0,612,0,0,40.0,1224,0,5,0,160,FV,Lvl,Corner,Somerst,Norm,TwnhsE,2Story,Gable,CompShg,VinylSd,VinylSd,Stone,PConc,GasA,Y,Detchd,,New,Partial,Reg,Gtl,Gd,TA,Gd,TA,Av,Unf,Unf,Ex,SBrkr,Gd,Typ,,RFn,TA,Y,,
0,0,0,0,3,0.0,513,0,1013,8470,0,0,1,94,1013,2,85000,156,1,0,0,0,0,0,105.0,1526,0,2,0,50,C (all),Lvl,Corner,IDOTRR,Feedr,1Fam,1.5Fin,Hip,CompShg,Plywood,Plywood,,CBlock,GasA,N,,,ConLD,Abnorml,IR1,Gtl,Fa,Fa,TA,Fa,No,Unf,Unf,TA,SBrkr,Fa,Typ,,,,N,,MnPrv
0,0,0,1,4,0.0,0,0,990,8070,588,0,1,13,402,3,123600,0,1,0,0,0,0,0,60.0,990,0,5,0,20,RL,Lvl,Inside,CollgCr,Norm,1Fam,1Story,Gable,CompShg,VinylSd,VinylSd,,PConc,GasA,Y,,,WD,Normal,Reg,Gtl,TA,TA,Gd,TA,No,GLQ,Unf,Ex,SBrkr,TA,Typ,,,,Y,,
0,0,0,0,4,0.0,0,2,0,7200,0,29,1,56,0,2,109900,0,1,0,0,0,0,0,60.0,1040,0,5,0,20,RL,Lvl,Inside,NAmes,Norm,1Fam,1Story,Gable,CompShg,BrkFace,Wd Sdng,,Slab,GasA,Y,Detchd,,WD,Normal,Reg,Gtl,TA,TA,,,,,,TA,FuseA,TA,Typ,,Unf,TA,Y,,
0,0,0,0,5,203.0,0,2,1235,8500,600,0,1,45,635,2,98600,0,1,0,0,0,0,0,85.0,1235,0,3,0,20,RL,Lvl,Inside,NAmes,Norm,1Fam,1Story,Hip,CompShg,HdBoard,HdBoard,BrkCmn,CBlock,GasA,Y,Attchd,,WD,Abnorml,Reg,Gtl,TA,TA,TA,TA,No,Rec,Unf,TA,SBrkr,TA,Typ,,Unf,TA,Y,,GdWo
0,0,0,1,5,0.0,0,2,876,13360,713,0,1,88,163,2,163500,44,1,0,0,0,0,0,80.0,964,0,7,0,30,RL,HLS,Inside,Crawfor,Norm,1Fam,1Story,Gable,CompShg,Wd Sdng,Wd Sdng,,BrkTil,GasA,Y,Detchd,,WD,Normal,IR1,Gtl,TA,Gd,Gd,TA,No,ALQ,Unf,Ex,SBrkr,TA,Typ,,Unf,TA,Y,,
1,0,0,0,6,0.0,0,2,1214,7200,1046,0,2,97,168,4,133900,0,2,1,0,1031,99,0,60.0,2291,0,6,0,190,C (all),Lvl,Corner,OldTown,Norm,2fmCon,2.5Unf,Hip,CompShg,MetalSd,MetalSd,,BrkTil,GasW,N,Detchd,,WD,Normal,Reg,Gtl,TA,TA,TA,Fa,Mn,Rec,Unf,Ex,SBrkr,TA,Typ,Gd,Unf,TA,Y,,
0,0,1,1,6,0.0,0,2,824,9337,648,162,1,10,176,3,204750,0,2,0,0,881,0,0,69.0,1786,0,5,0,60,RL,Lvl,Inside,CollgCr,Norm,1Fam,2Story,Gable,CompShg,VinylSd,VinylSd,,PConc,GasA,Y,Attchd,,WD,Normal,IR1,Gtl,TA,Gd,Gd,TA,No,GLQ,Unf,Ex,SBrkr,Gd,Typ,,RFn,TA,Y,,
0,0,1,0,6,68.0,0,2,680,9765,310,63,1,16,370,3,185000,0,2,1,480,790,0,232,70.0,1470,0,8,0,60,RL,Lvl,Corner,Gilbert,Norm,1Fam,2Story,Gable,CompShg,VinylSd,VinylSd,BrkFace,PConc,GasA,Y,BuiltIn,Shed,WD,Normal,IR2,Gtl,Ex,Gd,Gd,Gd,No,ALQ,Unf,Gd,SBrkr,TA,Typ,TA,Fin,TA,Y,,
0,0,0,0,7,183.0,0,2,1588,10264,1162,29,1,7,426,3,214000,0,2,0,0,0,0,158,78.0,1588,0,5,0,20,RL,Lvl,Inside,CollgCr,Norm,1Fam,1Story,Gable,CompShg,VinylSd,VinylSd,BrkFace,PConc,GasA,Y,Attchd,,WD,Normal,IR1,Gtl,Gd,TA,Gd,TA,Av,ALQ,Unf,Ex,SBrkr,Gd,Typ,,RFn,TA,Y,,
0,0,0,1,4,48.0,0,1,960,10921,520,0,1,42,440,3,94750,0,1,0,0,0,0,120,73.0,960,0,5,0,20,RL,HLS,Inside,Edwards,Norm,1Fam,1Story,Hip,CompShg,HdBoard,HdBoard,BrkFace,CBlock,GasA,Y,Attchd,,WD,Normal,Reg,Gtl,TA,TA,TA,TA,No,Rec,Unf,TA,FuseF,TA,Typ,,Fin,TA,P,,
0,0,0,0,5,0.0,0,1,458,10625,108,0,1,90,350,2,83000,77,1,0,400,0,0,0,85.0,835,0,5,0,30,RL,Lvl,Corner,Edwards,Norm,1Fam,1Story,Gable,CompShg,Wd Sdng,Wd Sdng,,BrkTil,GasA,N,Basment,Shed,COD,Abnorml,Reg,Gtl,TA,TA,TA,TA,No,ALQ,Unf,Fa,SBrkr,TA,Typ,,Unf,Fa,Y,,
0,0,1,1,4,0.0,0,0,950,9320,569,0,1,51,381,3,128950,0,1,0,400,0,0,352,77.0,1225,0,5,0,20,RL,Lvl,Inside,NAmes,Norm,1Fam,1Story,Gable,CompShg,Plywood,Plywood,,CBlock,GasA,Y,,Shed,WD,Normal,IR1,Gtl,TA,TA,TA,TA,No,ALQ,Unf,Fa,SBrkr,TA,Typ,,,,Y,,
0,0,0,1,6,28.0,0,2,1610,10603,1200,68,1,33,410,3,205000,0,2,2,0,0,0,168,70.0,1610,0,7,0,20,RL,Lvl,Inside,NWAmes,Norm,1Fam,1Story,Gable,CompShg,Plywood,Plywood,BrkFace,PConc,GasA,Y,Attchd,,WD,Normal,IR1,Gtl,TA,TA,TA,TA,Mn,ALQ,Unf,Gd,SBrkr,Gd,Typ,TA,RFn,TA,Y,,
0,0,1,0,6,336.0,0,2,741,9206,0,46,1,25,741,3,178000,0,2,1,0,755,0,192,77.0,1732,0,5,0,60,RL,Lvl,Inside,SawyerW,Norm,1Fam,2Story,Gable,CompShg,HdBoard,HdBoard,BrkFace,CBlock,GasA,Y,Attchd,,WD,Normal,Reg,Gtl,Gd,TA,Gd,TA,No,Unf,Unf,TA,SBrkr,Gd,Typ,TA,Fin,TA,Y,,
0,0,0,0,5,0.0,0,2,0,7018,0,0,2,30,0,4,118964,0,2,0,0,0,0,0,64.0,1535,0,5,0,90,RL,Bnk,Inside,SawyerW,Norm,Duplex,1Story,Gable,CompShg,HdBoard,HdBoard,,Slab,GasA,Y,Attchd,,WD,Alloca,Reg,Gtl,TA,Fa,,,,,,TA,SBrkr,TA,Typ,,Unf,TA,Y,,
0,0,0,0,7,0.0,0,3,1226,10402,0,36,1,1,1226,3,198900,0,2,0,0,0,0,0,94.0,1226,0,5,0,20,RL,Lvl,Corner,CollgCr,Norm,1Fam,1Story,Gable,CompShg,VinylSd,VinylSd,,PConc,GasA,Y,Attchd,,WD,Normal,IR1,Gtl,TA,TA,Gd,TA,No,Unf,Unf,Ex,SBrkr,Gd,Typ,,RFn,TA,Y,,
0,0,1,0,7,600.0,0,1,1040,7758,224,0,1,76,816,4,169500,0,1,2,0,592,184,0,70.0,1818,0,4,0,50,RM,Lvl,Corner,IDOTRR,Norm,1Fam,1.5Fin,Gable,CompShg,Stucco,Stucco,BrkFace,PConc,GasA,Y,Detchd,,WD,Normal,Reg,Gtl,TA,Fa,TA,TA,No,LwQ,Unf,Ex,FuseF,TA,Typ,TA,Unf,TA,Y,,
0,0,1,0,8,768.0,0,2,1053,9375,0,45,1,5,1053,3,250000,0,2,1,0,939,0,140,75.0,1992,0,5,0,60,FV,Lvl,Inside,Somerst,Norm,1Fam,2Story,Hip,CompShg,VinylSd,VinylSd,BrkFace,PConc,GasA,Y,Attchd,,WD,Normal,Reg,Gtl,Gd,TA,Ex,TA,No,Unf,Unf,Ex,SBrkr,Gd,Typ,Gd,RFn,TA,Y,,
0,0,0,0,4,0.0,0,1,641,10800,0,0,1,122,641,2,100000,0,1,0,450,0,0,0,60.0,1047,0,7,0,30,RM,Lvl,Inside,OldTown,Norm,1Fam,1Story,Mansard,CompShg,VinylSd,VinylSd,,BrkTil,GasA,Y,Detchd,Shed,WD,Normal,Reg,Gtl,TA,TA,Fa,TA,No,Unf,Unf,Gd,SBrkr,TA,Typ,,Unf,Fa,N,,
0,169,0,0,5,0.0,0,1,789,6000,104,0,1,60,516,2,115000,0,1,0,0,0,0,0,50.0,789,0,5,0,20,RM,Lvl,Inside,OldTown,Norm,1Fam,1Story,Gable,CompShg,VinylSd,VinylSd,,CBlock,GasA,Y,Detchd,,WD,Partial,Reg,Gtl,TA,TA,TA,TA,No,ALQ,BLQ,Ex,SBrkr,TA,Typ,,Unf,TA,Y,,
0,0,0,0,5,0.0,0,0,793,8500,0,0,1,88,793,3,115000,144,2,0,0,520,0,0,85.0,1517,0,7,0,50,RM,Lvl,Corner,IDOTRR,Artery,1Fam,1.5Fin,Gable,CompShg,CemntBd,CmentBd,,CBlock,GasW,N,,,WD,Normal,Reg,Gtl,TA,TA,TA,TA,No,Unf,Unf,TA,FuseF,Fa,Typ,,,,N,,
0,0,0,0,6,480.0,0,2,1844,11751,705,122,1,33,1139,3,190000,0,2,1,0,0,0,0,105.0,1844,0,6,0,20,RL,Lvl,Inside,NWAmes,Norm,1Fam,1Story,Hip,CompShg,Plywood,Plywood,BrkFace,CBlock,GasA,Y,Attchd,,COD,Normal,IR1,Gtl,TA,TA,Gd,TA,No,BLQ,Unf,Ex,SBrkr,TA,Typ,TA,RFn,TA,Y,,MnPrv
0,0,0,0,6,0.0,0,1,994,9525,444,0,1,52,550,4,136900,0,2,0,0,639,0,182,75.0,1855,0,4,0,50,RL,Lvl,Inside,Edwards,Norm,1Fam,1.5Fin,Gable,CompShg,Wd Sdng,Wd Sdng,,CBlock,GasA,Y,Attchd,,WD,Normal,Reg,Gtl,TA,TA,TA,Fa,No,Rec,Unf,Gd,SBrkr,TA,Typ,,Unf,TA,Y,,
0,0,1,0,7,0.0,0,2,384,7750,250,0,1,10,134,3,180000,0,2,1,0,656,0,180,70.0,1430,0,5,0,80,RL,Lvl,Inside,Gilbert,Norm,1Fam,SLvl,Gable,CompShg,VinylSd,VinylSd,,PConc,GasA,Y,BuiltIn,,WD,Normal,IR1,Gtl,TA,TA,Gd,TA,No,GLQ,Unf,Ex,SBrkr,TA,Typ,TA,Fin,TA,Y,,
0,0,1,1,7,220.0,0,3,1264,9965,984,184,1,0,280,4,383970,0,2,1,0,1414,168,120,77.0,2696,0,5,0,60,RL,Lvl,Inside,CollgCr,Norm,1Fam,2Story,Gable,CompShg,VinylSd,VinylSd,Stone,PConc,GasA,Y,BuiltIn,,New,Partial,Reg,Gtl,Gd,TA,Ex,TA,Av,GLQ,Unf,Ex,SBrkr,Ex,Typ,Gd,Fin,TA,Y,,
0,869,0,1,6,184.0,0,2,1809,21000,35,120,1,54,905,3,217000,192,2,2,0,0,0,166,70.0,2259,0,5,0,20,RL,Bnk,Corner,Crawfor,Norm,1Fam,1Story,Hip,CompShg,Wd Sdng,Wd Sdng,BrkFace,CBlock,GasA,Y,Basment,,COD,Abnorml,Reg,Gtl,TA,Gd,Gd,TA,Mn,ALQ,Rec,TA,SBrkr,Gd,Typ,Gd,Unf,TA,Y,,MnPrv
0,150,1,1,6,0.0,0,1,1028,7259,774,0,1,62,104,3,259500,0,2,1,0,884,0,224,61.0,2320,0,8,0,70,RL,Lvl,Inside,Crawfor,Norm,1Fam,2Story,Gambrel,CompShg,Wd Sdng,Wd Sdng,,CBlock,GasA,Y,Detchd,,WD,Normal,IR1,Mod,TA,TA,TA,TA,No,ALQ,LwQ,Ex,SBrkr,Gd,Typ,TA,Unf,TA,Y,,MnPrv
0,0,1,0,6,1129.0,0,2,729,3230,419,32,1,8,310,2,176000,0,2,1,0,729,0,0,34.0,1458,0,5,0,160,FV,Lvl,Corner,Somerst,Norm,TwnhsE,2Story,Gable,CompShg,MetalSd,MetalSd,BrkFace,PConc,GasA,Y,Detchd,,WD,Normal,Reg,Gtl,TA,TA,Gd,TA,No,GLQ,Unf,Gd,SBrkr,TA,Typ,Fa,Unf,TA,Y,,
1,670,0,0,5,116.0,0,1,1092,11616,170,20,1,47,252,3,139000,144,1,1,0,0,0,0,70.0,1092,0,5,0,20,RL,Lvl,Inside,Sawyer,Norm,1Fam,1Story,Gable,CompShg,Wd Sdng,Wd Sdng,BrkFace,CBlock,GasA,Y,Attchd,,WD,Normal,Reg,Gtl,TA,TA,TA,TA,No,LwQ,BLQ,TA,SBrkr,TA,Typ,Po,Unf,TA,Y,,
0,0,1,0,5,0.0,0,2,1125,8536,0,64,1,1,1125,2,155000,0,1,0,0,0,0,80,74.0,1125,0,5,0,20,RL,Lvl,Corner,Edwards,Norm,1Fam,1Story,Gable,CompShg,VinylSd,VinylSd,,PConc,GasA,Y,Attchd,,New,Partial,Reg,Gtl,TA,TA,Gd,TA,No,Unf,Unf,Gd,SBrkr,TA,Typ,,Unf,TA,Y,,
0,0,0,1,7,0.0,0,3,1673,12376,1470,0,1,20,203,5,320000,0,3,2,0,1523,0,367,90.0,3222,0,5,0,60,RL,Lvl,Corner,SawyerW,Norm,1Fam,2Story,Hip,CompShg,Plywood,Plywood,,PConc,GasA,Y,Attchd,,WD,Normal,Reg,Gtl,TA,TA,Gd,TA,Mn,GLQ,Unf,Gd,SBrkr,Gd,Typ,TA,Unf,TA,Y,,
0,0,1,0,6,0.0,0,2,728,8461,0,24,1,1,728,3,163990,0,2,1,0,728,0,0,65.0,1456,0,5,0,60,RL,Lvl,Inside,CollgCr,Norm,1Fam,2Story,Gable,CompShg,VinylSd,VinylSd,,PConc,GasA,Y,Attchd,,New,Partial,Reg,Gtl,Gd,TA,Gd,TA,No,Unf,Unf,Ex,SBrkr,Gd,Typ,Gd,Fin,TA,Y,,
0,0,0,1,6,0.0,0,2,938,21453,938,130,1,37,0,1,180000,0,1,2,0,0,0,0,70.0,988,130,5,0,80,RL,Low,CulDSac,ClearCr,Norm,1Fam,SLvl,Flat,Metal,Plywood,Plywood,,CBlock,GasA,Y,Attchd,,WD,Normal,IR1,Sev,TA,TA,TA,TA,Gd,ALQ,Unf,Ex,SBrkr,TA,Typ,TA,Unf,TA,Y,,
0,0,0,0,4,0.0,0,1,732,6060,0,0,1,68,732,3,100000,140,1,0,0,351,0,0,50.0,1123,0,5,0,50,RM,Lvl,Inside,IDOTRR,Norm,1Fam,1.5Fin,Gable,CompShg,AsbShng,AsbShng,,PConc,GasA,Y,Detchd,,WD,Normal,Reg,Gtl,TA,TA,TA,TA,No,Unf,Unf,Gd,SBrkr,TA,Typ,,Unf,TA,P,,MnPrv
0,0,0,0,6,135.0,0,1,1080,9464,570,0,1,50,510,3,136000,0,1,0,0,0,130,0,75.0,1080,0,7,0,20,RL,Lvl,Corner,NAmes,Norm,1Fam,1Story,Hip,CompShg,MetalSd,MetalSd,BrkFace,CBlock,GasA,Y,Attchd,,WD,Normal,Reg,Gtl,TA,Gd,TA,TA,No,BLQ,Unf,Gd,SBrkr,TA,Typ,,Unf,TA,Y,,
0,0,0,0,6,0.0,0,2,1199,7892,300,63,1,15,899,2,153900,0,2,0,0,0,0,0,55.0,1199,0,5,0,120,RL,Lvl,Inside,SawyerW,Norm,TwnhsE,1Story,Gable,CompShg,Plywood,Plywood,,PConc,GasA,Y,Attchd,,WD,Normal,Reg,Gtl,Gd,TA,Gd,TA,No,GLQ,Unf,Ex,SBrkr,Gd,Typ,,RFn,TA,Y,,
0,0,0,0,6,0.0,0,2,1362,17043,0,0,1,30,1362,3,181000,0,2,1,0,0,0,192,48.0,1586,0,5,0,20,RL,Lvl,CulDSac,NWAmes,Norm,1Fam,1Story,Gable,CompShg,HdBoard,HdBoard,,CBlock,GasA,Y,Attchd,,WD,Normal,IR1,Gtl,TA,Gd,Gd,Fa,No,Unf,Unf,TA,SBrkr,TA,Typ,TA,Unf,TA,Y,,
0,0,0,1,6,0.0,234,0,520,6780,490,0,1,71,30,2,84500,0,1,0,0,0,0,53,60.0,754,0,8,0,190,RM,Lvl,Inside,IDOTRR,Norm,2fmCon,1.5Fin,Gable,CompShg,Wd Sdng,Wd Sdng,,CBlock,GasA,N,,,WD,Normal,Reg,Gtl,TA,Fa,TA,TA,Av,GLQ,Unf,Gd,SBrkr,TA,Typ,,,,N,,
0,0,0,0,6,0.0,0,2,1078,4928,120,205,1,31,958,2,128000,0,2,1,0,0,0,0,70.0,958,0,5,0,120,RL,Lvl,Inside,NPkVill,Norm,TwnhsE,1Story,Gable,CompShg,Plywood,Plywood,,CBlock,GasA,Y,Attchd,,WD,Normal,IR1,Gtl,TA,TA,Gd,TA,No,ALQ,Unf,TA,SBrkr,TA,Typ,TA,RFn,TA,Y,,
0,0,0,0,5,0.0,0,0,672,4388,116,0,1,77,556,3,87000,0,1,1,0,0,0,0,55.0,840,0,7,0,45,RM,Bnk,Inside,OldTown,Feedr,1Fam,1.5Unf,Gable,CompShg,WdShing,Wd Sdng,,BrkTil,GasA,Y,,,WD,Normal,IR1,Gtl,TA,Gd,TA,TA,No,LwQ,Unf,Ex,SBrkr,TA,Typ,TA,,,N,,
0,0,1,0,6,266.0,0,2,660,7590,512,108,1,40,148,3,155000,0,1,1,0,688,0,188,69.0,1348,0,5,0,60,RL,Lvl,Inside,NAmes,PosN,1Fam,2Story,Gable,CompShg,VinylSd,VinylSd,BrkFace,CBlock,GasA,Y,Attchd,,WD,Normal,Reg,Gtl,TA,TA,TA,TA,No,BLQ,Unf,TA,SBrkr,TA,Typ,Fa,RFn,TA,Y,,
1,28,1,0,5,85.0,0,2,1008,8973,567,80,1,48,413,3,150000,0,1,0,0,0,0,0,69.0,1053,180,7,0,20,RL,Lvl,Inside,NAmes,Norm,1Fam,1Story,Gable,CompShg,Plywood,Plywood,BrkFace,CBlock,GasA,Y,2Types,,WD,Abnorml,Reg,Gtl,TA,TA,TA,TA,No,Rec,BLQ,TA,FuseA,Ex,Typ,,RFn,TA,Y,,MnWw
0,0,1,0,7,309.0,0,2,924,14200,445,66,1,40,479,4,226000,0,2,2,0,941,0,105,88.0,2157,0,6,0,60,RL,Lvl,Corner,NAmes,Norm,1Fam,2Story,Gable,CompShg,MetalSd,MetalSd,BrkFace,CBlock,GasA,Y,Attchd,,WD,Normal,Reg,Gtl,TA,TA,TA,TA,No,Rec,Unf,Ex,SBrkr,Gd,Typ,Gd,Fin,TA,Y,,GdPrv
0,0,1,1,6,40.0,0,2,992,12224,695,48,1,9,297,3,244000,0,2,1,0,1032,0,24,70.0,2054,0,5,0,60,RL,Lvl,Corner,Gilbert,Norm,1Fam,2Story,Gable,CompShg,VinylSd,VinylSd,BrkFace,PConc,GasA,Y,BuiltIn,,WD,Normal,IR1,Gtl,Gd,TA,Gd,TA,No,GLQ,Unf,Ex,SBrkr,Gd,Typ,TA,RFn,TA,Y,,
0,0,0,1,5,0.0,0,2,1063,7388,405,0,1,48,658,3,150750,0,1,0,0,0,0,0,75.0,1327,0,6,0,20,RL,Lvl,Corner,NAmes,Norm,1Fam,1Story,Gable,CompShg,MetalSd,MetalSd,,CBlock,GasA,Y,Detchd,,WD,Normal,Reg,Gtl,TA,TA,TA,TA,No,Rec,Unf,Gd,SBrkr,Gd,Typ,,Unf,TA,Y,,
0,0,0,1,8,136.0,0,2,1267,6853,1005,25,1,8,262,2,220000,0,2,0,0,0,0,192,70.0,1296,0,5,0,20,RL,Lvl,Inside,Timber,Norm,1Fam,1Story,Gable,CompShg,VinylSd,VinylSd,BrkFace,PConc,GasA,Y,Attchd,,WD,Normal,IR1,Gtl,Gd,TA,Ex,TA,No,GLQ,Unf,Ex,SBrkr,Gd,Typ,,Fin,TA,Y,,
0,0,1,0,5,0.0,0,2,1461,10335,570,96,1,38,891,3,180000,180,2,1,0,0,0,0,78.0,1721,0,6,0,20,RL,Lvl,Inside,Sawyer,Norm,1Fam,1Story,Gable,CompShg,Plywood,Plywood,,CBlock,GasA,Y,Attchd,,WD,Normal,IR1,Gtl,TA,TA,TA,TA,No,Rec,Unf,Gd,SBrkr,TA,Min1,TA,RFn,TA,Y,,MnPrv
0,0,0,0,7,288.0,0,2,1304,10400,0,0,1,38,1304,3,174000,0,2,1,0,0,0,98,80.0,1682,0,6,0,20,RL,Lvl,Inside,NWAmes,Norm,1Fam,1Story,Hip,CompShg,Plywood,Plywood,BrkFace,PConc,GasA,Y,Attchd,,WD,Normal,Reg,Gtl,TA,TA,TA,TA,No,Unf,Unf,Gd,SBrkr,TA,Typ,Gd,Unf,TA,Y,,MnPrv
0,0,0,0,5,196.0,0,1,1214,10355,695,111,1,40,519,3,143000,0,2,1,0,0,0,0,70.0,1214,0,5,0,20,RL,Lvl,Corner,NAmes,Norm,1Fam,1Story,Gable,CompShg,MetalSd,MetalSd,BrkFace,CBlock,GasA,Y,Attchd,,WD,Normal,IR1,Gtl,TA,TA,TA,TA,No,BLQ,Unf,TA,SBrkr,TA,Typ,Fa,RFn,TA,Y,,
0,0,0,0,7,70.0,0,3,1907,11070,0,0,2,18,1907,5,171000,0,3,0,0,0,0,0,82.0,1959,0,5,0,90,RL,Lvl,Inside,Mitchel,Norm,Duplex,1Story,Gable,CompShg,VinylSd,VinylSd,BrkFace,CBlock,GasA,Y,2Types,,WD,Family,Reg,Gtl,TA,TA,TA,TA,No,Unf,Unf,Gd,SBrkr,TA,Typ,,Unf,TA,Y,,
0,0,1,0,8,320.0,0,3,1004,9066,668,106,1,9,336,3,230000,0,2,2,0,848,0,224,73.0,1852,0,5,0,60,RL,Lvl,Inside,CollgCr,Norm,1Fam,2Story,Gable,CompShg,VinylSd,VinylSd,BrkFace,PConc,GasA,Y,Attchd,,WD,Normal,IR1,Gtl,Gd,TA,Gd,TA,Mn,GLQ,Unf,Ex,SBrkr,Gd,Typ,TA,Fin,TA,Y,,GdPrv
0,0,1,1,6,0.0,0,2,928,15426,821,99,1,12,107,3,231500,0,2,0,0,836,0,276,65.0,1764,0,5,0,60,RL,Lvl,Inside,CollgCr,Norm,1Fam,2Story,Gable,CompShg,VinylSd,VinylSd,,PConc,GasA,Y,Attchd,,WD,Normal,IR1,Gtl,TA,TA,Gd,TA,No,GLQ,Unf,Ex,SBrkr,Gd,Typ,,RFn,TA,Y,,MnPrv
0,0,0,0,4,0.0,0,0,864,10500,432,0,1,39,432,3,115000,0,1,1,0,0,0,0,70.0,864,0,5,0,20,RL,Lvl,FR2,NAmes,Norm,1Fam,1Story,Gable,CompShg,HdBoard,HdBoard,,CBlock,GasA,Y,,,ConLI,Normal,Reg,Gtl,TA,TA,TA,TA,No,ALQ,Unf,TA,SBrkr,TA,Typ,Po,,,Y,,
0,0,0,1,7,0.0,0,2,1734,11645,1300,24,1,1,434,3,260000,0,2,0,0,0,0,160,78.0,1734,0,5,0,20,RL,Lvl,Inside,CollgCr,Norm,1Fam,1Story,Gable,CompShg,VinylSd,VinylSd,,PConc,GasA,Y,Attchd,,WD,Normal,Reg,Gtl,Gd,TA,Gd,TA,Av,GLQ,Unf,Ex,SBrkr,Gd,Typ,,Fin,TA,Y,,
0,0,0,0,5,0.0,0,2,910,8520,507,0,1,58,403,4,166000,0,2,0,0,475,0,0,71.0,1385,0,4,0,50,RL,Lvl,Corner,NAmes,Artery,1Fam,1.5Fin,Gable,CompShg,BrkFace,Wd Sdng,,CBlock,GasA,Y,Detchd,,WD,Normal,Reg,Gtl,TA,Fa,TA,TA,No,Rec,Unf,Fa,SBrkr,TA,Typ,,Unf,TA,Y,,MnPrv
0,0,0,1,7,183.0,0,2,1490,10335,679,29,1,10,811,3,204000,0,2,0,0,0,0,144,78.0,1501,0,5,0,20,RL,Lvl,Inside,CollgCr,Norm,1Fam,1Story,Gable,CompShg,VinylSd,VinylSd,BrkFace,PConc,GasA,Y,Attchd,,WD,Normal,IR1,Gtl,Gd,TA,Gd,TA,Gd,GLQ,Unf,Ex,SBrkr,Gd,Typ,,RFn,TA,Y,,
0,0,0,1,5,336.0,0,2,1728,9100,1332,0,2,43,396,6,125000,0,2,0,0,0,0,0,70.0,1728,0,5,0,90,RM,Lvl,Inside,Sawyer,RRAe,Duplex,1Story,Gable,CompShg,HdBoard,HdBoard,BrkFace,CBlock,GasA,Y,Detchd,,ConLI,Abnorml,Reg,Gtl,TA,TA,TA,TA,No,Rec,Unf,TA,SBrkr,TA,Typ,,Unf,TA,Y,,
0,0,0,0,6,50.0,0,2,970,2522,0,40,1,2,970,3,130000,0,2,0,0,739,0,0,24.0,1709,0,5,0,160,RM,Lvl,Inside,Edwards,Norm,Twnhs,2Story,Gable,CompShg,VinylSd,VinylSd,Stone,PConc,GasA,Y,Detchd,,WD,Normal,Reg,Gtl,Gd,TA,Gd,TA,No,Unf,Unf,Ex,SBrkr,Gd,Maj1,,Unf,TA,Y,,
0,0,0,1,5,0.0,0,1,715,6120,209,0,1,78,506,2,105000,0,1,0,0,0,0,48,51.0,875,0,7,0,30,RM,Lvl,Corner,BrkSide,Norm,1Fam,1Story,Gable,CompShg,Wd Sdng,Wd Sdng,,BrkTil,GasA,Y,Detchd,,WD,Normal,Reg,Gtl,TA,TA,TA,TA,No,BLQ,Unf,TA,FuseA,TA,Typ,,Unf,Fa,Y,,
0,0,1,0,7,180.0,0,2,884,9505,0,48,1,9,884,3,222500,0,2,1,0,1151,0,144,70.0,2035,0,5,0,60,RL,Lvl,CulDSac,Gilbert,Norm,1Fam,2Story,Gable,CompShg,VinylSd,VinylSd,BrkFace,PConc,GasA,Y,BuiltIn,,WD,Normal,IR1,Gtl,Gd,TA,Gd,TA,No,Unf,Unf,Ex,SBrkr,Gd,Typ,Gd,Fin,TA,Y,,
0,0,0,1,7,120.0,0,0,1080,7500,680,0,1,4,400,3,141000,0,1,0,0,0,0,0,63.0,1080,0,5,0,20,RL,Lvl,Inside,SawyerW,Norm,1Fam,1Story,Gable,CompShg,VinylSd,VinylSd,BrkFace,PConc,GasA,Y,,,WD,Normal,Reg,Gtl,TA,TA,Gd,TA,No,GLQ,Unf,Ex,SBrkr,Gd,Typ,,,,Y,,
0,0,0,0,5,0.0,0,1,896,6240,0,114,1,70,896,3,115000,0,1,0,0,448,0,200,70.0,1344,0,4,0,50,RM,Lvl,Inside,BrkSide,Norm,1Fam,1.5Fin,Gable,CompShg,MetalSd,MetalSd,,BrkTil,GasA,Y,Detchd,,WD,Normal,Reg,Gtl,TA,TA,Gd,TA,No,Unf,Unf,Gd,FuseA,TA,Typ,,Unf,Fa,Y,,
0,0,1,0,5,0.0,0,2,969,10356,716,0,1,32,253,3,122000,0,1,0,0,0,0,0,120.0,969,0,6,0,20,RL,Lvl,Corner,CollgCr,Norm,1Fam,1Story,Gable,CompShg,HdBoard,HdBoard,,CBlock,GasA,Y,Attchd,,WD,Normal,Reg,Gtl,TA,TA,TA,TA,Av,BLQ,Unf,TA,SBrkr,TA,Typ,,Unf,TA,Y,,MnPrv
0,0,0,1,8,436.0,0,3,1710,13891,1400,102,1,1,310,2,372402,0,2,1,0,0,0,0,107.0,1710,0,5,0,20,RL,Lvl,Inside,NridgHt,Norm,1Fam,1Story,Hip,CompShg,VinylSd,VinylSd,Stone,PConc,GasA,Y,Attchd,,New,Partial,Reg,Gtl,Gd,TA,Ex,TA,Gd,GLQ,Unf,Ex,SBrkr,Gd,Typ,Gd,RFn,TA,Y,,
0,0,1,0,6,252.0,0,2,825,14803,416,66,1,35,409,4,190000,0,2,1,0,896,0,0,70.0,1993,0,5,0,60,RL,Lvl,CulDSac,NWAmes,Norm,1Fam,2Story,Gable,CompShg,HdBoard,HdBoard,BrkFace,CBlock,GasA,Y,Attchd,,WD,Normal,IR1,Gtl,TA,TA,TA,TA,No,Rec,Unf,Gd,SBrkr,TA,Typ,Gd,RFn,TA,Y,,GdWo
0,1080,0,1,6,0.0,0,2,1602,13500,429,0,1,48,93,1,235000,0,1,1,0,0,0,409,70.0,1252,0,7,0,20,RL,Lvl,Inside,ClearCr,Norm,1Fam,1Story,Flat,CompShg,BrkFace,Plywood,,CBlock,GasA,Y,Attchd,,WD,Normal,Reg,Gtl,TA,TA,Gd,TA,Gd,BLQ,ALQ,Gd,SBrkr,TA,Typ,Gd,RFn,TA,Y,,
0,0,0,0,6,0.0,0,1,1200,11340,0,0,1,83,1200,4,125000,228,1,0,0,0,0,0,84.0,1200,0,5,0,30,RM,Lvl,Corner,OldTown,Norm,1Fam,1Story,Gable,CompShg,Wd Sdng,Wd Sdng,,BrkTil,GasA,Y,Detchd,,WD,Family,Reg,Gtl,TA,TA,TA,TA,No,Unf,Unf,TA,FuseA,TA,Typ,,Unf,Fa,Y,,
0,0,0,0,6,0.0,0,0,572,9600,0,8,1,84,572,2,79000,128,1,0,0,524,0,0,60.0,1096,0,5,0,50,RL,Lvl,Corner,Edwards,Artery,1Fam,1.5Fin,Gable,CompShg,Wd Sdng,Wd Sdng,,BrkTil,Grav,N,,,WD,Normal,Reg,Gtl,TA,TA,TA,TA,No,Unf,Unf,Fa,FuseF,TA,Typ,,,,N,,
0,0,0,0,5,0.0,0,2,0,7200,0,0,1,56,0,2,109500,0,1,0,0,0,0,0,60.0,1040,0,7,0,20,RL,Lvl,Inside,NAmes,Norm,1Fam,1Story,Hip,CompShg,Wd Sdng,Wd Sdng,,CBlock,GasA,Y,Detchd,,WD,Normal,Reg,Gtl,TA,TA,,,,,,TA,FuseF,TA,Typ,,Unf,TA,Y,,
0,0,1,0,8,84.0,0,3,774,12003,0,75,1,1,774,4,269500,0,2,1,0,1194,0,0,92.0,1968,0,5,0,60,RL,Lvl,Corner,Timber,Norm,1Fam,2Story,Gable,CompShg,VinylSd,VinylSd,BrkFace,PConc,GasA,Y,BuiltIn,,New,Partial,Reg,Gtl,Gd,TA,Ex,TA,No,Unf,Unf,Ex,SBrkr,Ex,Typ,Gd,Fin,TA,Y,,
0,0,1,0,7,0.0,0,2,991,12552,222,136,1,6,769,3,254900,0,2,1,0,956,0,0,100.0,1947,0,5,0,60,FV,Lvl,Corner,Somerst,Norm,1Fam,2Story,Gable,CompShg,VinylSd,VinylSd,,PConc,GasA,Y,Attchd,,WD,Normal,Reg,Gtl,Gd,TA,Gd,TA,No,GLQ,Unf,Ex,SBrkr,Gd,Typ,Gd,RFn,TA,Y,,GdWo
0,0,1,1,7,456.0,0,2,1392,19378,57,132,1,1,1335,4,320000,0,2,1,0,1070,0,239,134.0,2462,168,5,0,60,RL,HLS,Corner,Gilbert,Norm,1Fam,2Story,Gable,CompShg,VinylSd,VinylSd,BrkFace,PConc,GasA,Y,Attchd,,New,Partial,IR1,Gtl,Gd,TA,Gd,TA,Mn,GLQ,Unf,Ex,SBrkr,Gd,Typ,Gd,RFn,TA,Y,,
0,0,0,0,6,0.0,0,2,1232,11120,660,0,1,24,572,3,162500,0,2,0,0,0,0,0,70.0,1232,0,6,0,20,RL,Lvl,CulDSac,Veenker,Norm,1Fam,1Story,Gable,CompShg,Plywood,Plywood,,PConc,GasA,Y,Attchd,,WD,Normal,IR1,Gtl,TA,TA,Gd,TA,No,BLQ,Unf,TA,SBrkr,TA,Typ,,Unf,TA,Y,,
0,0,1,1,9,664.0,0,3,1572,13688,1016,0,1,5,556,3,412500,0,2,2,0,1096,0,400,110.0,2668,0,5,0,60,RL,Lvl,Inside,NridgHt,Norm,1Fam,2Story,Gable,CompShg,VinylSd,VinylSd,BrkFace,PConc,GasA,Y,BuiltIn,,WD,Normal,IR1,Gtl,Gd,TA,Ex,TA,Av,GLQ,Unf,Ex,SBrkr,Ex,Typ,Gd,Fin,TA,Y,,
0,0,0,0,7,226.0,0,2,1541,12182,1201,70,1,5,340,3,220000,0,2,1,0,0,0,0,95.0,1541,0,5,0,20,RL,Lvl,Corner,NridgHt,Norm,1Fam,1Story,Gable,CompShg,VinylSd,VinylSd,BrkFace,PConc,GasA,Y,Attchd,,New,Partial,Reg,Gtl,Gd,TA,Gd,TA,Mn,BLQ,Unf,Ex,SBrkr,Gd,Typ,Gd,RFn,TA,Y,,
0,0,0,0,4,0.0,0,0,882,5500,0,0,1,51,882,1,103200,0,1,0,0,0,0,0,55.0,882,0,6,0,45,RL,Lvl,Inside,OldTown,Norm,1Fam,1.5Unf,Gable,CompShg,MetalSd,MetalSd,,CBlock,GasA,Y,,,WD,Normal,Reg,Gtl,TA,TA,TA,TA,No,Unf,Unf,Ex,SBrkr,TA,Typ,,,,Y,,MnPrv
0,0,0,0,6,0.0,0,1,1149,5400,370,0,1,81,779,3,152000,183,2,0,0,467,0,0,40.0,1616,0,7,0,40,RM,Lvl,Corner,OldTown,Norm,1Fam,1Story,Gable,CompShg,MetalSd,MetalSd,,BrkTil,GasA,Y,Detchd,,WD,Normal,Reg,Gtl,TA,Gd,TA,TA,Mn,LwQ,Unf,Gd,FuseA,Gd,Typ,,Unf,TA,Y,,
0,181,0,1,5,0.0,0,0,644,10106,351,0,2,68,112,4,127500,0,2,0,0,547,0,140,62.0,1355,0,7,0,190,RL,Lvl,Inside,Edwards,Norm,2fmCon,1.5Fin,Gable,CompShg,Wd Sdng,Wd Sdng,,BrkTil,GasA,Y,,,WD,Normal,Reg,Gtl,TA,Gd,TA,TA,No,ALQ,Rec,Gd,SBrkr,TA,Typ,,,,Y,,
0,768,0,1,5,0.0,0,1,1617,10708,379,0,1,54,470,2,190000,0,1,3,0,0,142,476,70.0,1867,0,5,0,20,RL,Lvl,Inside,ClearCr,Norm,1Fam,1Story,Hip,CompShg,Wd Sdng,Wd Sdng,,CBlock,GasA,Y,Attchd,,COD,Normal,IR1,Gtl,Gd,TA,TA,TA,No,LwQ,BLQ,Ex,FuseA,TA,Typ,Gd,Fin,TA,Y,,GdWo
0,0,1,1,8,300.0,0,3,1582,10562,1288,120,1,0,294,3,325624,0,1,1,0,551,0,178,86.0,2161,0,5,0,60,RL,Lvl,Inside,NridgHt,Norm,1Fam,2Story,Gable,CompShg,VinylSd,VinylSd,Stone,PConc,GasA,Y,Attchd,,New,Partial,Reg,Gtl,Gd,TA,Ex,TA,No,GLQ,Unf,Ex,SBrkr,Ex,Typ,Gd,Fin,TA,Y,,
0,0,1,0,7,0.0,0,2,840,8244,0,48,1,3,840,3,183500,0,2,1,0,880,0,100,62.0,1720,0,5,0,60,RL,Lvl,Inside,Gilbert,Norm,1Fam,2Story,Gable,CompShg,VinylSd,VinylSd,,PConc,GasA,Y,Attchd,,WD,Normal,IR1,Gtl,Gd,TA,Gd,TA,No,Unf,Unf,Ex,SBrkr,Gd,Typ,Gd,Fin,TA,Y,,
0,0,1,0,8,653.0,0,2,1686,16669,0,64,1,25,1686,2,228000,0,2,1,0,0,0,574,70.0,1707,0,6,0,20,RL,Lvl,Corner,Timber,Norm,1Fam,1Story,Hip,WdShake,Plywood,Plywood,BrkFace,CBlock,GasA,Y,Attchd,,WD,Normal,IR1,Gtl,Gd,TA,Gd,TA,No,Unf,Unf,TA,SBrkr,TA,Typ,TA,RFn,TA,Y,,
0,0,1,0,5,0.0,528,2,720,12358,360,0,1,66,360,2,128500,0,1,0,0,0,0,237,70.0,1382,0,6,0,50,RM,Lvl,Inside,OldTown,Feedr,1Fam,1.5Fin,Gable,CompShg,MetalSd,MetalSd,,CBlock,GasA,Y,Detchd,,WD,Normal,IR1,Gtl,TA,TA,TA,TA,No,Rec,Unf,TA,SBrkr,TA,Typ,,Unf,TA,Y,,
0,0,0,1,6,112.0,0,2,1080,31770,639,62,1,50,441,3,215000,0,1,2,0,0,0,210,141.0,1656,0,5,0,20,RL,Lvl,Corner,NAmes,Norm,1Fam,1Story,Hip,CompShg,BrkFace,Plywood,Stone,CBlock,GasA,Y,Attchd,,WD,Normal,IR1,Gtl,TA,TA,TA,Gd,Gd,BLQ,Unf,Fa,SBrkr,TA,Typ,Gd,Fin,TA,P,,
0,215,0,1,7,0.0,0,2,1064,5306,495,35,1,19,354,2,239000,0,2,1,0,703,0,441,44.0,1767,0,7,0,160,RL,Lvl,Inside,StoneBr,Norm,TwnhsE,2Story,Gable,CompShg,HdBoard,HdBoard,,PConc,GasA,Y,Attchd,,WD,Normal,IR1,Gtl,Gd,Gd,Gd,Gd,No,GLQ,Rec,Gd,SBrkr,Gd,Typ,TA,RFn,Gd,Y,,
0,374,1,1,6,491.0,0,2,1362,10197,288,20,1,47,700,3,163000,0,1,1,0,0,0,0,80.0,1362,0,5,0,20,RL,Lvl,Inside,NAmes,Norm,1Fam,1Story,Gable,CompShg,WdShing,Wd Shng,BrkCmn,CBlock,GasA,Y,Attchd,,COD,Normal,IR1,Gtl,TA,TA,TA,TA,No,ALQ,Rec,TA,SBrkr,TA,Typ,TA,Unf,TA,Y,,
0,208,0,1,6,132.0,0,2,1606,12416,1398,0,1,22,0,3,184000,0,2,1,0,0,0,192,47.0,1651,0,5,0,20,RL,Lvl,Inside,Timber,Norm,1Fam,1Story,Gable,CompShg,VinylSd,Plywood,Stone,CBlock,GasA,Y,Attchd,,WD,Normal,IR1,Gtl,TA,TA,Gd,Fa,No,ALQ,LwQ,TA,SBrkr,TA,Min2,TA,Fin,TA,Y,,
0,0,0,1,6,0.0,0,2,1202,12615,477,29,1,57,725,4,243000,39,2,1,0,0,0,0,84.0,2158,0,7,0,20,RL,Lvl,Corner,Edwards,Norm,1Fam,1Story,Gable,CompShg,WdShing,Wd Shng,,CBlock,GasA,Y,Attchd,,WD,Normal,Reg,Gtl,TA,TA,TA,Gd,Av,ALQ,Unf,TA,SBrkr,Gd,Typ,Gd,Unf,TA,Y,,MnPrv
1,0,1,0,6,268.0,0,2,1151,10029,831,228,1,19,320,4,211000,0,2,1,0,896,192,0,97.0,2060,0,5,0,60,RL,Lvl,Corner,ClearCr,Norm,1Fam,2Story,Gable,CompShg,Plywood,Plywood,BrkFace,PConc,GasA,Y,Attchd,,WD,Normal,IR1,Gtl,Gd,TA,Gd,TA,No,GLQ,Unf,TA,SBrkr,TA,Typ,TA,Unf,TA,Y,,
0,441,0,1,5,0.0,0,2,1052,13650,57,0,1,48,554,4,172500,0,2,1,0,668,0,0,70.0,1920,0,5,0,50,RL,Lvl,Inside,Sawyer,Norm,1Fam,1.5Fin,Gable,CompShg,MetalSd,MetalSd,,CBlock,GasA,Y,Attchd,,WD,Normal,Reg,Gtl,Gd,Gd,TA,TA,No,ALQ,BLQ,Ex,SBrkr,Gd,Typ,Gd,Unf,TA,Y,,
0,0,0,1,9,748.0,0,3,2216,17423,1904,60,1,1,312,1,501837,0,2,1,0,0,0,0,63.0,2234,0,5,0,20,RL,Lvl,CulDSac,StoneBr,Norm,1Fam,1Story,Hip,CompShg,VinylSd,VinylSd,Stone,PConc,GasA,Y,Attchd,,New,Partial,IR1,Gtl,Ex,TA,Ex,TA,No,GLQ,Unf,Ex,SBrkr,Ex,Typ,Gd,Fin,TA,Y,,
0,0,0,0,5,0.0,0,2,968,8520,0,0,1,84,968,2,100000,184,1,0,0,0,0,0,60.0,968,0,6,0,30,RM,Lvl,Inside,OldTown,Norm,1Fam,1Story,Gable,CompShg,Wd Sdng,Wd Sdng,,CBlock,GasA,Y,Detchd,,WD,Normal,Reg,Gtl,Gd,TA,TA,TA,No,Unf,Unf,TA,SBrkr,TA,Typ,,Unf,Fa,N,,
0,0,1,0,6,456.0,0,2,756,2117,436,0,1,7,320,3,177000,0,2,1,0,756,0,0,70.0,1525,0,5,0,160,FV,Lvl,Inside,Somerst,Norm,Twnhs,2Story,Gable,CompShg,MetalSd,MetalSd,BrkFace,PConc,GasA,Y,Detchd,,WD,Normal,Reg,Gtl,Gd,TA,Gd,TA,No,GLQ,Unf,Ex,SBrkr,Gd,Typ,TA,Unf,TA,Y,,
0,0,1,0,7,0.0,0,1,793,7588,352,0,1,86,441,4,200100,40,1,1,0,901,0,0,54.0,1802,0,6,0,70,RL,Lvl,Inside,Crawfor,Norm,1Fam,2Story,Gable,CompShg,Stucco,Stucco,,BrkTil,GasA,Y,Detchd,,WD,Normal,Reg,Gtl,TA,TA,Fa,TA,No,LwQ,Unf,Gd,SBrkr,TA,Typ,Gd,Unf,Fa,Y,,
0,0,0,0,5,98.0,0,1,0,9060,0,0,1,50,0,3,120000,0,1,1,0,0,0,116,60.0,1340,180,6,0,20,RL,Lvl,Inside,Edwards,Artery,1Fam,1Story,Hip,CompShg,Wd Sdng,Wd Sdng,BrkFace,PConc,GasA,Y,Attchd,,WD,Normal,Reg,Gtl,TA,TA,,,,,,Ex,SBrkr,TA,Typ,Gd,RFn,TA,Y,,MnPrv
0,0,1,0,7,0.0,0,2,1362,11426,0,238,1,5,1362,3,200000,0,2,0,0,720,0,280,63.0,2082,0,5,0,50,RM,Lvl,Inside,OldTown,Norm,1Fam,1.5Fin,Gable,CompShg,VinylSd,VinylSd,,PConc,GasA,Y,Detchd,,WD,Normal,Reg,Gtl,TA,TA,Gd,TA,No,Unf,Unf,Ex,SBrkr,Gd,Mod,,Unf,TA,N,,
0,0,0,0,5,0.0,0,2,504,7438,0,0,1,98,504,3,127000,0,1,0,0,316,0,104,92.0,1252,0,8,0,50,RL,Lvl,Inside,BrkSide,RRAn,1Fam,1.5Fin,Gable,CompShg,AsbShng,Plywood,,PConc,GasA,Y,Attchd,,WD,Normal,IR1,Gtl,TA,TA,Fa,TA,No,Unf,Unf,Gd,SBrkr,TA,Typ,,Unf,TA,Y,,MnPrv
0,0,1,0,10,0.0,572,3,1107,22950,0,260,1,114,1107,4,475000,0,2,2,0,1518,410,0,90.0,3608,0,9,0,75,RM,Lvl,Inside,OldTown,Artery,1Fam,2.5Fin,Gable,WdShngl,Wd Sdng,Wd Sdng,,BrkTil,GasA,Y,Detchd,,WD,Normal,IR2,Gtl,Gd,Gd,TA,TA,Mn,Unf,Unf,Ex,SBrkr,Ex,Typ,TA,Unf,Ex,Y,,GdPrv
0,0,0,1,7,0.0,0,2,1188,9947,611,27,1,19,577,3,173000,0,2,0,0,0,0,168,70.0,1217,0,5,0,80,RL,Lvl,CulDSac,Mitchel,Norm,1Fam,SLvl,Gable,CompShg,HdBoard,HdBoard,,PConc,GasA,Y,Attchd,,WD,Normal,IR1,Gtl,TA,TA,Gd,TA,Av,GLQ,Unf,Ex,SBrkr,Gd,Typ,,Unf,TA,Y,,GdPrv
0,0,1,0,5,0.0,144,1,660,10410,0,0,1,93,660,3,135000,0,2,0,0,704,0,0,60.0,1656,140,7,0,50,RL,Lvl,Inside,OldTown,Norm,1Fam,1.5Fin,Gable,CompShg,HdBoard,HdBoard,,CBlock,GasA,Y,Detchd,,WD,Normal,Reg,Gtl,TA,TA,Fa,TA,No,Unf,Unf,Ex,SBrkr,TA,Min2,,Unf,Fa,N,,MnPrv
0,0,2,2,5,275.0,0,2,1086,7018,1086,0,2,30,0,2,153337,0,0,2,0,0,0,120,64.0,1224,0,5,0,90,RL,Bnk,Inside,SawyerW,Feedr,Duplex,SFoyer,Gable,CompShg,Plywood,Plywood,Stone,CBlock,GasA,Y,Detchd,,WD,Alloca,Reg,Gtl,TA,TA,Gd,TA,Av,GLQ,Unf,TA,SBrkr,TA,Typ,TA,Unf,TA,Y,,
0,0,1,1,8,0.0,0,2,1593,4923,1153,120,1,7,440,0,286000,0,1,1,0,0,224,0,41.0,1593,0,5,0,120,RL,Lvl,Inside,StoneBr,Norm,TwnhsE,1Story,Gable,CompShg,CemntBd,CmentBd,,PConc,GasA,Y,Attchd,,WD,Normal,Reg,Gtl,Gd,TA,Ex,TA,Av,GLQ,Unf,Ex,SBrkr,Ex,Typ,Gd,Fin,TA,Y,,
0,0,1,0,8,0.0,0,2,853,10570,297,74,1,75,556,3,315000,0,2,2,0,1178,0,0,70.0,2727,0,8,0,70,RL,Bnk,Inside,Crawfor,Norm,1Fam,2Story,Hip,CompShg,BrkFace,BrkFace,,CBlock,GasA,Y,Detchd,,WD,Normal,Reg,Mod,Gd,TA,Gd,Gd,No,Rec,Unf,TA,SBrkr,Gd,Maj1,TA,Unf,TA,Y,,
0,0,1,1,7,138.0,0,2,725,7472,626,32,1,35,99,4,184000,0,1,0,0,754,0,0,70.0,1479,0,9,0,60,RL,Lvl,CulDSac,NAmes,Norm,1Fam,2Story,Gable,CompShg,HdBoard,HdBoard,BrkFace,CBlock,GasA,Y,Attchd,,WD,Normal,IR1,Gtl,TA,TA,TA,TA,No,ALQ,Unf,Gd,SBrkr,Gd,Typ,,Fin,TA,Y,,
0,0,0,1,7,0.0,0,2,1431,9017,560,35,1,10,871,3,192000,0,2,0,0,0,0,0,68.0,1431,0,5,0,20,RL,Lvl,Inside,CollgCr,Norm,1Fam,1Story,Gable,CompShg,VinylSd,VinylSd,,PConc,GasA,Y,Attchd,,WD,Normal,IR1,Gtl,Gd,TA,Gd,TA,Av,GLQ,Unf,Ex,SBrkr,Gd,Typ,,Fin,TA,Y,,
0,0,0,0,7,50.0,0,2,970,2522,0,40,1,2,970,3,130000,0,2,0,0,739,0,0,24.0,1709,0,5,0,160,RM,Lvl,Inside,Edwards,Norm,Twnhs,2Story,Gable,CompShg,VinylSd,VinylSd,Stone,PConc,GasA,Y,Detchd,,WD,Normal,Reg,Gtl,Gd,TA,Gd,TA,No,Unf,Unf,Ex,SBrkr,Gd,Maj1,,Unf,TA,Y,,
0,0,0,0,5,0.0,0,1,864,7180,390,0,1,36,474,3,127000,0,1,0,0,0,0,0,60.0,864,0,7,0,20,RL,Lvl,Inside,CollgCr,Norm,1Fam,1Story,Hip,CompShg,HdBoard,HdBoard,,CBlock,GasA,Y,Detchd,,WD,Normal,IR1,Gtl,TA,TA,TA,TA,Av,ALQ,Unf,TA,SBrkr,TA,Typ,,Unf,TA,Y,,
0,0,1,0,6,0.0,0,2,855,2280,566,0,1,33,289,3,148500,0,2,1,0,601,0,87,24.0,1456,0,6,0,160,RL,Lvl,FR2,NPkVill,Norm,Twnhs,2Story,Gable,CompShg,Plywood,Brk Cmn,,CBlock,GasA,Y,Attchd,,WD,Normal,Reg,Gtl,TA,TA,Gd,TA,No,ALQ,Unf,TA,SBrkr,TA,Typ,TA,Unf,TA,Y,,
0,0,0,1,7,205.0,0,3,1726,9416,1126,138,1,0,600,3,311872,0,2,1,0,0,266,171,79.0,1726,0,5,0,20,RL,Lvl,Inside,Somerst,Norm,1Fam,1Story,Hip,CompShg,CemntBd,CmentBd,Stone,PConc,GasA,Y,Attchd,,New,Partial,Reg,Gtl,Ex,TA,Ex,TA,No,GLQ,Unf,Ex,SBrkr,Ex,Typ,Gd,Fin,TA,Y,,
1,184,0,1,8,0.0,392,2,1360,25419,1036,16,1,88,140,4,235000,552,2,1,0,1360,0,0,174.0,3112,0,4,512,75,RL,Lvl,Corner,NAmes,Artery,1Fam,2Story,Gable,CompShg,Stucco,Stucco,,PConc,GasA,Y,Detchd,,WD,Abnorml,Reg,Gtl,Gd,Gd,TA,TA,No,GLQ,LwQ,Gd,SBrkr,Gd,Typ,Ex,Unf,TA,Y,Ex,GdPrv
0,0,0,0,6,0.0,371,0,755,5520,0,198,1,97,755,5,104000,30,1,0,0,929,0,0,92.0,2229,0,6,0,75,RM,Lvl,Corner,OldTown,Norm,1Fam,2.5Fin,Gable,CompShg,Wd Sdng,Wd Sdng,,CBlock,GasA,Y,,,WD,Abnorml,Reg,Gtl,TA,TA,TA,TA,No,Unf,Unf,Ex,SBrkr,TA,Typ,,,,Y,,MnPrv
0,0,0,1,8,262.0,0,3,1713,9591,1088,26,1,5,625,3,274900,0,2,1,0,0,170,0,76.0,1713,0,5,0,20,RL,Lvl,Inside,NridgHt,Norm,1Fam,1Story,Hip,CompShg,VinylSd,VinylSd,BrkFace,PConc,GasA,Y,Attchd,,WD,Normal,Reg,Gtl,Gd,TA,Ex,TA,Av,GLQ,Unf,Ex,SBrkr,Ex,Typ,Gd,Fin,TA,Y,,
0,0,0,0,4,0.0,0,2,1121,8546,0,64,1,7,1121,2,140000,0,2,0,0,0,0,132,80.0,1121,0,5,0,20,RM,Lvl,Corner,Edwards,Norm,1Fam,1Story,Gable,CompShg,VinylSd,VinylSd,,PConc,GasA,Y,Attchd,,WD,Normal,Reg,Gtl,TA,TA,Gd,TA,No,Unf,Unf,Ex,SBrkr,TA,Typ,,RFn,TA,Y,,
1,279,0,0,6,0.0,0,2,1196,10125,641,83,1,31,276,3,171500,0,2,2,0,0,0,238,75.0,1279,0,6,0,20,RL,Lvl,Inside,Mitchel,Norm,1Fam,1Story,Gable,CompShg,Plywood,Plywood,,CBlock,GasA,Y,Detchd,,WD,Normal,Reg,Gtl,TA,TA,TA,TA,No,ALQ,LwQ,TA,SBrkr,TA,Typ,Fa,Unf,TA,Y,,MnPrv
0,0,0,0,6,0.0,0,1,617,7000,617,0,1,82,0,2,112000,126,2,0,0,445,0,0,50.0,1310,0,6,0,50,RL,Lvl,Corner,OldTown,Artery,1Fam,1.5Fin,Gable,CompShg,MetalSd,MetalSd,,BrkTil,GasA,Y,Attchd,,COD,Normal,Reg,Gtl,TA,Gd,Fa,TA,No,LwQ,Unf,Gd,SBrkr,TA,Min1,,Unf,TA,Y,,
0,0,0,1,6,205.0,0,2,848,4438,662,0,1,4,186,1,149000,0,1,1,0,0,0,149,70.0,848,0,5,0,120,RM,Lvl,Inside,CollgCr,Norm,TwnhsE,1Story,Gable,CompShg,VinylSd,VinylSd,BrkFace,PConc,GasA,Y,Attchd,,WD,Normal,Reg,Gtl,Gd,TA,Gd,TA,Av,GLQ,Unf,Ex,SBrkr,Gd,Typ,Gd,RFn,TA,Y,,
0,0,1,0,5,0.0,0,1,720,3500,312,35,1,62,408,2,110000,0,1,0,0,564,0,0,50.0,1284,0,7,0,50,RM,Lvl,Inside,OldTown,Norm,1Fam,1.5Fin,Gable,CompShg,AsbShng,AsbShng,,CBlock,GasA,Y,Detchd,,WD,Normal,Reg,Gtl,TA,TA,TA,TA,No,LwQ,Unf,TA,SBrkr,TA,Typ,,Unf,TA,Y,,MnWw
0,0,0,0,7,0.0,0,2,1424,11851,0,34,1,19,1424,3,180500,0,2,0,0,0,0,0,99.0,1442,508,5,0,20,RL,Lvl,Corner,Gilbert,Norm,1Fam,1Story,Gable,CompShg,HdBoard,HdBoard,,PConc,GasA,Y,Attchd,,WD,Normal,Reg,Gtl,TA,TA,Gd,TA,No,Unf,Unf,Ex,SBrkr,TA,Typ,,RFn,TA,Y,,
0,0,1,0,5,0.0,0,1,1140,13673,0,30,1,45,1140,3,143900,0,1,1,0,0,0,0,40.0,1696,0,5,0,20,RL,Lvl,CulDSac,Sawyer,RRAe,1Fam,1Story,Gable,CompShg,HdBoard,HdBoard,,CBlock,GasA,Y,Attchd,,WD,Normal,IR1,Gtl,TA,Gd,TA,TA,No,Unf,Unf,TA,SBrkr,TA,Min2,TA,RFn,TA,Y,,
0,306,0,1,4,0.0,0,1,1100,12493,419,0,1,48,375,3,141000,0,1,1,0,0,0,355,70.0,1100,0,5,0,20,RL,Lvl,Inside,NAmes,Norm,1Fam,1Story,Gable,CompShg,Wd Sdng,Wd Sdng,,PConc,GasA,Y,Attchd,,WD,Normal,IR1,Gtl,TA,TA,TA,TA,No,ALQ,Rec,TA,SBrkr,TA,Typ,Po,RFn,TA,Y,,GdWo
0,0,1,1,7,128.0,0,2,1157,14364,1065,55,1,19,92,3,277000,0,2,1,0,882,154,60,70.0,2062,0,5,0,60,RL,Low,Inside,SawyerW,Norm,1Fam,2Story,Gable,CompShg,Plywood,Plywood,BrkFace,CBlock,GasA,Y,Attchd,,WD,Normal,IR1,Mod,Gd,TA,Gd,TA,Gd,GLQ,Unf,Ex,SBrkr,TA,Typ,Gd,Fin,TA,Y,,
0,0,0,1,6,260.0,0,2,1092,8250,787,0,1,44,305,3,145000,0,1,0,0,0,0,0,75.0,1092,0,7,0,20,RL,Lvl,Inside,NAmes,Norm,1Fam,1Story,Hip,CompShg,HdBoard,HdBoard,Stone,CBlock,GasA,Y,Attchd,,WD,Normal,Reg,Gtl,TA,TA,Gd,TA,No,Rec,Unf,Ex,SBrkr,TA,Typ,,RFn,TA,Y,,MnPrv
0,0,0,1,5,0.0,0,0,864,5604,468,0,1,83,396,2,98000,96,1,0,0,0,0,0,67.0,864,0,6,0,30,RL,Lvl,Inside,Edwards,Norm,1Fam,1Story,Gable,CompShg,Stucco,Stucco,,CBlock,GasA,N,,,WD,Normal,Reg,Gtl,TA,TA,TA,TA,No,Rec,Unf,TA,FuseA,TA,Typ,,,,Y,,
0,0,0,0,6,0.0,0,2,1212,10420,36,22,1,1,1176,3,186000,0,2,0,0,0,0,100,83.0,1212,0,5,0,20,RL,Lvl,Corner,Edwards,Norm,1Fam,1Story,Gable,CompShg,VinylSd,VinylSd,,PConc,GasA,Y,Attchd,,WD,Normal,Reg,Gtl,TA,TA,Gd,TA,Mn,GLQ,Unf,Ex,SBrkr,Gd,Typ,,RFn,TA,Y,,
0,0,1,1,7,0.0,0,2,900,8640,822,108,1,0,78,3,252678,0,2,1,0,920,0,168,72.0,1852,0,5,0,60,FV,Lvl,Inside,Somerst,Norm,1Fam,2Story,Gable,CompShg,VinylSd,VinylSd,,PConc,GasA,Y,Attchd,,New,Partial,Reg,Gtl,TA,TA,Gd,TA,No,GLQ,Unf,Ex,SBrkr,Gd,Typ,TA,RFn,TA,Y,,
1,0,0,0,5,0.0,0,2,990,13568,716,0,1,11,274,3,156000,0,1,0,0,0,0,224,43.0,990,0,5,0,20,RL,Lvl,CulDSac,CollgCr,Norm,1Fam,1Story,Gable,CompShg,VinylSd,VinylSd,,PConc,GasA,Y,Attchd,,WD,Normal,IR2,Gtl,TA,TA,Gd,TA,No,ALQ,Unf,Ex,SBrkr,TA,Typ,,Unf,TA,Y,,
0,0,1,0,6,153.0,0,1,689,10900,378,36,1,33,311,3,161750,0,1,0,450,703,0,0,70.0,1392,0,7,0,60,RL,Lvl,FR2,CollgCr,Norm,1Fam,2Story,Gable,CompShg,HdBoard,HdBoard,BrkFace,CBlock,GasA,Y,Attchd,Shed,WD,Normal,IR1,Gtl,TA,TA,Gd,TA,No,GLQ,Unf,Ex,SBrkr,TA,Typ,,Fin,TA,Y,,MnPrv
1,0,0,0,5,64.0,0,1,1070,10011,360,0,1,49,710,2,134450,0,1,1,0,0,0,0,72.0,1236,0,6,0,20,RL,Lvl,Inside,NAmes,Norm,1Fam,1Story,Gable,CompShg,HdBoard,HdBoard,BrkFace,CBlock,GasA,Y,Attchd,,WD,Normal,IR1,Gtl,TA,TA,TA,TA,No,BLQ,Unf,TA,SBrkr,Gd,Min1,Fa,Unf,TA,Y,,MnPrv
0,0,0,1,7,266.0,0,2,1436,8450,946,98,1,4,490,3,210000,0,2,0,0,0,0,139,65.0,1436,0,5,0,20,RL,Lvl,Inside,CollgCr,Norm,1Fam,1Story,Gable,CompShg,VinylSd,VinylSd,BrkFace,PConc,GasA,Y,Attchd,,WD,Normal,Reg,Gtl,Gd,TA,Gd,TA,Mn,GLQ,Unf,Ex,SBrkr,Gd,Typ,,Unf,TA,Y,,
0,0,0,0,4,0.0,0,1,686,9906,0,172,1,81,686,3,107000,60,1,0,0,518,0,0,57.0,1328,0,4,0,70,RM,Lvl,Inside,OldTown,Norm,1Fam,2Story,Gable,CompShg,MetalSd,MetalSd,,CBlock,GasA,N,Detchd,,WD,Family,Reg,Gtl,TA,TA,TA,TA,No,Unf,Unf,Fa,SBrkr,TA,Typ,,Unf,TA,Y,,
1,0,1,0,7,312.0,0,2,798,15660,341,119,1,69,457,3,311500,150,1,2,0,817,0,0,70.0,1954,0,9,0,50,RL,Lvl,Corner,Crawfor,Norm,1Fam,1.5Fin,Gable,CompShg,VinylSd,VinylSd,BrkFace,CBlock,GasA,Y,Attchd,,WD,Normal,IR1,Gtl,Gd,Gd,TA,TA,No,BLQ,Unf,Ex,SBrkr,Gd,Typ,TA,Unf,TA,Y,,
0,0,0,0,7,16.0,0,2,1248,3010,16,0,1,1,1232,2,167240,0,2,0,0,0,0,108,43.0,1248,0,5,0,120,RL,Lvl,Inside,Blmngtn,Norm,TwnhsE,1Story,Gable,CompShg,VinylSd,VinylSd,BrkFace,PConc,GasA,Y,Attchd,,New,Partial,Reg,Gtl,Gd,TA,Gd,TA,Av,GLQ,Unf,Ex,SBrkr,Gd,Typ,,Fin,TA,Y,,
0,0,0,0,7,0.0,0,2,1498,8990,0,33,1,0,1498,2,204900,0,2,0,0,0,0,351,73.0,1498,0,5,0,20,RL,Lvl,Inside,CollgCr,Norm,1Fam,1Story,Gable,CompShg,VinylSd,VinylSd,,PConc,GasA,Y,Attchd,,New,Partial,IR1,Gtl,Gd,TA,Gd,TA,Mn,Unf,Unf,Ex,SBrkr,Gd,Typ,,RFn,TA,Y,,
0,0,1,0,6,0.0,0,2,1010,8068,0,46,1,7,1010,4,200000,0,2,1,0,1257,0,120,70.0,2267,0,5,0,60,RL,Lvl,Inside,Gilbert,Norm,1Fam,2Story,Gable,CompShg,VinylSd,VinylSd,,PConc,GasA,Y,BuiltIn,,ConLI,Normal,IR1,Gtl,Gd,TA,Gd,TA,No,Unf,Unf,Ex,SBrkr,Gd,Typ,TA,RFn,TA,Y,,
0,0,1,1,6,0.0,0,2,713,11475,550,208,1,31,163,3,179900,0,2,1,0,741,0,209,85.0,1552,0,6,0,60,RL,Lvl,Inside,NWAmes,RRAn,1Fam,2Story,Gable,CompShg,VinylSd,VinylSd,,CBlock,GasA,Y,Attchd,,WD,Normal,Reg,Gtl,TA,TA,Gd,TA,No,ALQ,Unf,TA,SBrkr,TA,Typ,TA,RFn,TA,Y,,MnPrv
0,180,0,0,4,0.0,0,2,864,10500,524,0,1,38,160,2,97000,0,1,0,0,0,0,216,70.0,864,0,6,0,20,RL,Lvl,FR2,NAmes,Norm,1Fam,1Story,Gable,CompShg,HdBoard,HdBoard,,CBlock,GasA,Y,Detchd,,WD,Abnorml,Reg,Gtl,TA,TA,TA,TA,No,ALQ,LwQ,Gd,SBrkr,TA,Typ,,Unf,TA,Y,,
0,0,0,0,10,922.0,0,3,2392,13472,56,105,1,6,2336,3,386250,0,2,1,0,0,0,248,103.0,2392,0,5,0,20,RL,Lvl,Inside,NridgHt,Norm,1Fam,1Story,Hip,CompShg,VinylSd,VinylSd,BrkFace,PConc,GasA,Y,Attchd,,WD,Normal,Reg,Gtl,Ex,TA,Ex,TA,Gd,GLQ,Unf,Ex,SBrkr,Ex,Typ,Ex,Fin,TA,Y,,
0,0,1,0,5,142.0,0,1,630,1680,0,0,1,38,630,3,112000,0,2,0,0,672,0,0,21.0,1302,0,5,0,160,RM,Lvl,Inside,BrDale,Norm,Twnhs,2Story,Gable,CompShg,HdBoard,HdBoard,BrkFace,CBlock,GasA,Y,Detchd,,COD,Abnorml,Reg,Gtl,TA,TA,TA,TA,No,Unf,Unf,TA,SBrkr,TA,Typ,,Unf,TA,Y,,
0,0,1,0,7,290.0,0,3,1203,9950,565,114,1,12,638,4,290000,0,2,1,0,1306,0,224,82.0,2520,0,5,0,60,RL,Lvl,Inside,NoRidge,Norm,1Fam,2Story,Gable,CompShg,VinylSd,VinylSd,BrkFace,PConc,GasA,Y,Attchd,,WD,Abnorml,IR1,Gtl,Gd,TA,Gd,TA,No,GLQ,Unf,Ex,SBrkr,Gd,Typ,TA,RFn,TA,Y,,
0,0,1,0,6,127.0,0,1,483,1869,321,0,1,38,162,2,106000,0,1,0,0,504,0,0,21.0,987,0,6,0,160,RM,Lvl,Inside,BrDale,Norm,Twnhs,2Story,Gable,CompShg,HdBoard,HdBoard,BrkFace,CBlock,GasA,Y,Detchd,,WD,Normal,Reg,Gtl,TA,TA,TA,TA,No,Rec,Unf,TA,SBrkr,TA,Typ,,Unf,TA,Y,,
0,0,0,0,5,0.0,0,1,912,8521,842,0,1,43,70,3,125000,0,1,1,0,0,0,0,70.0,912,0,5,0,20,RL,Lvl,FR2,Sawyer,Feedr,1Fam,1Story,Gable,CompShg,HdBoard,HdBoard,,CBlock,GasA,Y,Detchd,,WD,Normal,Reg,Gtl,TA,TA,TA,TA,No,ALQ,Unf,TA,SBrkr,TA,Typ,Fa,Unf,TA,Y,,MnPrv
0,0,0,0,7,16.0,0,2,1373,3182,16,20,1,4,1357,2,192500,0,2,1,0,0,0,143,43.0,1555,0,5,0,120,RL,Lvl,Inside,Blmngtn,Norm,TwnhsE,1Story,Gable,CompShg,VinylSd,VinylSd,BrkFace,PConc,GasA,Y,Attchd,,WD,Normal,Reg,Gtl,Gd,TA,Gd,TA,Av,GLQ,Unf,Ex,SBrkr,Gd,Typ,TA,Fin,TA,Y,,
0,0,0,1,6,220.0,0,1,1194,8760,0,0,1,51,1194,3,148000,120,1,0,0,0,0,0,73.0,1194,0,6,0,20,RL,Lvl,Inside,NAmes,Norm,1Fam,1Story,Hip,CompShg,MetalSd,MetalSd,BrkFace,CBlock,GasA,Y,Attchd,,WD,Normal,Reg,Gtl,TA,TA,TA,TA,No,Unf,Unf,TA,SBrkr,TA,Typ,,RFn,TA,Y,,
0,0,1,1,8,506.0,0,3,1462,15138,689,146,1,14,773,4,403000,202,2,1,0,1304,0,0,174.0,2794,0,5,0,60,RL,Lvl,Inside,NoRidge,Norm,1Fam,2Story,Gable,CompShg,VinylSd,VinylSd,BrkFace,PConc,GasA,Y,Attchd,,WD,Normal,IR1,Gtl,Gd,TA,Gd,TA,No,GLQ,Unf,Ex,SBrkr,Ex,Typ,TA,Fin,TA,Y,,
0,0,1,0,6,297.0,0,1,483,1680,0,0,1,34,483,2,94500,0,1,1,0,504,0,0,21.0,987,0,5,0,160,RM,Lvl,Inside,BrDale,Norm,Twnhs,2Story,Gable,CompShg,HdBoard,HdBoard,BrkFace,CBlock,GasA,Y,Attchd,,WD,Normal,Reg,Gtl,TA,TA,TA,TA,No,Unf,Unf,TA,SBrkr,TA,Typ,Po,Unf,TA,Y,,
0,712,0,1,5,0.0,0,1,894,10650,182,0,1,34,0,3,128200,0,1,0,0,0,0,365,75.0,894,0,6,0,20,RL,Lvl,Corner,CollgCr,Norm,1Fam,1Story,Gable,CompShg,HdBoard,HdBoard,,CBlock,GasA,Y,Attchd,,WD,Normal,Reg,Gtl,TA,TA,TA,Gd,Av,LwQ,ALQ,TA,SBrkr,TA,Typ,,Unf,TA,Y,,MnPrv
0,0,1,0,6,604.0,0,1,483,1680,358,0,1,37,125,2,89500,0,1,0,0,504,0,0,21.0,987,0,3,0,160,RM,Lvl,Inside,BrDale,Norm,TwnhsE,2Story,Gable,CompShg,HdBoard,HdBoard,BrkFace,CBlock,GasA,Y,Detchd,,WD,Normal,Reg,Gtl,TA,TA,TA,TA,No,ALQ,Unf,TA,SBrkr,TA,Typ,,Unf,TA,Y,,
0,0,0,0,7,98.0,0,2,1414,8773,24,105,1,6,1390,3,185500,0,2,0,0,0,0,132,65.0,1414,0,5,0,20,RL,Lvl,FR2,CollgCr,Norm,1Fam,1Story,Gable,CompShg,VinylSd,VinylSd,BrkFace,PConc,GasA,Y,Attchd,,WD,Normal,Reg,Gtl,Gd,TA,Gd,TA,Av,GLQ,Unf,Ex,SBrkr,Gd,Typ,,RFn,TA,Y,,
0,0,1,0,7,0.0,0,2,996,9453,402,70,1,17,594,3,194500,0,2,0,0,730,0,370,70.0,1744,238,7,0,60,RL,Lvl,CulDSac,SawyerW,RRNe,1Fam,2Story,Gable,CompShg,HdBoard,HdBoard,,PConc,GasA,Y,Attchd,,WD,Normal,IR1,Gtl,Gd,TA,Gd,TA,No,BLQ,Unf,Ex,SBrkr,Gd,Typ,,RFn,TA,Y,,
0,0,0,0,8,254.0,0,3,1694,12030,0,228,1,0,1694,3,318000,0,2,0,0,0,0,168,93.0,1694,0,5,0,20,RL,Lvl,Inside,NridgHt,Norm,1Fam,1Story,Hip,CompShg,VinylSd,VinylSd,BrkFace,PConc,GasA,Y,Attchd,,New,Partial,Reg,Gtl,Ex,TA,Ex,TA,No,Unf,Unf,Ex,SBrkr,Gd,Typ,,Fin,TA,Y,,
0,0,1,0,6,0.0,0,1,735,8741,94,140,1,65,641,3,113000,0,1,1,0,689,0,0,52.0,1487,0,4,0,50,RL,Lvl,Inside,Edwards,Norm,1Fam,1.5Fin,Gable,CompShg,VinylSd,VinylSd,,CBlock,GasA,Y,Detchd,,WD,Normal,Reg,Gtl,TA,TA,TA,Fa,No,LwQ,Unf,TA,FuseA,TA,Typ,Gd,Unf,TA,Y,,MnPrv
0,0,0,1,8,36.0,0,2,1566,9000,1078,168,1,2,488,3,262500,0,2,0,0,0,0,144,75.0,1566,0,5,0,20,FV,Lvl,Inside,Somerst,Norm,1Fam,1Story,Gable,CompShg,VinylSd,VinylSd,Stone,PConc,GasA,Y,Attchd,,WD,Normal,Reg,Gtl,Gd,TA,Gd,TA,Av,GLQ,Unf,Ex,SBrkr,Gd,Typ,,RFn,TA,Y,,
0,0,0,0,5,0.0,0,0,686,3880,329,42,1,62,357,2,110500,0,1,0,0,0,0,58,40.0,866,0,9,0,30,RM,Lvl,Inside,OldTown,Norm,1Fam,1Story,Gable,CompShg,VinylSd,VinylSd,,CBlock,GasA,Y,,,WD,Normal,Reg,Gtl,TA,Gd,TA,TA,No,ALQ,Unf,Gd,SBrkr,Gd,Typ,,,,Y,,
0,0,0,0,5,0.0,0,1,540,5000,0,0,1,106,540,3,79000,77,1,0,0,551,0,0,63.0,1440,0,4,0,50,RM,Lvl,Corner,OldTown,Norm,1Fam,1.5Fin,Gable,CompShg,Wd Sdng,Wd Sdng,,BrkTil,GasA,N,Attchd,,WD,Normal,Reg,Gtl,TA,TA,TA,TA,No,Unf,Unf,Gd,FuseA,TA,Typ,,Unf,Fa,Y,,
0,0,1,0,6,0.0,0,1,626,10762,0,28,1,29,626,3,120000,0,1,1,0,591,0,0,75.0,1217,0,6,0,160,RL,Lvl,Corner,SawyerW,Norm,TwnhsE,2Story,Gable,CompShg,Plywood,Plywood,,CBlock,GasA,Y,Attchd,,WD,Normal,Reg,Gtl,TA,TA,Gd,TA,No,Unf,Unf,TA,SBrkr,TA,Typ,TA,RFn,TA,Y,,
0,0,1,1,7,0.0,0,2,948,8880,695,130,1,16,253,3,205000,0,2,2,0,888,0,0,70.0,2110,0,5,0,60,RL,Lvl,Inside,SawyerW,Norm,1Fam,2Story,Gable,CompShg,VinylSd,VinylSd,,PConc,GasA,Y,Attchd,,WD,Normal,IR1,Gtl,Gd,TA,Gd,TA,No,GLQ,Unf,Ex,SBrkr,Gd,Typ,Fa,RFn,TA,Y,,
1,0,0,0,7,102.0,0,2,1845,10400,929,39,1,18,916,3,241500,0,2,1,0,0,0,197,80.0,1872,0,5,0,20,RL,Lvl,Inside,NWAmes,Norm,1Fam,1Story,Gable,CompShg,Wd Sdng,Wd Sdng,BrkFace,CBlock,GasA,Y,Attchd,,WD,Normal,Reg,Gtl,TA,TA,Gd,TA,Av,GLQ,Unf,Gd,SBrkr,TA,Typ,TA,Fin,TA,Y,,
0,0,0,0,6,0.0,0,1,1020,9142,0,60,2,96,1020,4,137000,112,2,0,0,1020,0,0,69.0,1928,0,8,0,190,RM,Lvl,Inside,OldTown,Norm,2fmCon,2Story,Gable,CompShg,AsbShng,AsbShng,,Stone,GasA,N,Detchd,,WD,Normal,Reg,Gtl,TA,Fa,Fa,TA,No,Unf,Unf,Gd,FuseP,Fa,Typ,,Unf,Po,Y,,
0,0,0,0,6,0.0,0,2,1367,11310,0,30,1,52,1367,2,140000,0,1,1,0,0,0,0,75.0,1375,0,5,0,20,RL,Lvl,Inside,NAmes,Norm,1Fam,1Story,Hip,CompShg,Wd Sdng,BrkFace,,CBlock,GasA,Y,Attchd,,WD,Normal,Reg,Gtl,TA,TA,TA,TA,No,Unf,Unf,Ex,SBrkr,TA,Typ,TA,Unf,TA,Y,,
0,0,1,0,7,101.0,0,2,840,11317,0,68,1,4,840,3,180000,0,2,0,0,828,0,144,72.0,1668,0,5,0,60,RL,Lvl,Inside,CollgCr,Norm,1Fam,2Story,Gable,CompShg,VinylSd,VinylSd,BrkFace,PConc,GasA,Y,Attchd,,WD,Normal,Reg,Gtl,Gd,TA,Gd,TA,No,Unf,Unf,Ex,SBrkr,Gd,Typ,,RFn,TA,Y,,
1,0,0,0,6,472.0,0,2,1444,159000,697,98,1,49,747,4,277000,0,2,2,500,700,0,0,70.0,2144,0,7,0,50,RL,Low,CulDSac,ClearCr,Norm,1Fam,1.5Fin,Gable,CompShg,Wd Sdng,HdBoard,BrkCmn,CBlock,GasA,Y,Attchd,Shed,WD,Normal,IR2,Sev,Gd,TA,Gd,TA,Gd,Rec,Unf,Gd,SBrkr,Gd,Typ,TA,Fin,TA,Y,,
0,0,0,0,3,0.0,0,0,728,5350,0,0,1,70,728,3,76500,0,1,0,450,0,0,263,55.0,1306,0,2,0,30,RL,Lvl,Inside,BrkSide,Norm,1Fam,1Story,Gable,CompShg,Wd Sdng,Plywood,,CBlock,GasA,Y,,Shed,WD,Normal,IR1,Gtl,TA,Po,TA,TA,No,Unf,Unf,Ex,SBrkr,Fa,Mod,,,,Y,,GdWo
1,0,0,1,8,481.0,0,2,1573,4750,1573,0,1,1,0,2,235000,0,2,1,0,0,153,123,44.0,1625,0,5,0,120,RM,HLS,Inside,Crawfor,Norm,TwnhsE,1Story,Hip,CompShg,VinylSd,VinylSd,Stone,PConc,GasA,Y,Attchd,,WD,Family,IR1,Mod,Gd,TA,Gd,TA,Gd,GLQ,Unf,Ex,SBrkr,Gd,Typ,Gd,Fin,TA,Y,,
0,0,1,0,6,0.0,0,2,798,8366,0,45,1,4,798,3,173000,0,2,0,0,842,0,138,65.0,1640,0,5,0,60,RL,Lvl,Inside,SawyerW,Norm,1Fam,2Story,Gable,CompShg,VinylSd,VinylSd,,PConc,GasA,Y,Attchd,,WD,Normal,IR1,Gtl,Gd,TA,Gd,TA,No,Unf,Unf,Ex,SBrkr,Gd,Typ,,RFn,TA,Y,,
1,580,0,0,6,108.0,0,1,1302,9350,270,0,1,43,452,3,158000,0,2,0,0,0,0,333,85.0,1302,0,7,0,80,RL,Lvl,Inside,NAmes,Norm,1Fam,SLvl,Hip,CompShg,HdBoard,HdBoard,BrkFace,CBlock,GasA,Y,Attchd,,CWD,Normal,Reg,Gtl,TA,TA,Gd,TA,Gd,LwQ,ALQ,Ex,SBrkr,Gd,Min1,,RFn,TA,Y,,MnPrv
0,0,0,1,5,0.0,0,1,1314,8400,922,0,1,53,392,3,145000,0,1,0,0,0,0,250,70.0,1314,0,6,0,20,RL,Lvl,Inside,NAmes,Norm,1Fam,1Story,Gable,CompShg,MetalSd,MetalSd,,CBlock,GasA,Y,Attchd,,WD,Normal,Reg,Gtl,TA,Gd,TA,TA,No,Rec,Unf,TA,SBrkr,TA,Typ,,RFn,TA,Y,,
0,0,1,0,7,302.0,0,2,975,8738,0,0,1,7,975,4,230000,0,2,1,0,1286,0,192,66.0,2291,0,5,0,60,RL,Lvl,Inside,Gilbert,Norm,1Fam,2Story,Gable,CompShg,VinylSd,VinylSd,BrkFace,PConc,GasA,Y,BuiltIn,,WD,Normal,IR1,Gtl,Gd,TA,Gd,TA,No,Unf,Unf,Ex,SBrkr,Gd,Typ,TA,Fin,TA,Y,,
0,0,1,0,6,0.0,0,2,864,8791,503,56,1,5,361,3,207500,0,2,0,0,864,0,216,64.0,1728,0,5,0,60,FV,Lvl,Inside,Somerst,Norm,1Fam,2Story,Gable,CompShg,VinylSd,VinylSd,,PConc,GasA,Y,Attchd,,WD,Normal,IR1,Gtl,Gd,TA,Gd,TA,No,Rec,Unf,Ex,SBrkr,Gd,Typ,,RFn,TA,Y,,
0,0,1,1,7,180.0,0,2,1604,8814,1334,110,1,3,270,3,220000,0,2,1,0,0,0,123,68.0,1604,0,5,0,20,RL,Lvl,Inside,CollgCr,Norm,1Fam,1Story,Gable,CompShg,VinylSd,VinylSd,Stone,PConc,GasA,Y,Attchd,,WD,Abnorml,Reg,Gtl,Gd,TA,Gd,TA,No,GLQ,Unf,Ex,SBrkr,Gd,Typ,Gd,RFn,TA,Y,,
0,0,1,0,7,172.0,0,2,963,12435,361,96,1,7,602,3,231500,0,2,1,0,829,0,0,80.0,1792,245,5,0,60,RL,Lvl,Inside,CollgCr,Norm,1Fam,2Story,Gable,CompShg,VinylSd,VinylSd,BrkFace,PConc,GasA,Y,Attchd,,WD,Normal,Reg,Gtl,Gd,TA,Gd,TA,No,GLQ,Unf,Ex,SBrkr,Gd,Typ,TA,RFn,TA,Y,,
0,0,0,0,5,0.0,0,1,0,12702,0,45,1,52,0,2,97000,0,1,0,0,0,0,0,70.0,882,0,5,0,20,RM,Lvl,Inside,OldTown,Norm,1Fam,1Story,Gable,CompShg,BrkFace,BrkFace,,PConc,GasA,Y,Detchd,,WD,Normal,Reg,Gtl,TA,TA,,,,,,Gd,FuseA,TA,Typ,,Unf,TA,Y,,
0,690,0,1,6,399.0,0,2,1362,19296,672,0,1,47,0,3,176000,252,1,1,0,0,0,0,120.0,1382,0,5,0,80,RL,Lvl,Corner,NAmes,Artery,1Fam,SLvl,Gable,CompShg,Wd Sdng,Wd Sdng,BrkFace,CBlock,GasA,Y,Attchd,,WD,Normal,Reg,Gtl,TA,TA,TA,TA,Gd,Rec,ALQ,TA,SBrkr,TA,Typ,TA,Unf,TA,Y,,GdWo
0,0,1,0,8,270.0,0,3,1482,9588,0,148,1,0,1482,3,276000,0,2,1,0,1092,0,0,69.0,2574,0,5,0,60,RL,Lvl,Inside,CollgCr,Norm,1Fam,2Story,Gable,CompShg,CemntBd,CmentBd,Stone,PConc,GasA,Y,BuiltIn,,New,Partial,IR1,Gtl,Gd,TA,Ex,TA,No,Unf,Unf,Ex,SBrkr,Ex,Typ,Gd,Fin,TA,Y,,
0,0,0,1,6,46.0,0,2,506,8471,506,12,1,29,0,3,151000,0,1,1,0,0,0,292,88.0,1212,0,7,0,80,RL,Lvl,Corner,Sawyer,Norm,1Fam,SLvl,Gable,CompShg,HdBoard,Plywood,BrkFace,CBlock,GasA,Y,Attchd,,WD,Normal,IR1,Gtl,TA,TA,Gd,Gd,Av,ALQ,Unf,TA,SBrkr,TA,Typ,TA,Unf,TA,Y,,GdWo
0,692,0,1,5,0.0,390,2,926,5500,234,0,1,81,0,3,130000,0,1,0,0,0,0,0,50.0,1316,0,7,0,50,RM,Lvl,Corner,OldTown,Norm,1Fam,1.5Fin,Gable,CompShg,Wd Sdng,Wd Sdng,,BrkTil,GasA,Y,Detchd,,WD,Normal,Reg,Gtl,TA,TA,TA,TA,No,LwQ,ALQ,TA,SBrkr,TA,Typ,,Unf,TA,Y,,
0,0,0,0,5,0.0,0,2,680,5232,0,0,1,83,680,2,73000,0,1,0,0,0,0,0,30.0,764,0,5,0,30,RM,Bnk,Inside,OldTown,Artery,1Fam,1Story,Gable,CompShg,Wd Sdng,Wd Sdng,,BrkTil,GasA,N,Detchd,,WD,Normal,IR3,Gtl,TA,TA,Fa,TA,No,Unf,Unf,Gd,FuseP,TA,Typ,,Unf,TA,N,,
0,228,0,0,6,210.0,0,2,1422,12090,588,0,1,27,606,3,175500,0,2,1,0,0,0,276,78.0,1422,0,6,0,20,RL,Lvl,Inside,NWAmes,Norm,1Fam,1Story,Gable,CompShg,MetalSd,MetalSd,BrkFace,CBlock,GasA,Y,Attchd,,WD,Normal,IR1,Gtl,TA,Gd,Gd,TA,No,GLQ,LwQ,TA,SBrkr,Gd,Typ,TA,Fin,TA,Y,,GdPrv
0,0,1,1,6,0.0,0,2,802,11207,714,75,1,9,88,3,185000,0,2,1,0,709,0,95,70.0,1511,0,5,0,60,RL,HLS,FR2,Gilbert,Norm,1Fam,2Story,Gable,CompShg,VinylSd,VinylSd,,PConc,GasA,Y,Attchd,,WD,Normal,IR1,Gtl,TA,TA,Gd,TA,Av,GLQ,Unf,Gd,SBrkr,TA,Typ,TA,Fin,TA,Y,,
0,0,1,0,5,0.0,420,1,720,8400,378,24,1,69,342,4,179500,0,2,1,0,720,0,262,60.0,2192,0,8,0,75,RL,Bnk,Inside,SWISU,Norm,1Fam,2.5Fin,Gable,CompShg,Wd Sdng,Wd Sdng,,PConc,GasA,Y,Detchd,,WD,Normal,Reg,Mod,TA,TA,TA,TA,No,LwQ,Unf,Ex,SBrkr,Gd,Typ,Gd,Unf,TA,Y,,
0,125,0,0,5,0.0,0,1,740,6900,403,25,1,68,212,2,120500,0,1,1,0,0,0,0,71.0,778,0,6,0,30,RM,Lvl,Inside,IDOTRR,Norm,1Fam,1Story,Gable,CompShg,VinylSd,VinylSd,,CBlock,GasA,Y,Detchd,,WD,Normal,Reg,Gtl,TA,TA,TA,TA,No,ALQ,Rec,Ex,SBrkr,TA,Typ,Gd,Fin,Ex,Y,,
0,0,1,1,6,174.0,0,1,1143,7917,751,30,1,31,392,3,148000,0,1,1,0,0,0,370,70.0,1113,0,7,0,20,RL,Lvl,Corner,Edwards,Norm,1Fam,1Story,Hip,CompShg,HdBoard,HdBoard,BrkFace,CBlock,GasA,Y,Attchd,,WD,Normal,IR1,Gtl,TA,Gd,TA,Gd,No,BLQ,Unf,TA,SBrkr,TA,Typ,Fa,RFn,TA,Y,,GdPrv
0,0,1,0,8,0.0,0,3,1095,10728,0,51,1,0,1095,3,266000,0,2,1,0,844,0,192,84.0,1939,0,5,0,60,FV,Lvl,Inside,Somerst,Norm,1Fam,2Story,Gable,CompShg,VinylSd,VinylSd,,PConc,GasA,Y,Attchd,,New,Partial,Reg,Gtl,Gd,TA,Gd,TA,Mn,Unf,Unf,Gd,SBrkr,Gd,Typ,Gd,RFn,TA,Y,,
0,1063,0,1,7,0.0,0,2,1385,39104,226,0,1,54,96,2,241500,0,1,2,0,0,0,81,73.0,1363,0,7,0,20,RL,Low,CulDSac,ClearCr,Norm,1Fam,1Story,Flat,Membran,Plywood,Plywood,,CBlock,GasA,Y,Attchd,,WD,Normal,IR1,Sev,TA,TA,Gd,TA,Gd,LwQ,GLQ,Ex,SBrkr,TA,Mod,TA,Unf,TA,Y,,
0,0,1,0,8,348.0,0,3,1152,11764,524,57,1,11,628,4,290000,0,2,1,0,1106,0,132,92.0,2270,0,7,0,60,RL,Lvl,CulDSac,NoRidge,Norm,1Fam,2Story,Gable,CompShg,VinylSd,VinylSd,BrkFace,PConc,GasA,Y,Attchd,,WD,Normal,IR1,Gtl,Gd,TA,Gd,TA,No,GLQ,Unf,Ex,SBrkr,Gd,Typ,Gd,Fin,TA,Y,,
0,620,0,1,6,183.0,0,1,1240,9600,620,0,1,51,0,3,139000,0,2,1,0,0,0,289,80.0,1632,0,6,0,20,RL,Lvl,Inside,NAmes,Feedr,1Fam,1Story,Hip,CompShg,Wd Sdng,Wd Sdng,BrkCmn,CBlock,GasA,Y,Attchd,,WD,Normal,Reg,Gtl,TA,TA,TA,TA,No,Rec,LwQ,Gd,SBrkr,TA,Min1,Gd,RFn,TA,Y,,MnPrv
0,0,0,0,5,0.0,0,1,816,8314,546,0,1,25,270,2,124500,0,1,0,0,0,0,168,76.0,816,0,7,0,20,RL,Lvl,Corner,Mitchel,Norm,1Fam,1Story,Gable,CompShg,HdBoard,ImStucc,,CBlock,GasA,Y,Attchd,,WD,Normal,Reg,Gtl,TA,TA,TA,TA,Gd,ALQ,Unf,TA,SBrkr,TA,Typ,,Unf,TA,Y,,
0,0,1,0,7,0.0,0,2,952,7264,0,0,1,84,952,3,205000,0,2,0,0,596,144,74,55.0,1548,0,7,0,50,RL,Lvl,Inside,BrkSide,Norm,1Fam,1.5Fin,Gable,CompShg,Wd Sdng,Wd Sdng,,BrkTil,GasW,N,Detchd,,WD,Normal,Reg,Gtl,Gd,Gd,TA,TA,No,Unf,Unf,Gd,SBrkr,Ex,Typ,,Unf,TA,Y,,
0,0,0,0,7,0.0,0,2,1560,9196,0,150,1,7,1560,3,201000,0,2,0,0,0,0,100,129.0,1560,0,5,0,20,RL,Lvl,Inside,Mitchel,Norm,1Fam,1Story,Gable,CompShg,VinylSd,VinylSd,,PConc,GasA,Y,Attchd,,WD,Normal,IR1,Gtl,Gd,TA,Ex,TA,No,Unf,Unf,Ex,SBrkr,Gd,Typ,,Fin,TA,Y,,
0,0,0,0,4,0.0,0,2,864,19138,120,0,1,59,744,2,141000,0,1,0,0,0,0,0,140.0,864,0,5,0,20,RL,Lvl,Corner,Gilbert,Norm,1Fam,1Story,Gable,CompShg,VinylSd,VinylSd,,CBlock,GasA,Y,Detchd,,WD,Normal,Reg,Gtl,TA,TA,TA,TA,No,LwQ,Unf,Ex,SBrkr,TA,Typ,,Unf,TA,Y,,
0,0,1,0,9,315.0,0,3,2121,14450,0,98,1,1,2121,3,415298,0,2,1,0,0,142,124,107.0,2121,0,5,0,20,RL,Lvl,Inside,NridgHt,Norm,1Fam,1Story,Gable,CompShg,CemntBd,CmentBd,BrkFace,PConc,GasA,Y,Attchd,,New,Partial,Reg,Gtl,Ex,TA,Ex,TA,Gd,Unf,Unf,Ex,SBrkr,Ex,Typ,Ex,Fin,TA,Y,,
0,0,1,0,7,299.0,0,2,1160,10005,392,117,1,31,768,4,192000,0,2,1,0,866,0,288,83.0,2022,0,5,0,60,RL,Lvl,Inside,ClearCr,Norm,1Fam,2Story,Hip,CompShg,Plywood,Plywood,BrkFace,CBlock,GasA,Y,Attchd,,WD,Normal,Reg,Gtl,TA,TA,Gd,TA,No,BLQ,Unf,Ex,SBrkr,TA,Typ,TA,Fin,TA,Y,,
0,0,1,0,7,340.0,0,2,807,11287,421,84,1,18,386,3,228500,0,2,1,0,807,0,0,82.0,1982,196,6,0,60,RL,Lvl,Inside,SawyerW,Norm,1Fam,2Story,Gable,CompShg,Plywood,Plywood,BrkFace,CBlock,GasA,Y,Attchd,,WD,Normal,Reg,Gtl,Gd,TA,Gd,TA,Av,GLQ,Unf,Gd,SBrkr,Gd,Typ,TA,Fin,TA,Y,,
0,0,0,0,6,68.0,0,2,1262,7200,905,120,1,0,357,2,185000,0,2,0,0,0,0,0,60.0,1262,0,5,0,20,FV,Lvl,Inside,Somerst,Norm,1Fam,1Story,Gable,CompShg,VinylSd,VinylSd,Stone,PConc,GasA,Y,Attchd,,New,Partial,Reg,Gtl,Gd,TA,Gd,TA,No,GLQ,Unf,Gd,SBrkr,Gd,Typ,,Fin,TA,Y,,
0,0,0,1,7,166.0,0,2,1314,5063,904,62,1,2,410,2,207500,0,2,1,0,0,0,172,34.0,1314,0,5,0,120,RL,Lvl,Inside,NridgHt,Norm,Twnhs,1Story,Gable,CompShg,VinylSd,VinylSd,Stone,PConc,GasA,Y,Attchd,,ConLw,Normal,Reg,Gtl,Gd,TA,Gd,TA,No,GLQ,Unf,Ex,SBrkr,Gd,Typ,Gd,RFn,TA,Y,,
0,0,0,0,8,72.0,0,3,1468,9612,0,150,1,1,1468,3,244600,0,2,1,0,0,0,210,74.0,1468,0,5,0,20,RL,Lvl,Inside,Somerst,Feedr,1Fam,1Story,Gable,CompShg,VinylSd,VinylSd,Stone,PConc,GasA,Y,Attchd,,New,Partial,Reg,Gtl,Gd,TA,Gd,TA,No,Unf,Unf,Ex,SBrkr,Gd,Typ,Gd,Fin,TA,Y,,
0,0,0,1,6,0.0,0,2,1575,8012,430,0,1,15,1145,2,179200,52,2,0,0,0,0,0,50.0,1575,0,5,0,120,RL,Lvl,Inside,SawyerW,Norm,TwnhsE,1Story,Gable,CompShg,Plywood,ImStucc,,PConc,GasA,Y,Attchd,,WD,Normal,Reg,Gtl,Gd,TA,Gd,TA,No,GLQ,Unf,Gd,SBrkr,Gd,Typ,,RFn,TA,Y,,
0,0,1,0,7,0.0,0,2,625,4251,0,54,1,1,625,2,164700,0,2,0,0,625,0,0,35.0,1250,0,5,0,160,FV,Lvl,Inside,Somerst,Norm,TwnhsE,2Story,Gable,CompShg,MetalSd,MetalSd,,PConc,GasA,Y,Detchd,,New,Partial,IR1,Gtl,Gd,TA,Gd,TA,No,Unf,Unf,Ex,SBrkr,Gd,Typ,,RFn,TA,Y,,
0,0,1,0,6,0.0,0,2,912,9786,600,0,1,44,312,3,159000,0,1,1,0,649,128,0,77.0,1734,0,7,0,50,RL,Bnk,Inside,NAmes,Norm,1Fam,1.5Fin,Gable,CompShg,Wd Sdng,Wd Sdng,,CBlock,GasA,Y,Attchd,,WD,Normal,IR1,Gtl,TA,TA,TA,TA,No,Rec,Unf,TA,SBrkr,Gd,Typ,Gd,RFn,TA,Y,,GdPrv
0,0,0,0,4,0.0,0,0,858,8125,614,0,1,35,244,3,88000,0,1,0,0,0,0,0,70.0,858,0,4,0,20,RL,Lvl,Corner,NAmes,Norm,1Fam,1Story,Gable,CompShg,HdBoard,HdBoard,,CBlock,GasA,Y,,,WD,Normal,IR1,Gtl,TA,TA,TA,TA,No,BLQ,Unf,TA,SBrkr,TA,Typ,,,,Y,,
0,0,0,0,5,31.0,0,1,882,9819,450,0,1,43,432,3,122000,0,1,0,0,0,0,0,70.0,900,0,5,0,20,RL,Lvl,Inside,Sawyer,Norm,1Fam,1Story,Gable,CompShg,MetalSd,MetalSd,BrkFace,CBlock,GasA,Y,Detchd,,WD,Normal,IR1,Gtl,TA,Gd,TA,TA,No,BLQ,Unf,TA,SBrkr,TA,Typ,,Unf,TA,Y,,MnPrv
0,0,0,0,6,0.0,0,1,698,8730,0,0,1,92,698,3,153575,0,1,0,0,698,259,0,60.0,1396,0,7,0,70,RL,Lvl,Inside,BrkSide,RRAn,1Fam,2Story,Gable,CompShg,Wd Sdng,Wd Sdng,,BrkTil,GasA,Y,Detchd,,WD,Normal,Reg,Gtl,TA,TA,TA,TA,No,Unf,Unf,Ex,FuseA,TA,Typ,,Unf,TA,Y,,
0,0,1,0,8,0.0,0,2,1079,15611,0,51,1,0,1079,3,233230,0,2,1,0,840,0,0,120.0,1919,0,5,0,60,RL,Lvl,Inside,CollgCr,Norm,1Fam,2Story,Gable,CompShg,VinylSd,VinylSd,,PConc,GasA,Y,Attchd,,New,Partial,Reg,Gtl,Gd,TA,Gd,TA,Av,Unf,Unf,Ex,SBrkr,Gd,Typ,Gd,RFn,Gd,Y,,
0,0,0,1,5,0.0,0,0,780,5687,210,184,1,96,570,6,135900,0,2,0,0,780,0,0,55.0,1716,0,6,0,190,RL,Bnk,Inside,SWISU,Norm,2fmCon,2Story,Gable,CompShg,VinylSd,VinylSd,,PConc,GasA,N,,,WD,Normal,Reg,Gtl,TA,Fa,TA,Fa,No,Rec,Unf,Ex,SBrkr,Fa,Typ,,,,N,,
0,0,1,0,5,0.0,0,1,768,11409,292,0,1,60,476,3,131000,0,1,1,0,568,160,0,60.0,1716,0,4,0,50,RL,Lvl,Inside,Edwards,Norm,1Fam,1.5Fin,Gable,CompShg,Wd Sdng,Wd Sdng,,CBlock,GasA,Y,Attchd,,WD,Normal,Reg,Gtl,TA,TA,TA,TA,No,LwQ,Unf,Gd,SBrkr,TA,Min2,Gd,Unf,TA,Y,,
0,0,1,1,7,34.0,0,2,795,16659,795,250,1,29,0,3,235000,0,2,1,0,795,0,0,70.0,2263,0,7,0,60,RL,Lvl,Corner,NWAmes,PosA,1Fam,2Story,Gable,CompShg,Plywood,Plywood,BrkFace,CBlock,GasA,Y,Attchd,,WD,Normal,IR1,Gtl,TA,TA,TA,TA,No,ALQ,Unf,Fa,SBrkr,Gd,Typ,TA,Fin,TA,Y,,
0,0,0,1,6,238.0,0,2,1416,9600,1285,0,1,56,131,3,167000,0,1,2,0,0,0,110,80.0,1644,0,5,0,20,RL,Lvl,Inside,NAmes,Norm,1Fam,1Story,Hip,CompShg,HdBoard,HdBoard,Stone,CBlock,GasA,Y,Attchd,,WD,Normal,Reg,Gtl,TA,TA,TA,TA,No,GLQ,Unf,TA,SBrkr,TA,Typ,Gd,Fin,TA,Y,,
0,0,0,1,6,0.0,0,2,1003,7937,819,0,1,22,184,3,142500,0,1,0,0,0,0,120,37.0,1003,0,6,0,80,RL,Lvl,CulDSac,Mitchel,Norm,1Fam,SLvl,Gable,CompShg,HdBoard,HdBoard,,CBlock,GasA,Y,Detchd,,WD,Normal,IR1,Gtl,TA,TA,TA,TA,Av,GLQ,Unf,TA,SBrkr,TA,Typ,,Unf,TA,Y,,GdPrv
0,0,1,0,5,0.0,0,1,910,13710,420,0,1,57,490,4,152000,0,1,0,0,648,0,289,75.0,1558,0,5,0,50,RM,Lvl,Inside,IDOTRR,Norm,1Fam,1.5Fin,Gable,CompShg,Wd Sdng,Wd Sdng,,CBlock,GasA,Y,Attchd,,WD,Normal,Reg,Gtl,TA,TA,TA,TA,No,BLQ,Unf,TA,FuseA,TA,Typ,,Unf,TA,Y,,MnPrv
0,0,1,0,7,1600.0,0,2,975,7399,649,10,1,10,326,3,239000,0,2,1,0,975,198,0,66.0,1950,0,5,0,60,FV,Lvl,Inside,Somerst,Norm,1Fam,2Story,Hip,CompShg,VinylSd,VinylSd,BrkFace,PConc,GasA,Y,Detchd,,WD,Normal,IR1,Gtl,Gd,TA,Gd,TA,No,BLQ,Unf,Ex,SBrkr,Gd,Typ,TA,RFn,TA,Y,,
1,175,2,0,6,365.0,0,2,702,11700,384,0,1,39,143,3,175000,0,1,1,0,702,0,224,90.0,1743,0,6,0,60,RL,Lvl,Inside,NWAmes,Norm,1Fam,2Story,Mansard,CompShg,HdBoard,AsphShn,BrkFace,CBlock,GasA,Y,Attchd,,WD,Normal,Reg,Gtl,Gd,TA,TA,TA,No,ALQ,Rec,Gd,SBrkr,TA,Typ,Gd,Unf,TA,Y,,
1,0,0,0,6,0.0,0,1,1092,14000,0,36,1,59,1092,3,158500,0,1,1,0,0,0,0,80.0,1152,0,8,0,20,RL,Lvl,Inside,Crawfor,Norm,1Fam,1Story,Gable,CompShg,HdBoard,HdBoard,,CBlock,GasA,Y,Attchd,,WD,Family,Reg,Gtl,TA,Gd,TA,TA,No,Unf,Unf,Ex,SBrkr,Gd,Typ,Gd,Unf,TA,Y,,GdPrv
0,0,0,1,5,56.0,0,1,1165,15750,841,0,1,53,324,2,157000,0,1,2,0,0,0,0,90.0,1336,0,5,0,190,RL,Lvl,Corner,Crawfor,Norm,2fmCon,1Story,Hip,CompShg,MetalSd,MetalSd,BrkFace,CBlock,GasA,Y,Attchd,,WD,Normal,Reg,Gtl,TA,TA,TA,TA,Mn,BLQ,Unf,TA,SBrkr,TA,Typ,Gd,Unf,TA,Y,,
0,0,1,0,8,0.0,0,2,1028,16226,281,50,1,9,747,4,267000,0,2,1,0,1242,0,208,66.0,2452,0,5,0,60,RL,Lvl,Inside,CollgCr,Norm,1Fam,2Story,Gable,CompShg,VinylSd,VinylSd,,PConc,GasA,Y,BuiltIn,,WD,Normal,IR3,Gtl,Gd,TA,Gd,TA,No,GLQ,Unf,Ex,SBrkr,Gd,Typ,TA,Fin,TA,Y,,
0,0,0,0,7,150.0,0,3,1541,13704,0,81,1,5,1541,3,205000,0,2,1,0,0,0,468,118.0,1541,0,5,0,20,RL,Lvl,Corner,CollgCr,Norm,1Fam,1Story,Gable,CompShg,VinylSd,VinylSd,BrkFace,PConc,GasA,Y,Attchd,,WD,Normal,IR1,Gtl,Gd,TA,Gd,TA,No,Unf,Unf,Ex,SBrkr,Gd,Typ,TA,RFn,TA,Y,,
0,0,0,1,5,0.0,0,2,894,9800,894,0,1,34,0,3,149900,0,1,0,0,0,0,256,70.0,894,0,7,0,20,RL,Lvl,Corner,CollgCr,Norm,1Fam,1Story,Gable,CompShg,VinylSd,VinylSd,,PConc,GasA,Y,Attchd,,WD,Abnorml,Reg,Gtl,TA,TA,TA,TA,No,ALQ,Unf,TA,SBrkr,TA,Typ,,Unf,TA,Y,,GdWo
0,0,0,0,7,0.0,0,3,1470,18386,0,0,1,128,1470,3,295000,0,3,1,0,1818,0,302,87.0,3493,0,9,0,75,RM,Lvl,Inside,OldTown,Norm,1Fam,2.5Fin,Gable,CompShg,CemntBd,CmentBd,,BrkTil,GasA,Y,Attchd,,WD,Normal,Reg,Gtl,TA,TA,TA,TA,No,Unf,Unf,Ex,SBrkr,Gd,Typ,Ex,Unf,TA,Y,,
0,0,0,1,8,246.0,0,3,2000,10386,1464,0,1,3,536,3,305900,0,2,0,0,0,0,168,80.0,2000,0,5,0,20,RL,Lvl,Inside,CollgCr,Norm,1Fam,1Story,Gable,CompShg,CemntBd,CmentBd,Stone,PConc,GasA,Y,Attchd,,WD,Normal,Reg,Gtl,Gd,TA,Gd,TA,No,GLQ,Unf,Ex,SBrkr,Gd,Typ,,Fin,TA,Y,,
0,0,1,1,7,246.0,0,3,700,13474,700,44,1,17,0,4,225000,224,2,1,0,1121,0,127,116.0,2243,0,5,0,60,RL,Lvl,Inside,SawyerW,Feedr,1Fam,2Story,Gable,CompShg,HdBoard,Plywood,BrkFace,CBlock,GasA,Y,Attchd,,WD,Normal,Reg,Gtl,Gd,TA,Gd,TA,No,ALQ,Unf,Gd,SBrkr,Gd,Typ,TA,RFn,TA,Y,,
0,0,0,0,6,0.0,0,0,319,7920,0,144,1,88,319,3,89500,0,1,0,0,371,0,0,70.0,1406,0,7,0,50,RM,Lvl,Inside,IDOTRR,Artery,1Fam,1.5Fin,Gable,CompShg,MetalSd,MetalSd,,CBlock,GasA,Y,,,WD,Normal,IR1,Gtl,TA,Fa,TA,TA,No,Unf,Unf,TA,FuseA,Fa,Typ,,,,N,,MnPrv
0,0,0,0,4,0.0,0,2,861,12342,262,0,1,69,599,1,82500,0,1,0,0,0,0,158,70.0,861,0,5,0,30,RL,Lvl,Inside,Edwards,Norm,1Fam,1Story,Gable,CompShg,VinylSd,VinylSd,,CBlock,GasA,Y,Detchd,,WD,Normal,IR1,Gtl,TA,TA,TA,TA,No,BLQ,Unf,Ex,SBrkr,TA,Typ,,Unf,TA,Y,,
0,0,0,1,9,0.0,0,3,1896,12378,1274,175,1,3,622,3,360000,0,2,3,0,0,0,208,90.0,1944,0,5,0,20,RL,Lvl,Inside,NridgHt,Norm,1Fam,1Story,Gable,CompShg,VinylSd,VinylSd,,PConc,GasA,Y,Attchd,,WD,Normal,IR1,Gtl,Gd,TA,Ex,TA,Gd,GLQ,Unf,Ex,SBrkr,Ex,Typ,Ex,Fin,TA,Y,,
0,0,1,0,6,112.0,0,2,697,7685,518,63,1,13,179,3,165600,0,2,1,0,804,0,190,70.0,1501,0,5,0,60,RL,Lvl,Inside,Gilbert,Norm,1Fam,2Story,Gable,CompShg,HdBoard,HdBoard,BrkFace,PConc,GasA,Y,Attchd,,WD,Normal,IR1,Gtl,TA,TA,Gd,TA,No,ALQ,Unf,Gd,SBrkr,Gd,Typ,TA,Fin,TA,Y,,
0,0,0,1,6,0.0,0,1,972,8000,680,0,1,61,292,2,132000,0,1,1,0,0,0,0,50.0,972,0,6,0,20,RL,Lvl,Inside,NAmes,Norm,1Fam,1Story,Gable,CompShg,VinylSd,VinylSd,,CBlock,GasA,Y,Detchd,,WD,Normal,Reg,Gtl,TA,Gd,TA,TA,No,ALQ,Unf,Ex,SBrkr,TA,Typ,Gd,Unf,TA,Y,,
0,0,0,1,5,0.0,0,2,793,7800,507,0,1,67,286,3,119900,0,1,1,0,325,271,0,65.0,1118,0,7,0,190,RM,Lvl,Inside,OldTown,Artery,2fmCon,1.5Fin,Gable,CompShg,MetalSd,MetalSd,,CBlock,GasA,Y,Detchd,,WD,Normal,Reg,Gtl,TA,TA,Gd,TA,Mn,Rec,Unf,TA,SBrkr,TA,Typ,Gd,Unf,TA,Y,,MnPrv
0,820,0,2,7,0.0,0,2,2136,215245,1236,0,1,44,80,3,375000,0,2,2,0,0,0,0,150.0,2036,0,5,0,20,RL,Low,Inside,Timber,Norm,1Fam,1Story,Hip,CompShg,BrkFace,BrkFace,,CBlock,GasW,Y,Attchd,,WD,Normal,IR3,Sev,TA,TA,Gd,TA,Gd,ALQ,Rec,TA,SBrkr,TA,Typ,Gd,RFn,TA,Y,,
1,0,1,0,7,0.0,0,2,728,9600,16,0,1,81,712,3,178000,234,1,1,0,809,0,0,60.0,1641,0,7,0,70,RM,Lvl,Inside,OldTown,Norm,1Fam,2Story,Gable,CompShg,Wd Sdng,Wd Sdng,,BrkTil,GasA,Y,Detchd,,WD,Normal,Reg,Gtl,TA,TA,TA,Gd,No,LwQ,Unf,Ex,SBrkr,Ex,Typ,Gd,Unf,Fa,Y,,
0,0,1,1,7,0.0,0,2,716,7795,425,51,1,5,291,3,188500,0,2,1,0,716,0,100,71.0,1432,0,5,0,60,RL,Lvl,Inside,Gilbert,Norm,1Fam,2Story,Gable,CompShg,VinylSd,VinylSd,,PConc,GasA,Y,Attchd,,WD,Normal,IR1,Gtl,Gd,TA,Gd,TA,No,GLQ,Unf,Ex,SBrkr,Gd,Typ,Gd,Fin,TA,Y,,
0,0,1,1,7,278.0,0,2,845,13005,692,195,1,29,153,4,260000,0,2,1,0,1200,0,288,94.0,2353,0,7,0,60,RL,Lvl,Corner,NWAmes,Norm,1Fam,2Story,Gable,CompShg,CemntBd,CmentBd,BrkFace,CBlock,GasA,Y,Attchd,,WD,Normal,IR1,Gtl,Gd,TA,Gd,TA,No,GLQ,Unf,TA,SBrkr,Ex,Typ,TA,RFn,TA,Y,,GdPrv
0,0,1,0,8,0.0,0,3,1088,9000,0,46,1,1,1088,3,270000,0,2,1,0,871,0,208,75.0,1959,0,5,0,60,FV,Lvl,Inside,Somerst,Norm,1Fam,2Story,Gable,CompShg,VinylSd,VinylSd,,PConc,GasA,Y,Attchd,,WD,Normal,Reg,Gtl,Gd,TA,Gd,TA,Av,Unf,Unf,Ex,SBrkr,Gd,Typ,Gd,RFn,TA,Y,,
0,0,1,1,7,256.0,0,3,1347,9900,987,60,1,16,360,4,260000,144,2,1,0,1274,0,340,90.0,2646,0,5,0,60,RL,Low,Inside,NoRidge,Norm,1Fam,2Story,Gable,CompShg,HdBoard,HdBoard,BrkFace,PConc,GasA,Y,Attchd,,WD,Normal,Reg,Mod,Gd,TA,Gd,TA,Gd,GLQ,Unf,Ex,SBrkr,Gd,Typ,TA,RFn,TA,Y,,
0,0,0,1,7,225.0,0,2,1372,14115,1036,48,1,29,336,3,187500,0,2,2,0,0,0,233,70.0,1472,0,5,0,80,RL,Lvl,Inside,NWAmes,Norm,1Fam,SLvl,Gable,CompShg,Plywood,Plywood,BrkFace,CBlock,GasA,Y,Attchd,,WD,Normal,Reg,Gtl,TA,TA,Gd,TA,Av,GLQ,Unf,TA,SBrkr,TA,Typ,TA,Unf,TA,Y,,
0,0,1,0,9,370.0,0,3,1249,16259,0,154,1,0,1249,4,342643,0,3,0,0,1347,0,240,111.0,2596,0,5,0,60,RL,Lvl,Corner,NridgHt,Norm,1Fam,2Story,Gable,CompShg,VinylSd,VinylSd,Stone,PConc,GasA,Y,Attchd,,New,Partial,Reg,Gtl,TA,TA,Ex,Gd,Av,Unf,Unf,Ex,SBrkr,Gd,Typ,,RFn,TA,Y,,
0,0,1,1,8,388.0,0,3,1136,12099,970,154,1,3,166,4,354000,0,2,1,0,1332,0,184,99.0,2468,0,5,0,60,RL,Lvl,Inside,NridgHt,Norm,1Fam,2Story,Gable,CompShg,VinylSd,VinylSd,BrkFace,PConc,GasA,Y,BuiltIn,,WD,Normal,IR1,Gtl,Gd,TA,Ex,TA,Av,GLQ,Unf,Ex,SBrkr,Gd,Typ,Gd,Fin,TA,Y,,
0,1474,1,1,7,172.0,0,2,1502,10380,28,96,1,21,0,4,301000,0,2,1,0,1177,0,201,86.0,2730,0,5,0,60,RL,Lvl,Inside,SawyerW,Norm,1Fam,2Story,Gable,CompShg,Plywood,Plywood,BrkFace,CBlock,GasA,Y,Attchd,,WD,Normal,IR1,Gtl,Gd,TA,TA,TA,Gd,LwQ,ALQ,Ex,SBrkr,Gd,Typ,TA,Fin,TA,Y,,MnPrv
0,0,0,1,3,0.0,0,1,1162,5820,256,98,1,51,906,3,126175,0,1,0,0,0,0,142,49.0,1163,0,8,0,20,RM,Lvl,Inside,OldTown,Norm,1Fam,1Story,Gable,CompShg,VinylSd,VinylSd,,CBlock,GasA,Y,Attchd,,WD,Normal,Reg,Gtl,TA,Gd,TA,TA,No,ALQ,Unf,Ex,SBrkr,TA,Typ,,Unf,Fa,Y,,
0,0,1,0,7,300.0,0,2,710,11275,0,0,1,43,710,5,242000,0,2,1,0,1080,0,240,96.0,2978,0,7,0,80,RL,Lvl,Corner,NAmes,PosN,1Fam,SLvl,Mansard,WdShake,Wd Sdng,Wd Sdng,BrkFace,CBlock,GasA,Y,BuiltIn,,WD,Normal,Reg,Gtl,Gd,Gd,Gd,TA,No,Unf,Unf,Ex,SBrkr,Gd,Typ,Gd,Fin,TA,Y,,
0,0,0,0,5,0.0,0,2,720,5000,116,0,1,66,604,2,87000,244,1,0,0,0,0,0,50.0,803,0,6,0,45,RM,Lvl,Inside,IDOTRR,RRAe,1Fam,1.5Unf,Gable,CompShg,MetalSd,MetalSd,,CBlock,GasA,N,Detchd,,WD,Normal,Reg,Gtl,TA,TA,TA,TA,Av,BLQ,Unf,Po,FuseF,TA,Typ,,Unf,TA,Y,,
0,0,1,2,8,0.0,0,2,1719,10846,1619,30,1,15,100,1,324000,0,1,2,0,0,0,122,32.0,1719,0,5,0,120,RL,Lvl,CulDSac,Veenker,Norm,TwnhsE,1Story,Gable,CompShg,BrkFace,BrkFace,,PConc,GasA,Y,Attchd,,Con,Normal,IR1,Gtl,Gd,TA,Gd,TA,Gd,GLQ,Unf,Ex,SBrkr,Gd,Typ,Gd,Fin,TA,Y,,
0,0,1,0,6,175.0,0,1,1383,11600,565,45,1,46,818,3,145250,0,1,0,0,0,0,0,80.0,1383,0,5,0,20,RL,Lvl,Inside,NAmes,Norm,1Fam,1Story,Hip,CompShg,Wd Sdng,Wd Sdng,BrkFace,CBlock,GasA,Y,Attchd,,WD,Normal,Reg,Gtl,TA,TA,TA,TA,No,Rec,Unf,TA,SBrkr,TA,Typ,,RFn,TA,Y,,
0,0,0,0,6,0.0,0,2,844,11888,0,60,1,93,844,5,214500,268,2,0,0,689,0,0,70.0,2134,0,6,0,75,RL,Bnk,Inside,BrkSide,PosN,1Fam,2.5Unf,Gable,CompShg,Wd Sdng,Wd Shng,,BrkTil,GasA,N,Detchd,,WD,Normal,IR1,Gtl,TA,TA,TA,TA,No,Unf,Unf,Gd,FuseA,Gd,Typ,,Unf,TA,Y,,
0,0,0,0,5,0.0,0,1,596,6402,0,0,1,89,596,3,78000,137,1,0,0,596,0,0,60.0,1192,0,5,0,70,RM,Lvl,Corner,IDOTRR,Norm,1Fam,2Story,Gable,CompShg,Wd Sdng,Wd Shng,,PConc,GasA,N,Detchd,,WD,Normal,Reg,Gtl,TA,TA,TA,TA,Mn,Unf,Unf,TA,SBrkr,TA,Typ,,Unf,Fa,N,,GdWo
1,264,0,0,5,84.0,0,1,1728,10624,40,0,2,43,1424,6,119000,0,2,0,0,0,0,155,70.0,1728,0,4,0,90,RL,Lvl,Inside,NAmes,Norm,Duplex,1Story,Gable,CompShg,HdBoard,HdBoard,BrkFace,CBlock,GasA,Y,Detchd,,WD,Normal,IR1,Gtl,TA,TA,TA,TA,No,GLQ,Rec,TA,SBrkr,TA,Typ,,Unf,TA,Y,,
0,0,0,1,5,0.0,0,1,1056,8176,846,0,1,49,210,3,139000,0,1,0,0,0,0,0,70.0,1056,0,6,0,20,RL,Lvl,Inside,NAmes,Norm,1Fam,1Story,Gable,CompShg,Wd Sdng,Wd Sdng,,CBlock,GasA,Y,Attchd,,WD,Normal,Reg,Gtl,TA,TA,TA,TA,No,Rec,Unf,Fa,SBrkr,TA,Typ,,RFn,TA,Y,,
0,479,0,1,8,296.0,0,3,3206,10655,1124,0,1,6,1603,3,284000,0,2,1,0,0,0,0,85.0,1629,0,5,0,20,RL,Lvl,Inside,NridgHt,Norm,1Fam,1Story,Gable,CompShg,VinylSd,VinylSd,BrkFace,PConc,GasA,Y,Attchd,,WD,Normal,IR1,Gtl,Gd,TA,Gd,TA,No,GLQ,,Ex,SBrkr,Gd,Typ,Gd,RFn,TA,Y,,
0,0,0,1,7,146.0,0,2,1358,8198,720,30,1,4,638,2,207000,0,2,1,0,0,0,192,59.0,1358,0,5,0,120,RM,Lvl,FR3,NridgHt,Norm,TwnhsE,1Story,Gable,CompShg,VinylSd,VinylSd,Stone,PConc,GasA,Y,Attchd,,WD,Normal,Reg,Gtl,Gd,TA,Gd,TA,Av,GLQ,Unf,Ex,SBrkr,Gd,Typ,Gd,RFn,TA,Y,,
0,0,1,1,6,0.0,0,2,943,9042,828,38,1,10,115,3,192000,0,2,2,0,695,0,100,59.0,1638,0,5,0,60,RL,Lvl,Inside,Gilbert,Norm,1Fam,2Story,Gable,CompShg,VinylSd,VinylSd,,PConc,GasA,Y,Attchd,,WD,Normal,IR1,Gtl,TA,TA,Gd,TA,Gd,GLQ,Unf,Gd,SBrkr,TA,Typ,TA,Fin,TA,Y,,
0,147,0,2,5,0.0,0,2,1499,164660,1249,0,1,43,103,3,228950,0,2,2,700,167,0,670,70.0,1786,0,6,0,190,RL,HLS,Corner,Timber,Norm,2fmCon,1.5Fin,Gable,CompShg,Plywood,Plywood,,CBlock,GasA,Y,Attchd,Shed,WD,Normal,IR1,Sev,TA,TA,TA,TA,Gd,ALQ,BLQ,Ex,SBrkr,TA,Typ,Gd,Fin,TA,Y,,
0,0,0,1,9,200.0,0,3,1922,14157,1249,51,1,2,673,3,377426,0,2,1,0,0,0,178,86.0,1922,0,5,0,20,RL,HLS,Corner,StoneBr,Norm,1Fam,1Story,Hip,CompShg,VinylSd,VinylSd,Stone,PConc,GasA,Y,Attchd,,WD,Normal,IR1,Gtl,Gd,TA,Ex,TA,Gd,GLQ,Unf,Ex,SBrkr,Gd,Typ,Gd,Fin,TA,Y,,
0,0,0,1,7,113.0,0,2,1536,9135,810,74,1,6,726,3,214000,0,2,0,0,0,0,192,70.0,1536,0,5,0,20,RL,Lvl,Inside,CollgCr,Norm,1Fam,1Story,Gable,CompShg,VinylSd,VinylSd,BrkFace,PConc,GasA,Y,Attchd,,WD,Normal,Reg,Gtl,Gd,TA,Gd,TA,Av,GLQ,Unf,Ex,SBrkr,Gd,Typ,,RFn,TA,Y,,
0,0,0,1,7,0.0,0,2,1208,14145,213,45,1,22,995,3,202500,0,2,0,400,0,0,108,91.0,1621,0,7,0,20,RL,Lvl,Corner,NWAmes,Norm,1Fam,1Story,Gable,CompShg,Wd Sdng,Wd Sdng,,CBlock,GasA,Y,Attchd,Shed,WD,Normal,Reg,Gtl,Gd,TA,Gd,TA,Mn,ALQ,Unf,Ex,SBrkr,Gd,Typ,,RFn,TA,Y,,
0,0,0,0,6,176.0,0,1,1215,12400,585,0,1,51,630,3,155000,0,1,0,0,0,234,0,66.0,1215,0,7,0,20,RL,Lvl,Inside,NAmes,Feedr,1Fam,1Story,Hip,CompShg,Wd Sdng,Wd Sdng,BrkFace,CBlock,GasA,Y,Attchd,,WD,Normal,IR1,Gtl,TA,TA,TA,Fa,No,Rec,Unf,TA,FuseA,TA,Typ,,Unf,TA,Y,,
0,0,1,0,8,0.0,0,2,967,14191,0,0,1,8,967,4,202900,0,2,0,0,915,0,135,85.0,1908,0,5,0,60,RL,Lvl,Inside,Timber,Norm,1Fam,2Story,Gable,CompShg,VinylSd,VinylSd,,PConc,GasA,Y,Attchd,,WD,Normal,Reg,Gtl,Gd,TA,Gd,TA,No,Unf,Unf,Ex,SBrkr,Gd,Typ,,Fin,TA,Y,,
0,0,0,0,4,0.0,0,1,721,8400,0,0,1,59,721,2,82000,24,1,0,0,0,0,250,60.0,841,0,4,0,20,RH,Lvl,Inside,SawyerW,Feedr,1Fam,1Story,Gable,CompShg,Wd Sdng,AsbShng,,CBlock,GasA,Y,CarPort,,WD,Normal,Reg,Gtl,Fa,Fa,TA,Fa,No,Unf,Unf,Gd,SBrkr,TA,Typ,,Unf,TA,N,,
0,0,0,0,3,340.0,0,2,0,8544,0,0,2,57,0,2,87500,0,2,0,0,0,0,0,70.0,1040,0,4,0,90,RL,Lvl,Inside,NAmes,Norm,Duplex,1Story,Gable,CompShg,Stucco,Stucco,BrkFace,Slab,Wall,N,Detchd,,WD,Normal,Reg,Gtl,TA,TA,,,,,,Fa,FuseA,TA,Typ,,Unf,TA,Y,,
0,0,0,0,9,616.0,0,2,1684,8849,28,72,1,3,1656,2,266000,0,2,1,0,0,0,495,63.0,1684,0,5,0,120,RL,Lvl,Inside,NridgHt,Norm,TwnhsE,1Story,Hip,CompShg,MetalSd,MetalSd,BrkFace,PConc,GasA,Y,Attchd,,WD,Normal,IR1,Gtl,Ex,TA,Ex,TA,No,GLQ,Unf,Ex,SBrkr,Ex,Typ,Ex,RFn,TA,Y,,
0,232,1,0,5,0.0,0,1,536,2592,129,0,1,34,175,3,85000,0,1,0,0,576,0,182,36.0,1112,0,3,0,160,RM,Lvl,Inside,MeadowV,Norm,TwnhsE,2Story,Gable,CompShg,CemntBd,CmentBd,,CBlock,GasA,Y,Attchd,,WD,Normal,Reg,Gtl,TA,TA,Gd,TA,No,Rec,BLQ,TA,SBrkr,TA,Typ,,Unf,TA,Y,,
0,0,0,0,6,0.0,0,1,972,6435,0,0,1,67,972,3,140200,0,1,1,0,605,0,0,65.0,1577,0,5,0,50,RL,Lvl,Inside,BrkSide,RRAn,1Fam,1.5Fin,Gable,CompShg,MetalSd,MetalSd,,BrkTil,GasA,Y,Detchd,,WD,Normal,Reg,Gtl,TA,TA,TA,TA,No,Unf,Unf,Gd,SBrkr,Fa,Typ,Gd,Unf,TA,Y,,
0,0,0,0,6,0.0,0,1,958,12772,498,0,1,47,460,2,151500,0,1,0,15500,0,0,0,70.0,958,0,8,0,20,RL,Lvl,CulDSac,NAmes,Norm,1Fam,1Story,Hip,CompShg,MetalSd,MetalSd,,CBlock,GasA,Y,Attchd,Gar2,WD,Normal,IR1,Gtl,TA,Gd,TA,TA,Mn,BLQ,Unf,TA,SBrkr,TA,Typ,,RFn,TA,Y,,
0,0,0,1,6,30.0,0,2,1478,17600,1270,40,1,49,208,3,157500,0,2,2,0,0,0,0,70.0,1478,0,5,0,20,RL,Lvl,Inside,NAmes,Norm,1Fam,1Story,Gable,CompShg,Wd Sdng,Wd Sdng,BrkFace,CBlock,GasA,Y,Attchd,,WD,Normal,IR1,Gtl,TA,TA,TA,TA,No,BLQ,Unf,Ex,FuseA,TA,Typ,Gd,Unf,TA,Y,,
0,0,1,1,7,106.0,0,2,764,2448,573,27,1,5,191,2,154000,0,2,0,0,862,0,0,36.0,1626,0,5,0,160,RL,Lvl,Inside,NridgHt,Norm,Twnhs,2Story,Gable,CompShg,VinylSd,Wd Shng,Stone,PConc,GasA,Y,BuiltIn,,WD,Normal,Reg,Gtl,Gd,TA,Gd,TA,No,GLQ,Unf,Ex,SBrkr,Gd,Typ,,RFn,TA,Y,,
0,0,1,1,9,870.0,0,3,1848,20431,1410,0,1,1,438,4,437154,0,2,2,0,880,0,0,56.0,2728,0,5,0,60,RL,Lvl,Inside,NridgHt,Norm,1Fam,2Story,Hip,CompShg,CemntBd,CmentBd,BrkFace,PConc,GasA,Y,Attchd,,New,Partial,IR2,Gtl,Ex,TA,Ex,TA,No,GLQ,Unf,Ex,SBrkr,Ex,Typ,Ex,Fin,TA,Y,,
0,0,0,0,9,362.0,0,2,1869,7820,0,54,1,0,1869,2,318061,0,2,1,0,0,0,210,68.0,1869,0,5,0,120,RL,Lvl,Inside,NridgHt,Norm,TwnhsE,1Story,Hip,CompShg,MetalSd,MetalSd,BrkFace,PConc,GasA,Y,Attchd,,New,Partial,IR1,Gtl,Ex,TA,Ex,TA,No,Unf,Unf,Ex,SBrkr,Ex,Typ,Gd,RFn,TA,Y,,
0,0,1,1,7,0.0,0,2,1453,5271,1082,80,1,20,371,2,190000,0,1,1,0,0,184,0,70.0,1453,0,5,0,120,RL,Low,Inside,ClearCr,Norm,1Fam,1Story,Gable,CompShg,Wd Sdng,Wd Sdng,,PConc,GasA,Y,Attchd,,WD,Abnorml,IR1,Mod,TA,TA,Gd,TA,Gd,GLQ,Unf,Gd,SBrkr,Gd,Typ,TA,RFn,TA,Y,,
1,380,0,0,5,0.0,0,1,616,9084,236,0,1,67,0,3,95000,0,1,0,0,495,0,48,60.0,1111,0,6,0,50,RL,Lvl,Inside,Edwards,Artery,1Fam,1.5Fin,Gable,CompShg,VinylSd,VinylSd,,CBlock,GasA,N,Detchd,,ConLw,Normal,Reg,Gtl,TA,TA,TA,Fa,Mn,LwQ,Rec,TA,SBrkr,TA,Typ,,Unf,TA,Y,,
0,0,0,0,6,0.0,0,2,624,8520,0,0,1,82,624,2,105900,0,1,0,0,0,0,106,60.0,720,0,8,0,30,RM,Lvl,Inside,OldTown,Norm,1Fam,1Story,Gable,CompShg,VinylSd,VinylSd,,BrkTil,GasA,Y,Detchd,,WD,Normal,Reg,Gtl,TA,Gd,TA,TA,No,Unf,Unf,Gd,SBrkr,TA,Typ,,Unf,TA,Y,,
0,0,0,0,6,0.0,0,1,940,8400,388,0,1,66,552,2,140000,108,1,2,0,403,0,0,60.0,1595,0,5,0,50,RL,Bnk,Inside,SWISU,Norm,1Fam,1.5Fin,Gable,CompShg,Wd Sdng,MetalSd,,CBlock,GasA,Y,Attchd,,WD,Normal,Reg,Gtl,TA,TA,TA,TA,No,LwQ,Unf,Ex,SBrkr,TA,Typ,Gd,Unf,TA,Y,,
0,544,0,1,6,0.0,0,2,1200,11249,334,26,1,12,322,3,177500,0,2,0,0,0,0,0,105.0,1200,0,5,0,20,RL,Lvl,Inside,CollgCr,Norm,1Fam,1Story,Gable,CompShg,VinylSd,VinylSd,,PConc,GasA,Y,Attchd,,WD,Normal,IR2,Gtl,Gd,Gd,Gd,Gd,No,ALQ,BLQ,Ex,SBrkr,Gd,Typ,,RFn,TA,Y,,
0,0,0,1,6,106.0,0,2,1158,9248,560,26,1,17,598,3,173000,0,2,0,0,0,0,120,70.0,1167,0,6,0,20,RL,Lvl,Inside,Gilbert,Norm,1Fam,1Story,Gable,CompShg,HdBoard,HdBoard,BrkFace,PConc,GasA,Y,Attchd,,WD,Normal,IR1,Gtl,TA,TA,Gd,TA,No,GLQ,Unf,Gd,SBrkr,Gd,Typ,,RFn,TA,Y,,
0,0,1,1,5,0.0,0,2,1142,4224,874,90,1,31,268,3,134000,0,1,1,0,0,0,536,44.0,1142,0,5,0,120,RM,Lvl,Inside,MeadowV,Norm,TwnhsE,1Story,Gable,CompShg,CemntBd,CmentBd,,PConc,GasA,Y,Attchd,,WD,Normal,Reg,Gtl,TA,TA,Gd,TA,No,ALQ,Unf,TA,SBrkr,TA,Typ,Po,Fin,TA,Y,,MnPrv
1,294,0,0,5,120.0,0,1,1062,6930,300,0,1,48,468,3,130000,294,1,0,0,0,0,168,92.0,1352,0,4,0,80,RL,Lvl,Inside,ClearCr,Norm,1Fam,SLvl,Hip,CompShg,Wd Sdng,ImStucc,BrkFace,CBlock,GasA,Y,BuiltIn,,WD,Abnorml,IR1,Gtl,TA,TA,TA,TA,Av,BLQ,Rec,Ex,FuseF,Gd,Min2,,Unf,TA,Y,,
0,0,1,1,8,530.0,0,2,1086,12011,956,75,1,8,130,3,280000,0,2,1,0,838,374,208,78.0,1924,0,5,0,60,RL,Lvl,CulDSac,NoRidge,Norm,1Fam,2Story,Gable,CompShg,VinylSd,VinylSd,BrkFace,PConc,GasA,Y,Attchd,,WD,Normal,IR1,Gtl,Gd,TA,Gd,TA,Av,GLQ,Unf,Ex,SBrkr,Gd,Typ,TA,RFn,TA,Y,,
0,0,0,1,6,0.0,0,2,888,7540,773,0,1,29,115,2,156000,0,1,1,0,0,192,0,70.0,912,0,6,0,85,RL,Lvl,CulDSac,Mitchel,Norm,1Fam,SFoyer,Gable,CompShg,VinylSd,VinylSd,,CBlock,GasA,Y,Attchd,,WD,Normal,IR1,Gtl,TA,TA,Gd,TA,Av,GLQ,Unf,Ex,SBrkr,TA,Typ,TA,RFn,TA,Y,,MnPrv
0,0,0,1,5,0.0,0,1,883,9144,399,0,1,68,484,3,145000,0,1,0,0,517,0,0,70.0,1505,0,5,0,50,RL,Lvl,Inside,BrkSide,Norm,1Fam,1.5Fin,Gable,CompShg,MetalSd,MetalSd,,CBlock,GasA,Y,Detchd,,WD,Normal,Reg,Gtl,TA,TA,TA,TA,No,Rec,Unf,Gd,SBrkr,TA,Typ,,Unf,TA,N,,
0,0,0,0,7,500.0,0,2,0,7301,0,0,1,6,0,4,198500,177,3,1,0,1427,0,0,64.0,1922,0,5,0,85,RL,Lvl,Corner,Edwards,Norm,1Fam,SFoyer,Gable,CompShg,HdBoard,HdBoard,BrkFace,Slab,GasA,Y,BuiltIn,,ConLD,Normal,Reg,Gtl,Gd,TA,,,,,,Ex,SBrkr,Gd,Typ,Ex,RFn,TA,Y,,
0,0,1,0,6,510.0,0,1,483,1680,162,0,1,37,321,2,118000,0,1,0,0,504,0,250,21.0,987,0,8,0,160,RM,Lvl,Inside,BrDale,Norm,Twnhs,2Story,Gable,CompShg,HdBoard,HdBoard,BrkFace,CBlock,GasA,Y,Detchd,,WD,Normal,Reg,Gtl,TA,TA,TA,TA,No,ALQ,Unf,Gd,SBrkr,Gd,Typ,,Unf,TA,Y,,
0,0,1,1,6,120.0,0,2,796,18800,712,111,1,30,84,3,190000,0,2,1,0,784,0,306,70.0,1574,0,5,0,60,RL,Lvl,FR2,NWAmes,Norm,1Fam,2Story,Gable,CompShg,HdBoard,HdBoard,BrkFace,PConc,GasA,Y,Attchd,,WD,Normal,IR1,Gtl,TA,TA,Gd,TA,Mn,GLQ,Unf,TA,SBrkr,TA,Typ,TA,Fin,TA,Y,,
0,0,0,0,5,0.0,0,1,672,10690,456,128,1,89,216,3,147000,218,1,0,0,672,0,0,59.0,1344,0,7,0,70,RM,Lvl,Inside,IDOTRR,Norm,1Fam,2Story,Hip,CompShg,VinylSd,VinylSd,,CBlock,GasA,Y,Detchd,,WD,Normal,Reg,Gtl,TA,Gd,TA,Fa,No,Rec,Unf,Gd,FuseA,TA,Typ,,Unf,TA,Y,,
0,0,1,1,6,247.0,0,2,1394,9500,609,76,1,46,785,3,159000,0,1,2,0,0,185,0,70.0,1394,0,5,0,20,RL,Lvl,Inside,NAmes,Norm,1Fam,1Story,Gable,CompShg,Plywood,Plywood,BrkFace,CBlock,GasA,Y,Attchd,,WD,Normal,IR1,Gtl,TA,TA,Gd,TA,No,BLQ,Unf,Gd,SBrkr,TA,Typ,Gd,RFn,TA,Y,,
1,0,0,0,6,305.0,0,1,1099,9150,371,110,1,46,728,3,165000,0,1,1,0,0,0,64,101.0,1431,0,5,0,80,RL,Lvl,Corner,NAmes,Norm,1Fam,SLvl,Gable,Tar&Grv,Plywood,Plywood,BrkFace,CBlock,GasA,Y,Basment,,WD,Normal,IR1,Gtl,TA,TA,Gd,TA,Gd,GLQ,Unf,Gd,SBrkr,TA,Typ,Gd,RFn,TA,Y,,
0,0,0,0,5,200.0,0,1,1268,7800,540,98,1,56,728,2,132000,0,1,1,0,0,0,0,78.0,1268,0,6,0,20,RL,Lvl,Inside,NAmes,Norm,1Fam,1Story,Gable,CompShg,HdBoard,HdBoard,BrkFace,PConc,GasA,Y,Attchd,,WD,Normal,Reg,Gtl,TA,TA,TA,TA,No,LwQ,Unf,Gd,SBrkr,TA,Typ,Gd,Fin,TA,Y,,
0,258,0,1,5,0.0,0,2,1063,9830,72,17,1,51,733,3,162000,0,1,1,0,0,182,364,70.0,1287,0,7,0,20,RL,Lvl,Corner,NAmes,Norm,1Fam,1Story,Gable,CompShg,Wd Sdng,Wd Sdng,,CBlock,GasA,Y,Detchd,,WD,Normal,IR1,Gtl,TA,Gd,TA,TA,No,ALQ,Rec,Ex,SBrkr,Gd,Typ,Gd,Fin,TA,Y,,
0,0,1,0,6,0.0,0,2,953,8121,0,40,1,6,953,3,172400,0,2,1,0,711,0,100,70.0,1664,0,5,0,60,RL,Lvl,Inside,Gilbert,Norm,1Fam,2Story,Gable,CompShg,VinylSd,VinylSd,,PConc,GasA,Y,Attchd,,WD,Normal,IR1,Gtl,TA,TA,Gd,TA,No,Unf,Unf,Ex,SBrkr,TA,Typ,TA,RFn,TA,Y,,
0,0,0,0,4,0.0,0,2,0,17120,0,59,1,49,0,4,134432,0,2,1,0,468,0,0,80.0,1588,0,4,0,50,RL,Lvl,Inside,ClearCr,Feedr,1Fam,1.5Fin,Gable,CompShg,WdShing,Plywood,,CBlock,GasA,Y,Detchd,,WD,Normal,Reg,Gtl,TA,TA,,,,,,TA,SBrkr,TA,Min2,Gd,Fin,TA,N,,
0,121,0,1,6,0.0,0,1,744,7175,623,0,1,26,0,2,125000,0,1,0,0,0,90,353,50.0,752,0,5,0,120,RL,Lvl,Inside,SawyerW,Norm,TwnhsE,1Story,Gable,CompShg,Plywood,Plywood,,CBlock,GasA,Y,Attchd,,WD,Normal,Reg,Gtl,TA,TA,Gd,TA,No,ALQ,LwQ,TA,SBrkr,TA,Typ,,Unf,TA,Y,,MnPrv
0,180,0,1,5,0.0,0,1,608,10634,428,0,1,56,0,3,123000,0,1,0,0,0,0,66,79.0,1319,0,6,0,20,RL,Lvl,Inside,NAmes,Norm,1Fam,1Story,Gable,CompShg,MetalSd,MetalSd,,PConc,GasA,Y,Attchd,,WD,Normal,Reg,Gtl,TA,TA,TA,TA,No,BLQ,LwQ,TA,SBrkr,TA,Min2,,Unf,TA,Y,,GdWo
0,0,1,0,7,0.0,0,2,847,8200,0,48,1,4,847,4,219500,0,2,1,0,1081,0,100,65.0,1928,0,5,0,60,RL,Lvl,Inside,CollgCr,Norm,1Fam,2Story,Gable,CompShg,VinylSd,VinylSd,,PConc,GasA,Y,BuiltIn,,WD,Normal,Reg,Gtl,Gd,TA,Gd,TA,No,Unf,Unf,Ex,SBrkr,Gd,Typ,Gd,Fin,TA,Y,,
0,0,1,1,1,0.0,0,0,683,10020,350,0,1,87,333,1,61000,0,0,0,0,0,0,0,70.0,904,0,1,0,30,RL,Low,Inside,Edwards,Norm,1Fam,1Story,Gable,CompShg,Wd Sdng,Wd Sdng,,BrkTil,GasA,N,,,WD,Normal,IR1,Sev,Fa,Fa,Fa,Po,Gd,BLQ,Unf,Gd,FuseA,Fa,Maj1,,,,Y,,
0,0,0,0,5,0.0,0,2,870,8846,298,0,1,10,572,2,148000,0,1,0,0,0,0,0,57.0,914,0,5,0,85,RL,Lvl,CulDSac,CollgCr,Norm,1Fam,SFoyer,Gable,CompShg,VinylSd,VinylSd,,PConc,GasA,Y,Detchd,,WD,Normal,IR1,Gtl,Gd,TA,Gd,TA,Av,GLQ,Unf,Ex,SBrkr,TA,Typ,,Unf,TA,Y,,
0,0,0,0,8,0.0,0,2,1580,11143,0,214,1,3,1580,4,340000,0,3,1,0,886,0,159,102.0,2466,0,5,0,60,FV,Lvl,Corner,Somerst,Norm,1Fam,2Story,Gable,CompShg,CemntBd,CmentBd,,PConc,GasA,Y,Attchd,,WD,Normal,IR1,Gtl,Gd,TA,Gd,TA,No,Unf,Unf,Ex,SBrkr,Gd,Typ,Gd,RFn,TA,Y,,
0,0,1,1,9,350.0,0,3,1856,11394,1445,0,1,0,411,1,394432,0,1,1,0,0,0,113,88.0,1856,0,2,0,20,RL,Lvl,Corner,StoneBr,Norm,1Fam,1Story,Hip,CompShg,VinylSd,VinylSd,Stone,PConc,GasA,Y,Attchd,,New,Partial,Reg,Gtl,Gd,TA,Ex,TA,Av,GLQ,Unf,Ex,SBrkr,Ex,Typ,Ex,Fin,TA,Y,,
0,0,1,0,6,16.0,0,2,982,8123,0,63,1,9,982,3,179000,0,2,1,0,793,0,100,60.0,1800,0,5,0,60,RL,Lvl,Inside,Gilbert,RRAn,1Fam,2Story,Gable,CompShg,VinylSd,VinylSd,BrkFace,PConc,GasA,Y,Attchd,,WD,Normal,IR1,Gtl,TA,TA,Gd,TA,No,Unf,Unf,Ex,SBrkr,TA,Typ,TA,Fin,TA,Y,,
0,0,0,0,5,0.0,0,1,1026,5000,218,0,1,86,808,3,127000,242,2,1,0,665,0,0,50.0,1691,0,6,0,50,RL,Lvl,Inside,SWISU,Norm,1Fam,1.5Fin,Gable,CompShg,BrkFace,Wd Sdng,,BrkTil,GasA,Y,Detchd,,WD,Normal,Reg,Gtl,TA,TA,TA,TA,No,LwQ,Unf,TA,SBrkr,Gd,Typ,Gd,Unf,TA,Y,,
0,0,0,1,7,0.0,0,2,1293,7200,0,121,1,0,1293,2,187750,0,2,1,0,0,0,216,60.0,1301,0,5,0,20,FV,Lvl,Inside,Somerst,Norm,1Fam,1Story,Gable,CompShg,VinylSd,VinylSd,,PConc,GasA,Y,Attchd,,New,Partial,Reg,Gtl,Gd,TA,Gd,Gd,No,Unf,Unf,Ex,SBrkr,Gd,Typ,Gd,RFn,TA,Y,,
0,0,1,0,7,0.0,0,2,939,9245,0,53,1,1,939,3,213500,0,2,0,0,858,0,144,79.0,1797,0,5,0,60,RL,Lvl,Inside,CollgCr,Norm,1Fam,2Story,Gable,CompShg,VinylSd,VinylSd,,PConc,GasA,Y,Attchd,,WD,Normal,IR1,Gtl,Gd,TA,Gd,TA,Av,Unf,Unf,Ex,SBrkr,Gd,Typ,,RFn,TA,Y,,
0,0,0,0,6,0.0,0,2,784,9000,0,0,1,81,784,2,76000,91,1,0,0,0,0,0,60.0,784,0,3,0,45,RH,Lvl,Corner,SawyerW,Norm,1Fam,1.5Unf,Gable,CompShg,Wd Sdng,Wd Sdng,,BrkTil,GasA,N,Detchd,,WD,Normal,Reg,Gtl,TA,TA,Fa,Fa,No,Unf,Unf,TA,FuseA,TA,Typ,,Unf,Fa,N,,
0,0,1,1,6,0.0,0,2,1580,53107,985,231,1,15,595,3,240000,0,2,2,0,874,0,216,70.0,1953,0,5,0,60,RL,Low,Corner,ClearCr,Feedr,1Fam,2Story,Gable,CompShg,HdBoard,HdBoard,,PConc,GasA,Y,Attchd,,WD,Normal,IR2,Mod,Gd,TA,Gd,TA,Av,GLQ,Unf,Ex,SBrkr,Gd,Typ,Fa,Fin,TA,Y,,
0,0,0,0,8,16.0,0,2,1256,3182,24,20,1,6,1232,2,192000,0,2,1,0,0,144,146,43.0,1269,0,5,0,120,RL,Lvl,Inside,Blmngtn,Norm,TwnhsE,1Story,Gable,CompShg,VinylSd,VinylSd,BrkFace,PConc,GasA,Y,Attchd,,WD,Normal,Reg,Gtl,Gd,TA,Gd,TA,No,GLQ,Unf,Ex,SBrkr,Gd,Typ,TA,Fin,TA,Y,,
0,0,0,0,5,0.0,0,0,658,8410,0,151,1,96,658,5,81000,0,1,0,0,526,0,0,58.0,1184,0,3,0,50,RL,Lvl,FR2,Edwards,Feedr,1Fam,1.5Fin,Gambrel,CompShg,Wd Sdng,VinylSd,,PConc,GasA,Y,,,WD,AdjLand,Reg,Gtl,TA,Fa,TA,TA,No,Unf,Unf,TA,SBrkr,TA,Typ,,,,N,,
0,0,0,1,6,255.0,0,1,1041,7200,631,0,1,33,410,3,125000,0,1,1,0,0,0,296,72.0,1125,0,6,0,80,RL,Lvl,Inside,Edwards,Norm,1Fam,SLvl,Hip,CompShg,MetalSd,MetalSd,BrkFace,CBlock,GasA,Y,Detchd,,WD,Abnorml,Reg,Gtl,TA,TA,TA,TA,Av,ALQ,Unf,Ex,SBrkr,TA,Typ,Fa,Unf,TA,Y,,GdWo
0,0,0,0,7,125.0,0,2,1468,9382,0,25,1,9,1468,3,191000,0,2,0,0,0,0,120,93.0,1479,0,5,0,20,RL,Lvl,CulDSac,CollgCr,Norm,1Fam,1Story,Gable,CompShg,VinylSd,VinylSd,BrkFace,PConc,GasA,Y,Attchd,,WD,Normal,IR1,Gtl,Gd,TA,Gd,TA,No,Unf,Unf,Ex,SBrkr,Gd,Typ,,RFn,TA,Y,,
0,0,1,1,10,272.0,0,3,1682,12474,1280,134,1,1,402,3,426000,0,2,1,0,590,0,196,96.0,2332,0,5,0,60,RL,Lvl,Inside,NridgHt,Norm,1Fam,2Story,Gable,CompShg,VinylSd,VinylSd,Stone,PConc,GasA,Y,BuiltIn,,New,Partial,Reg,Gtl,Ex,TA,Ex,TA,Av,GLQ,Unf,Ex,SBrkr,Ex,Typ,Ex,Fin,TA,Y,,
0,391,0,1,5,0.0,0,1,861,8405,241,130,1,108,229,4,119000,112,1,0,0,406,0,0,50.0,1367,0,8,0,50,RL,Lvl,Inside,Edwards,Norm,1Fam,1.5Fin,Gable,CompShg,MetalSd,MetalSd,,BrkTil,GasA,Y,Detchd,,WD,Normal,Reg,Gtl,TA,TA,TA,Gd,No,Rec,BLQ,Ex,SBrkr,TA,Typ,,Unf,TA,Y,,MnPrv
0,0,1,1,6,0.0,0,2,804,12209,690,192,1,8,114,3,215000,0,2,1,0,1157,0,125,71.0,1961,0,5,0,60,RL,Lvl,CulDSac,Mitchel,Norm,1Fam,2Story,Gable,CompShg,VinylSd,VinylSd,,PConc,GasA,Y,BuiltIn,,WD,Normal,IR1,Gtl,TA,TA,Ex,TA,No,ALQ,Unf,Ex,SBrkr,Gd,Typ,TA,Fin,TA,Y,,
0,0,0,0,5,0.0,0,1,0,8339,0,0,1,48,0,3,106500,0,1,0,1200,0,0,0,70.0,882,0,7,0,20,RL,Lvl,Inside,NAmes,Norm,1Fam,1Story,Gable,CompShg,MetalSd,MetalSd,,Slab,GasA,Y,Attchd,Shed,WD,Normal,IR1,Gtl,TA,TA,,,,,,TA,SBrkr,TA,Typ,,RFn,TA,Y,,MnPrv
0,0,0,0,4,0.0,0,0,788,7446,266,0,1,65,522,2,100000,0,1,2,0,0,0,0,70.0,788,0,5,0,30,RL,Lvl,Corner,BrkSide,Feedr,1Fam,1Story,Gable,CompShg,WdShing,Wd Shng,,CBlock,GasA,Y,,,WD,Abnorml,Reg,Gtl,TA,TA,TA,TA,No,Rec,Unf,TA,FuseA,TA,Typ,TA,,,Y,,GdWo
0,0,0,0,5,0.0,0,1,735,10134,0,39,1,67,735,2,109000,0,1,0,0,299,0,0,60.0,1034,0,6,0,50,RL,Lvl,Inside,OldTown,Norm,1Fam,1.5Fin,Gable,CompShg,MetalSd,MetalSd,,CBlock,GasA,Y,Detchd,,WD,Normal,Reg,Gtl,TA,TA,TA,TA,No,Unf,Unf,Gd,FuseA,TA,Typ,,Unf,TA,Y,,
0,0,0,1,5,0.0,0,1,1144,9571,739,0,1,54,405,3,129000,0,1,0,0,0,0,44,68.0,1144,0,6,0,20,RL,Lvl,Inside,Edwards,Norm,1Fam,1Story,Gable,CompShg,Wd Sdng,Wd Sdng,,CBlock,GasA,Y,Attchd,,WD,Normal,Reg,Gtl,TA,TA,TA,TA,Av,BLQ,Unf,TA,SBrkr,TA,Typ,,Unf,TA,Y,,
0,0,0,0,5,0.0,0,2,894,7200,777,0,1,37,117,2,123000,0,1,0,0,0,0,215,60.0,894,0,5,0,20,RL,Low,Inside,CollgCr,Norm,1Fam,1Story,Hip,CompShg,MetalSd,MetalSd,,CBlock,GasA,Y,Detchd,,WD,Normal,Reg,Gtl,TA,TA,TA,TA,Av,Rec,Unf,TA,SBrkr,TA,Typ,,RFn,TA,Y,,
0,0,0,0,5,288.0,0,1,864,7590,540,168,1,45,324,4,169500,0,2,1,0,936,0,0,69.0,1812,0,5,0,60,RL,Lvl,Inside,NAmes,PosN,1Fam,2Story,Gable,CompShg,VinylSd,VinylSd,BrkFace,CBlock,GasA,Y,Attchd,,WD,Normal,Reg,Gtl,TA,TA,TA,TA,No,ALQ,Unf,TA,SBrkr,TA,Typ,TA,RFn,TA,Y,,
0,0,0,0,5,0.0,0,1,961,8967,0,0,1,87,961,2,67000,0,1,0,0,0,0,0,60.0,1077,0,2,0,30,RM,Lvl,Corner,IDOTRR,Norm,1Fam,1Story,Gable,CompShg,MetalSd,MetalSd,,BrkTil,GasA,Y,Detchd,,WD,Abnorml,Reg,Gtl,TA,Fa,Fa,Po,No,Unf,Unf,Gd,Mix,TA,Maj2,,Unf,Po,N,,
0,0,0,1,7,100.0,0,2,1092,8125,812,168,1,3,280,2,241000,0,2,0,0,438,0,0,65.0,1550,0,5,0,60,FV,Lvl,Inside,Somerst,Norm,1Fam,2Story,Gable,CompShg,CemntBd,CmentBd,Stone,PConc,GasA,Y,Attchd,,WD,Normal,Reg,Gtl,Gd,TA,Gd,TA,No,GLQ,Unf,Ex,SBrkr,Gd,Typ,,Fin,TA,Y,,
0,0,1,1,8,0.0,0,2,1260,14963,786,30,1,12,474,1,245500,0,1,2,0,0,224,120,38.0,1288,0,5,0,120,RL,Lvl,Inside,Veenker,Norm,TwnhsE,1Story,Gable,CompShg,BrkFace,BrkFace,,PConc,GasA,Y,Attchd,,WD,Normal,IR2,Gtl,Gd,TA,Gd,TA,No,GLQ,Unf,Ex,SBrkr,Ex,Typ,Gd,Fin,TA,Y,,
0,0,0,0,7,0.0,0,2,1310,8767,24,0,1,1,1286,3,164990,0,2,1,0,0,0,0,65.0,1310,0,5,0,20,RL,Lvl,Inside,CollgCr,Norm,1Fam,1Story,Gable,CompShg,VinylSd,VinylSd,,PConc,GasA,Y,Attchd,,New,Partial,IR1,Gtl,Gd,TA,Gd,TA,Av,GLQ,Unf,Ex,SBrkr,Gd,Typ,Gd,Fin,TA,Y,,
0,0,0,0,5,0.0,0,1,672,10200,0,0,1,68,672,2,108000,0,1,0,0,0,0,168,60.0,672,0,8,0,30,RL,Lvl,Inside,Sawyer,Norm,1Fam,1Story,Gable,CompShg,Wd Sdng,Wd Sdng,,PConc,GasA,Y,Detchd,,WD,Normal,Reg,Gtl,TA,TA,TA,TA,No,Unf,Unf,Ex,SBrkr,TA,Typ,,Unf,TA,N,,GdPrv
0,0,1,0,8,650.0,0,2,1141,12090,0,123,1,8,1141,4,258000,0,2,1,0,1098,0,144,93.0,2263,0,5,0,60,RL,Lvl,Corner,NoRidge,Norm,1Fam,2Story,Hip,CompShg,VinylSd,VinylSd,BrkFace,PConc,GasA,Y,BuiltIn,,WD,Abnorml,Reg,Gtl,Gd,TA,Gd,TA,No,Unf,Unf,Gd,SBrkr,Gd,Typ,TA,Fin,TA,Y,,
0,0,1,0,6,0.0,0,2,806,10364,0,40,1,12,806,3,168000,0,2,1,0,766,0,0,70.0,1572,0,5,0,60,RL,Lvl,Inside,Gilbert,Norm,1Fam,2Story,Gable,CompShg,MetalSd,MetalSd,,PConc,GasA,Y,BuiltIn,,WD,Normal,IR1,Gtl,TA,TA,Gd,TA,No,Unf,Unf,Gd,SBrkr,TA,Typ,TA,Fin,TA,Y,,
0,0,0,1,4,0.0,0,2,1281,9991,1116,78,1,33,165,3,150000,0,2,1,0,0,0,120,70.0,1620,0,4,0,20,RL,Lvl,Corner,Sawyer,Feedr,1Fam,1Story,Gable,CompShg,Plywood,Plywood,,CBlock,GasA,Y,Attchd,,WD,Normal,IR1,Gtl,TA,TA,TA,TA,No,BLQ,Unf,Ex,SBrkr,TA,Min1,TA,Unf,TA,Y,,GdWo
0,0,0,0,6,0.0,473,1,1064,10480,0,0,1,72,1064,3,115000,0,1,0,0,0,0,0,51.0,1639,0,5,0,50,RL,Lvl,Inside,SWISU,Norm,1Fam,1.5Fin,Gable,CompShg,MetalSd,MetalSd,,BrkTil,GasA,Y,Detchd,,WD,Normal,Reg,Gtl,TA,TA,TA,TA,No,Unf,Unf,Ex,FuseA,TA,Maj2,,Unf,TA,Y,,
0,0,0,0,6,0.0,0,1,840,15576,0,0,1,93,840,4,177000,160,2,0,0,840,0,0,63.0,1680,0,7,0,70,RL,Lvl,Inside,Crawfor,Norm,1Fam,2Story,Gable,CompShg,Wd Sdng,Plywood,,BrkTil,GasA,Y,Attchd,,WD,Normal,Reg,Gtl,TA,TA,Gd,TA,No,Unf,Unf,Ex,SBrkr,TA,Typ,,Unf,TA,Y,,
0,0,1,0,7,350.0,0,3,1063,14154,0,62,1,1,1063,3,280000,0,2,1,0,1101,0,192,109.0,2172,0,5,0,60,RL,Lvl,Corner,NridgHt,Norm,1Fam,2Story,Gable,CompShg,VinylSd,VinylSd,BrkFace,PConc,GasA,Y,Attchd,,New,Partial,Reg,Gtl,Gd,TA,Ex,Gd,No,Unf,Unf,Ex,SBrkr,Gd,Typ,Gd,RFn,TA,Y,,
0,0,1,1,8,100.0,0,3,1034,10800,789,102,1,1,245,3,339750,0,2,1,0,1028,0,0,85.0,2078,0,5,0,60,FV,Lvl,Inside,Somerst,Norm,1Fam,2Story,Gable,CompShg,VinylSd,VinylSd,Stone,PConc,GasA,Y,Attchd,,New,Partial,Reg,Gtl,Gd,TA,Ex,TA,No,GLQ,Unf,Ex,SBrkr,Ex,Typ,Gd,Fin,TA,Y,,
0,0,0,0,5,0.0,0,1,1276,9571,0,0,1,51,1276,3,60000,0,1,0,0,0,0,0,68.0,1276,0,3,0,20,RL,Lvl,Inside,Edwards,Norm,1Fam,1Story,Gable,CompShg,BrkComm,Brk Cmn,,CBlock,GasA,Y,Attchd,,COD,Abnorml,Reg,Gtl,TA,Fa,TA,Fa,No,Unf,Unf,TA,FuseA,TA,Mod,,Unf,TA,Y,,
0,0,0,1,5,0.0,0,2,1056,34650,1056,0,1,51,0,3,145000,0,1,0,0,0,0,264,100.0,1056,0,5,0,190,RL,Bnk,Inside,Gilbert,Norm,2fmCon,1Story,Hip,CompShg,Wd Sdng,Wd Sdng,,CBlock,GasA,N,Attchd,,WD,Normal,Reg,Gtl,TA,TA,TA,TA,Mn,Rec,Unf,TA,SBrkr,TA,Typ,,Fin,TA,Y,,
0,0,1,1,7,432.0,0,2,1470,4403,578,144,1,1,892,2,222000,0,2,1,0,0,0,0,70.0,1478,0,5,0,20,FV,Lvl,Inside,Somerst,Norm,1Fam,1Story,Gable,CompShg,MetalSd,MetalSd,Stone,PConc,GasA,Y,Attchd,,New,Partial,IR2,Gtl,Ex,TA,Ex,TA,Av,GLQ,Unf,Ex,SBrkr,Gd,Typ,Gd,Fin,TA,Y,,
0,0,0,0,5,0.0,0,2,1008,8960,0,0,1,83,1008,2,115000,130,1,1,0,0,0,0,56.0,1028,0,6,0,30,RM,Lvl,Inside,OldTown,Artery,1Fam,1Story,Gable,CompShg,WdShing,Wd Shng,,CBlock,GasA,Y,Detchd,,WD,Normal,Reg,Gtl,TA,TA,TA,TA,No,Unf,Unf,Gd,FuseA,TA,Typ,Gd,Unf,TA,Y,,
1,531,1,0,7,0.0,0,3,1080,11228,50,187,1,15,499,3,228000,0,2,1,0,1017,0,196,59.0,2097,0,5,0,60,RL,Lvl,CulDSac,SawyerW,Norm,1Fam,2Story,Gable,CompShg,VinylSd,VinylSd,,PConc,GasA,Y,Attchd,,WD,Normal,IR2,Gtl,Gd,TA,Gd,TA,No,BLQ,GLQ,Ex,SBrkr,Gd,Typ,TA,Unf,TA,Y,,
0,0,0,0,7,0.0,0,2,1340,8899,24,30,1,0,1316,3,181134,0,2,0,0,0,0,100,73.0,1340,0,5,0,20,RL,Lvl,Inside,Gilbert,Norm,1Fam,1Story,Gable,CompShg,VinylSd,VinylSd,,PConc,GasA,Y,Attchd,,New,Partial,IR1,Gtl,Gd,TA,Gd,TA,Av,GLQ,Unf,Ex,SBrkr,Gd,Typ,,Fin,TA,Y,,
0,0,1,0,6,203.0,0,2,672,7844,209,0,1,28,463,3,149500,0,1,1,0,728,0,0,74.0,1400,0,7,0,60,RL,Lvl,Inside,Sawyer,Norm,1Fam,2Story,Hip,CompShg,HdBoard,HdBoard,BrkFace,CBlock,GasA,Y,Attchd,,WD,Normal,Reg,Gtl,TA,TA,TA,TA,No,ALQ,Unf,TA,SBrkr,TA,Typ,TA,Fin,TA,Y,,
0,0,1,1,6,0.0,0,3,1370,22420,1128,0,1,89,242,4,239000,0,2,1,0,1254,0,0,86.0,2624,0,6,0,70,RL,Lvl,Inside,Crawfor,Feedr,1Fam,2Story,Hip,CompShg,Wd Sdng,Stucco,,BrkTil,GasW,N,Detchd,,WD,Normal,IR1,Gtl,TA,TA,Gd,TA,No,BLQ,Unf,TA,FuseA,TA,Typ,Gd,Unf,TA,N,,
0,0,1,1,5,0.0,0,1,756,8160,312,0,1,67,444,3,126000,0,1,0,0,378,0,0,60.0,1134,0,6,0,50,RL,Lvl,Inside,Edwards,Norm,1Fam,1.5Fin,Gable,CompShg,MetalSd,MetalSd,,BrkTil,GasA,N,Detchd,,WD,AdjLand,Reg,Gtl,TA,TA,TA,TA,No,ALQ,Unf,Fa,FuseF,TA,Typ,,Unf,TA,P,,
0,0,0,1,5,0.0,0,1,1056,8450,775,85,1,42,281,3,142000,184,1,1,0,0,0,0,65.0,1056,0,6,0,20,RL,Lvl,Inside,NAmes,Norm,1Fam,1Story,Gable,CompShg,VinylSd,VinylSd,,CBlock,GasA,Y,Attchd,,WD,Normal,Reg,Gtl,TA,TA,TA,TA,No,BLQ,Unf,Ex,SBrkr,TA,Typ,Fa,Unf,TA,Y,,
0,0,0,2,7,200.0,0,4,1344,7060,1309,0,2,11,35,2,206300,0,2,0,0,0,0,0,78.0,1344,0,5,0,90,RM,Lvl,Inside,Mitchel,Norm,Duplex,SFoyer,Gable,CompShg,VinylSd,VinylSd,BrkFace,PConc,GasA,Y,Attchd,,WD,Alloca,Reg,Gtl,TA,Gd,Gd,Gd,Gd,GLQ,Unf,Ex,SBrkr,TA,Typ,,Fin,TA,Y,,
1,0,0,0,6,126.0,0,2,1602,16635,1246,0,1,32,356,3,215000,0,2,1,0,0,0,240,70.0,1602,0,7,0,20,RL,Lvl,FR2,NWAmes,Norm,1Fam,1Story,Gable,CompShg,CemntBd,CmentBd,Stone,CBlock,GasA,Y,Attchd,,WD,Normal,IR1,Gtl,Gd,TA,Gd,TA,No,ALQ,Unf,Gd,SBrkr,Gd,Typ,TA,Fin,TA,Y,,
0,0,0,0,5,0.0,0,2,988,21750,0,0,1,54,988,2,113000,0,1,0,0,0,0,0,100.0,988,0,5,0,20,RL,HLS,Inside,Mitchel,Artery,1Fam,1Story,Hip,CompShg,HdBoard,HdBoard,,CBlock,GasA,Y,Attchd,,WD,Normal,Reg,Mod,TA,TA,TA,TA,No,Unf,Unf,Ex,FuseA,TA,Typ,,RFn,TA,N,,
0,0,1,1,8,473.0,0,3,1470,9200,986,66,1,10,484,4,315000,0,2,1,0,1160,0,0,80.0,2630,0,5,0,60,RL,Lvl,Inside,NoRidge,Norm,1Fam,2Story,Gable,CompShg,VinylSd,VinylSd,BrkFace,PConc,GasA,Y,Attchd,,WD,Normal,Reg,Gtl,Gd,TA,Gd,TA,No,GLQ,Unf,Gd,SBrkr,Gd,Typ,TA,Fin,TA,Y,,
0,0,0,1,6,74.0,0,1,1196,9000,616,44,1,52,580,2,139000,0,1,1,0,0,0,0,72.0,1196,0,5,0,20,RL,Lvl,Inside,NAmes,Norm,1Fam,1Story,Gable,CompShg,Wd Sdng,Wd Sdng,BrkFace,CBlock,GasA,Y,Attchd,,WD,Normal,Reg,Gtl,TA,TA,Gd,TA,No,LwQ,Unf,Gd,FuseA,TA,Typ,Gd,RFn,TA,Y,,
0,0,1,0,7,0.0,0,1,651,3378,0,0,1,63,651,3,135000,126,1,2,0,682,0,0,60.0,1389,0,8,0,60,RM,HLS,Inside,OldTown,Norm,1Fam,2Story,Gable,CompShg,HdBoard,HdBoard,,CBlock,GasA,Y,Detchd,,WD,Normal,Reg,Gtl,TA,Gd,TA,TA,No,Unf,Unf,Gd,SBrkr,TA,Typ,Gd,Unf,TA,P,,
1,0,0,1,7,145.0,0,2,1518,12800,1518,0,1,20,0,2,275000,0,2,1,0,0,396,80,70.0,1644,0,5,0,80,RL,Low,Inside,SawyerW,Norm,1Fam,SLvl,Gable,CompShg,Wd Sdng,Wd Sdng,BrkFace,PConc,GasA,Y,Attchd,,WD,Normal,Reg,Mod,Gd,TA,Gd,TA,Gd,GLQ,Unf,Gd,SBrkr,Gd,Typ,TA,Fin,TA,Y,,
0,0,0,0,4,0.0,0,1,907,8593,288,0,1,51,619,3,109008,0,1,0,0,0,0,0,77.0,907,0,6,0,20,RL,Lvl,Inside,NAmes,Norm,1Fam,1Story,Hip,CompShg,MetalSd,MetalSd,,CBlock,GasA,Y,Detchd,,WD,Normal,IR1,Gtl,TA,TA,TA,TA,No,Rec,Unf,Ex,SBrkr,TA,Typ,,Unf,TA,Y,,
0,0,0,1,7,108.0,0,2,1208,6762,664,54,1,0,544,2,195400,0,2,0,0,0,0,105,64.0,1208,0,5,0,20,RL,Lvl,Inside,CollgCr,Norm,1Fam,1Story,Gable,CompShg,VinylSd,VinylSd,BrkFace,PConc,GasA,Y,Attchd,,New,Partial,Reg,Gtl,Gd,TA,Gd,TA,No,GLQ,Unf,Ex,SBrkr,Gd,Typ,,RFn,TA,Y,,
0,0,0,1,6,0.0,0,2,1392,11457,1005,0,1,21,387,3,175000,169,2,1,0,0,0,0,130.0,1412,0,5,0,20,RL,Lvl,Corner,Timber,Norm,1Fam,1Story,Gable,CompShg,HdBoard,HdBoard,,CBlock,GasA,Y,Attchd,,WD,Normal,IR1,Gtl,TA,TA,Gd,TA,Mn,GLQ,Unf,TA,SBrkr,Gd,Typ,TA,Unf,TA,Y,,
0,0,1,0,6,232.0,0,1,483,1680,387,0,1,37,96,2,85400,0,1,0,0,504,0,0,21.0,987,0,5,0,160,RM,Lvl,Inside,BrDale,Norm,Twnhs,2Story,Gable,CompShg,HdBoard,HdBoard,BrkFace,CBlock,GasA,Y,Detchd,,COD,Abnorml,Reg,Gtl,TA,TA,TA,TA,No,ALQ,Unf,TA,SBrkr,TA,Typ,,Unf,TA,Y,,
0,0,0,0,6,0.0,0,0,901,5586,0,98,1,88,901,4,79900,0,1,0,0,110,0,0,60.0,1198,0,7,0,50,RM,Bnk,Inside,OldTown,Feedr,1Fam,1.5Fin,Gable,CompShg,MetalSd,MetalSd,,BrkTil,GasA,Y,,,ConLD,Abnorml,IR1,Gtl,TA,TA,TA,TA,No,Unf,Unf,Gd,SBrkr,TA,Typ,,,,N,,MnPrv
0,0,1,1,5,376.0,0,2,765,1920,471,36,1,36,294,2,122500,0,1,0,0,600,0,240,24.0,1365,0,5,0,160,RM,Lvl,Inside,BrDale,Norm,TwnhsE,2Story,Gable,CompShg,HdBoard,HdBoard,BrkFace,CBlock,GasA,Y,Detchd,,WD,Normal,Reg,Gtl,TA,TA,TA,TA,No,ALQ,Unf,Ex,SBrkr,TA,Min1,,Unf,TA,Y,,
0,0,1,0,6,0.0,0,2,926,10839,0,36,1,11,926,3,181000,0,2,1,0,678,0,0,100.0,1604,0,5,0,60,RL,Lvl,Corner,Gilbert,Norm,1Fam,2Story,Gable,CompShg,VinylSd,VinylSd,,PConc,GasA,Y,Attchd,,WD,Normal,IR1,Gtl,TA,TA,Gd,TA,No,Unf,Unf,Ex,SBrkr,TA,Typ,TA,Fin,TA,Y,,
0,0,0,1,4,0.0,0,0,630,1890,495,0,1,36,135,1,81000,0,1,0,0,0,0,88,21.0,630,0,7,0,180,RM,Lvl,Inside,MeadowV,Norm,Twnhs,SFoyer,Gable,CompShg,CemntBd,CmentBd,,CBlock,GasA,Y,,,WD,Normal,Reg,Gtl,TA,Gd,Gd,TA,Av,ALQ,Unf,Gd,SBrkr,TA,Typ,,,,Y,,
0,344,1,1,7,0.0,0,2,799,10667,385,61,1,13,70,3,212000,0,2,1,0,834,0,158,43.0,1661,0,6,0,60,RL,Lvl,CulDSac,CollgCr,PosN,1Fam,2Story,Gable,CompShg,VinylSd,VinylSd,,PConc,GasA,Y,Attchd,,ConLw,Normal,IR2,Gtl,Gd,TA,Gd,TA,Av,GLQ,ALQ,Ex,SBrkr,Gd,Typ,TA,RFn,TA,Y,,
0,0,0,0,6,0.0,0,2,648,4400,0,0,1,86,648,2,116000,0,1,0,0,384,0,0,40.0,1118,0,8,0,50,RM,Lvl,Inside,OldTown,Norm,1Fam,1.5Fin,Gable,CompShg,Stucco,Stucco,,BrkTil,GasA,Y,Detchd,,WD,Normal,Reg,Gtl,TA,TA,Fa,TA,No,Unf,Unf,TA,FuseA,TA,Typ,,Unf,TA,Y,,
0,0,0,0,6,0.0,0,1,884,6000,0,0,1,83,884,2,119000,105,1,0,0,0,0,0,50.0,904,0,7,0,45,RM,Lvl,Inside,BrkSide,Norm,1Fam,1.5Unf,Gable,CompShg,Wd Sdng,Wd Sdng,,PConc,GasA,Y,Detchd,,WD,Normal,Reg,Gtl,Gd,TA,TA,TA,No,Unf,Unf,Gd,SBrkr,TA,Typ,,Unf,TA,Y,,
0,0,0,0,5,0.0,0,1,440,4280,365,0,1,94,75,2,90350,34,1,1,0,0,0,0,40.0,694,0,6,0,30,RL,Lvl,Inside,Crawfor,Norm,1Fam,1Story,Gable,CompShg,WdShing,Stucco,,PConc,GasA,N,Detchd,,WD,Normal,Reg,Gtl,TA,TA,TA,TA,No,LwQ,Unf,TA,SBrkr,Gd,Typ,Gd,Unf,Gd,P,,MnPrv
0,0,0,0,6,0.0,0,2,684,12354,0,46,1,89,684,3,110000,0,1,0,800,512,0,0,67.0,1196,0,8,0,50,RL,Lvl,Corner,Edwards,Norm,1Fam,1.5Fin,Gable,CompShg,Wd Sdng,Wd Sdng,,BrkTil,GasA,Y,Detchd,Shed,ConLI,Normal,Reg,Gtl,TA,TA,TA,Fa,Mn,Unf,Unf,Gd,SBrkr,Gd,Typ,,Unf,TA,Y,,GdPrv
0,539,0,1,10,200.0,0,3,3094,15431,1767,72,1,1,788,2,555000,0,2,2,0,0,170,0,105.0,2402,0,5,0,20,RL,Lvl,Inside,NridgHt,Norm,1Fam,1Story,Hip,CompShg,VinylSd,VinylSd,Stone,PConc,GasA,Y,Attchd,,WD,Normal,Reg,Gtl,Ex,TA,Ex,TA,Gd,GLQ,ALQ,Ex,SBrkr,Ex,Typ,Gd,Fin,TA,Y,,
0,0,0,0,4,270.0,0,0,1440,12108,133,0,2,53,1307,4,118000,0,2,0,0,0,0,0,92.0,1440,0,4,0,90,RL,Lvl,Inside,Edwards,Norm,Duplex,1Story,Gable,CompShg,VinylSd,VinylSd,BrkFace,CBlock,GasA,N,,,WD,Normal,Reg,Gtl,TA,TA,TA,TA,No,ALQ,Unf,TA,FuseF,Fa,Typ,,,,Y,,
0,0,0,0,5,0.0,0,2,1078,6240,0,0,1,78,1078,3,162900,0,2,1,0,445,0,0,52.0,1573,0,7,0,50,RM,Lvl,Inside,BrkSide,Norm,1Fam,1.5Fin,Gable,CompShg,MetalSd,MetalSd,,PConc,GasA,Y,Detchd,,WD,Normal,Reg,Gtl,TA,TA,TA,TA,No,Unf,Unf,TA,SBrkr,TA,Typ,Gd,Unf,TA,P,,
0,0,0,0,7,72.0,0,3,1258,3922,0,16,1,1,1258,2,172500,0,2,1,0,0,0,144,53.0,1258,0,5,0,120,RL,Lvl,Inside,Blmngtn,Norm,TwnhsE,1Story,Gable,CompShg,WdShing,Wd Shng,BrkFace,PConc,GasA,Y,Attchd,,New,Partial,Reg,Gtl,Gd,TA,Ex,TA,Av,Unf,Unf,Ex,SBrkr,Gd,Typ,Gd,Fin,TA,Y,,
0,0,1,1,7,0.0,0,2,915,8750,642,133,1,14,273,4,210000,0,2,1,0,975,0,144,70.0,1908,0,5,0,60,RL,Lvl,Inside,CollgCr,Norm,1Fam,2Story,Gable,CompShg,VinylSd,VinylSd,,PConc,GasA,Y,Attchd,,WD,Normal,Reg,Gtl,Gd,Gd,Gd,TA,No,GLQ,Unf,Ex,SBrkr,Gd,Typ,TA,Unf,TA,Y,,
0,0,0,0,6,0.0,0,2,1436,9855,0,0,1,53,1436,3,127500,0,1,1,0,0,0,0,73.0,1689,0,5,0,20,RL,Lvl,Corner,Edwards,Norm,1Fam,1Story,Hip,CompShg,Wd Sdng,Wd Sdng,,CBlock,GasA,Y,Attchd,,COD,Normal,Reg,Gtl,TA,TA,TA,TA,No,Unf,Unf,Fa,SBrkr,TA,Typ,Gd,Unf,TA,Y,,MnPrv
0,713,1,0,6,0.0,0,2,1517,16492,247,0,1,44,557,2,190000,0,2,1,0,0,0,0,137.0,1888,0,6,0,20,RL,Lvl,Corner,NAmes,PosA,1Fam,1Story,Gable,CompShg,BrkFace,Plywood,,CBlock,GasA,Y,Attchd,,WD,Normal,IR1,Gtl,Gd,TA,TA,TA,No,ALQ,Rec,Ex,SBrkr,Gd,Mod,Gd,Fin,TA,Y,,
0,0,1,0,7,0.0,0,2,930,11214,0,0,1,8,930,4,199900,0,2,1,0,930,0,89,70.0,1886,0,5,0,60,RL,Lvl,Corner,Gilbert,Norm,1Fam,2Story,Gable,CompShg,VinylSd,VinylSd,,PConc,GasA,Y,Attchd,,WD,Normal,IR1,Gtl,Gd,TA,Gd,TA,No,Unf,Unf,Gd,SBrkr,Gd,Typ,TA,Fin,TA,Y,,
0,0,0,0,6,0.0,0,1,780,8600,0,0,1,69,780,3,119500,0,2,1,0,596,0,0,50.0,1376,0,6,0,50,RM,Bnk,Inside,IDOTRR,Norm,1Fam,1.5Fin,Gable,CompShg,MetalSd,MetalSd,,BrkTil,GasA,Y,Detchd,,WD,Normal,Reg,Gtl,TA,TA,TA,TA,No,Unf,Unf,TA,SBrkr,TA,Typ,Gd,Unf,TA,N,,
0,0,1,0,3,0.0,0,1,649,6000,331,176,1,59,318,2,120000,0,1,0,0,504,0,0,50.0,1183,0,7,0,50,RM,Lvl,Inside,OldTown,Norm,1Fam,1.5Fin,Gable,CompShg,MetalSd,MetalSd,,CBlock,GasA,Y,Detchd,,WD,Normal,Reg,Gtl,TA,Gd,TA,TA,No,ALQ,Unf,Ex,SBrkr,TA,Typ,,Unf,TA,Y,,
0,0,0,0,6,0.0,0,1,813,5684,0,113,1,76,813,2,110000,0,1,0,0,0,0,0,70.0,813,0,8,0,30,RM,Lvl,Inside,OldTown,Norm,1Fam,1Story,Hip,CompShg,Wd Sdng,Wd Sdng,,BrkTil,GasA,Y,Detchd,,WD,Normal,Reg,Gtl,TA,TA,TA,TA,No,Unf,Unf,Ex,FuseA,Gd,Typ,,Unf,Fa,N,,
0,0,0,1,7,0.0,0,2,1533,70761,655,54,1,31,878,2,280000,0,2,2,0,0,0,200,62.0,1533,0,5,0,20,RL,Low,Inside,ClearCr,Norm,1Fam,1Story,Gable,WdShngl,Plywood,Plywood,,CBlock,GasA,Y,Attchd,,WD,Normal,IR1,Mod,TA,TA,Gd,TA,Gd,ALQ,Unf,TA,SBrkr,Gd,Typ,TA,Unf,TA,Y,,
0,0,1,1,6,42.0,0,2,872,9303,742,122,1,11,130,3,204000,0,2,0,0,868,0,144,70.0,1756,0,5,0,60,RL,Lvl,Corner,Timber,Norm,1Fam,2Story,Hip,CompShg,VinylSd,VinylSd,BrkFace,PConc,GasA,Y,Attchd,,WD,Normal,IR1,Gtl,Gd,TA,Ex,TA,No,ALQ,Unf,Ex,SBrkr,TA,Typ,,Fin,TA,Y,,
0,0,1,0,8,0.0,0,2,768,9000,0,30,1,1,768,3,210000,0,2,0,0,804,0,0,75.0,1590,0,5,0,60,FV,Lvl,Inside,Somerst,Norm,1Fam,2Story,Gable,CompShg,VinylSd,VinylSd,,PConc,GasA,Y,Attchd,,WD,Normal,Reg,Gtl,Gd,TA,Gd,TA,No,Unf,Unf,Ex,SBrkr,Gd,Typ,,RFn,TA,Y,,
0,0,0,2,5,0.0,0,2,1728,9297,1606,0,2,30,122,4,188000,0,2,0,0,0,0,0,63.0,1728,0,5,0,90,RL,Lvl,Inside,Mitchel,Norm,Duplex,1Story,Gable,CompShg,Plywood,Plywood,,CBlock,GasA,Y,Detchd,,WD,Family,Reg,Gtl,TA,TA,TA,TA,No,ALQ,Unf,TA,SBrkr,TA,Typ,,Unf,TA,Y,,
0,0,1,0,7,320.0,0,2,1242,9600,916,0,1,34,326,3,175500,0,1,1,0,0,0,0,80.0,1242,0,6,0,20,RL,Lvl,Inside,NWAmes,Norm,1Fam,1Story,Hip,CompShg,HdBoard,HdBoard,BrkFace,CBlock,GasA,Y,Attchd,,WD,Normal,Reg,Gtl,TA,TA,TA,TA,No,ALQ,Unf,Fa,SBrkr,TA,Typ,TA,Unf,TA,Y,,
0,0,0,0,5,0.0,0,3,624,4571,0,0,1,92,624,4,98000,96,1,0,0,720,0,0,34.0,1344,0,5,0,70,RM,Lvl,Inside,OldTown,Norm,1Fam,2Story,Gable,CompShg,AsbShng,AsbShng,,BrkTil,GasA,N,Detchd,,COD,Abnorml,Reg,Gtl,TA,TA,TA,TA,No,Unf,Unf,Fa,SBrkr,TA,Typ,,Unf,Fa,Y,,
0,0,0,1,4,0.0,0,2,1364,53227,1116,137,1,54,248,2,256000,0,1,2,0,0,0,224,70.0,1663,0,6,0,20,RL,Low,CulDSac,ClearCr,Norm,1Fam,1Story,Flat,Tar&Grv,Plywood,Plywood,,CBlock,GasA,Y,Attchd,,WD,Normal,IR1,Mod,TA,TA,Gd,TA,Gd,BLQ,Unf,Ex,SBrkr,Gd,Min1,Gd,Fin,TA,Y,,
0,0,0,0,8,0.0,0,1,588,5100,0,63,1,83,588,3,161000,0,1,1,0,833,0,192,70.0,1666,0,7,0,70,RM,Lvl,Inside,OldTown,Norm,1Fam,2Story,Hip,CompShg,Stucco,Wd Shng,,PConc,GasA,Y,Detchd,,WD,Normal,Reg,Gtl,TA,Gd,TA,TA,No,Unf,Unf,Fa,SBrkr,Gd,Typ,Gd,Unf,TA,Y,,MnPrv
0,0,0,1,5,161.0,0,1,709,7015,185,0,1,59,524,3,110000,248,1,1,0,224,0,0,70.0,1203,0,4,0,50,RL,Bnk,Corner,BrkSide,Norm,1Fam,1.5Fin,Gable,CompShg,MetalSd,MetalSd,BrkCmn,CBlock,GasA,Y,Detchd,,WD,Normal,IR1,Gtl,TA,TA,TA,TA,No,LwQ,Unf,TA,SBrkr,Gd,Typ,TA,Unf,TA,Y,,
0,0,1,1,8,110.0,0,2,832,8004,544,150,1,0,288,3,263435,0,2,0,0,1103,0,0,75.0,1935,0,5,0,60,FV,Lvl,Inside,Somerst,RRAn,1Fam,2Story,Gable,CompShg,VinylSd,VinylSd,Stone,PConc,GasA,Y,BuiltIn,,New,Partial,IR1,Gtl,Gd,TA,Gd,TA,No,GLQ,Unf,Ex,SBrkr,TA,Typ,,Fin,TA,Y,,
0,210,0,1,7,0.0,0,2,560,7200,350,0,1,73,0,3,155000,0,1,0,0,560,0,256,60.0,1135,0,9,0,70,RL,Lvl,Inside,SWISU,Feedr,1Fam,2Story,Gable,CompShg,Wd Sdng,Wd Sdng,,PConc,GasA,Y,Detchd,,WD,Normal,Reg,Gtl,Gd,Gd,Gd,Gd,No,ALQ,BLQ,Ex,SBrkr,Gd,Typ,,RFn,TA,Y,,MnPrv
0,311,0,0,5,0.0,0,1,864,8281,553,0,1,44,0,3,62383,236,1,1,0,0,0,0,60.0,864,0,5,0,20,RL,Lvl,Inside,Sawyer,Norm,1Fam,1Story,Gable,CompShg,MetalSd,MetalSd,,CBlock,GasA,Y,Detchd,,WD,Normal,IR1,Gtl,TA,TA,TA,TA,No,Rec,BLQ,Gd,SBrkr,TA,Typ,Po,Unf,TA,Y,,GdWo
0,0,1,0,6,0.0,0,1,715,11988,326,0,1,74,389,3,188700,0,1,1,0,811,0,0,74.0,1660,0,7,0,70,RL,HLS,Inside,Crawfor,Norm,1Fam,2Story,Hip,CompShg,Stucco,Stucco,,CBlock,GasA,Y,Detchd,,WD,Normal,IR1,Mod,TA,TA,TA,TA,No,LwQ,Unf,Fa,FuseA,TA,Typ,Gd,Unf,TA,Y,,
0,0,0,0,5,136.0,0,0,1040,8430,616,0,1,31,424,3,124000,0,2,0,0,0,0,0,60.0,1040,0,5,0,20,RL,HLS,Inside,CollgCr,Norm,1Fam,1Story,Gable,CompShg,HdBoard,HdBoard,BrkFace,CBlock,GasA,Y,,,WD,Normal,Reg,Mod,TA,TA,Gd,TA,No,Rec,Unf,TA,SBrkr,TA,Typ,,,,Y,,
0,0,0,0,7,18.0,0,2,1375,3072,0,20,1,2,1375,2,178740,0,2,1,0,0,0,144,70.0,1414,0,5,0,120,RM,Lvl,Inside,Blmngtn,Norm,TwnhsE,1Story,Hip,CompShg,VinylSd,VinylSd,BrkFace,PConc,GasA,Y,Attchd,,WD,Normal,Reg,Gtl,Gd,TA,Gd,TA,No,Unf,Unf,Ex,SBrkr,Gd,Typ,TA,Fin,TA,Y,,
0,0,0,1,7,0.0,0,2,1277,10628,778,0,1,37,499,2,167000,0,1,1,0,0,176,0,85.0,1277,0,5,0,20,RL,Lvl,Inside,NAmes,Norm,1Fam,1Story,Flat,Tar&Grv,Plywood,Plywood,,CBlock,GasA,Y,Attchd,,WD,Normal,Reg,Gtl,TA,Gd,TA,Gd,Gd,GLQ,Unf,TA,SBrkr,TA,Typ,Po,Unf,TA,Y,,GdWo
0,0,1,0,5,224.0,0,1,728,9480,386,0,1,65,342,3,146500,0,1,2,0,756,0,168,79.0,1644,0,7,0,70,RL,Lvl,Inside,NAmes,Artery,1Fam,2Story,Gable,CompShg,MetalSd,MetalSd,Stone,CBlock,GasA,Y,Attchd,,WD,Normal,Reg,Gtl,TA,TA,TA,TA,No,LwQ,Unf,Ex,SBrkr,Gd,Typ,Gd,Unf,TA,Y,,
0,0,0,0,8,248.0,0,3,1626,11428,0,44,1,1,1626,3,250000,0,2,1,0,0,0,0,98.0,1634,0,5,0,20,RL,Lvl,Inside,NridgHt,Norm,1Fam,1Story,Gable,CompShg,VinylSd,VinylSd,Stone,PConc,GasA,Y,Attchd,,WD,Normal,IR1,Gtl,Gd,TA,Gd,TA,No,Unf,Unf,Ex,SBrkr,Gd,Typ,Gd,RFn,TA,Y,,
0,0,1,0,6,120.0,0,2,832,9291,426,70,1,15,406,3,187000,0,2,0,0,878,0,144,76.0,1710,0,5,0,60,RL,Lvl,Corner,SawyerW,RRNe,1Fam,2Story,Gable,CompShg,HdBoard,HdBoard,BrkFace,PConc,GasA,Y,Attchd,,WD,Normal,IR1,Gtl,Gd,TA,Gd,TA,No,GLQ,Unf,Ex,SBrkr,Gd,Typ,,RFn,TA,Y,,
0,1120,1,1,8,0.0,0,2,1488,6820,368,54,1,25,0,1,212000,0,1,0,0,0,140,0,70.0,1502,0,5,0,120,RL,Lvl,Corner,StoneBr,Norm,TwnhsE,1Story,Gable,CompShg,HdBoard,HdBoard,,PConc,GasA,Y,Attchd,,WD,Normal,IR1,Gtl,Gd,TA,Gd,TA,Av,GLQ,BLQ,TA,SBrkr,Gd,Typ,,RFn,TA,Y,,
0,0,1,0,7,0.0,0,2,808,11952,0,0,1,30,808,3,190000,0,2,1,0,808,276,0,92.0,1969,0,6,0,60,RL,Lvl,Inside,NWAmes,PosA,1Fam,2Story,Mansard,WdShake,WdShing,Plywood,,CBlock,GasA,Y,Attchd,,WD,Normal,Reg,Gtl,TA,TA,Gd,TA,No,Unf,Unf,TA,SBrkr,TA,Typ,Gd,RFn,TA,Y,,
0,0,0,1,6,80.0,0,2,547,3675,459,28,1,3,88,2,148000,0,1,0,0,0,0,0,35.0,1072,0,5,0,180,RM,Lvl,Inside,Edwards,Norm,TwnhsE,SLvl,Gable,CompShg,VinylSd,VinylSd,BrkFace,PConc,GasA,Y,Basment,,WD,Normal,Reg,Gtl,TA,TA,Gd,TA,Gd,GLQ,Unf,Ex,SBrkr,TA,Typ,,RFn,TA,Y,,
0,0,0,1,8,304.0,0,3,1976,14977,1350,63,1,1,626,2,440000,0,2,1,0,0,0,250,110.0,1976,0,5,0,20,RL,Lvl,Inside,NridgHt,Norm,1Fam,1Story,Gable,CompShg,VinylSd,VinylSd,BrkFace,PConc,GasA,Y,Attchd,,New,Partial,IR1,Gtl,Gd,TA,Ex,TA,Gd,GLQ,Unf,Ex,SBrkr,Gd,Typ,Ex,RFn,TA,Y,,
0,0,0,1,8,0.0,0,2,1494,5330,1196,48,1,7,298,2,251000,0,2,0,0,0,0,96,41.0,1652,0,5,0,120,RL,Lvl,Inside,StoneBr,Norm,TwnhsE,1Story,Gable,CompShg,CemntBd,CmentBd,,PConc,GasA,Y,Attchd,,WD,Normal,Reg,Gtl,Gd,TA,Gd,TA,Av,GLQ,Unf,Ex,SBrkr,Ex,Typ,,RFn,TA,Y,,
0,0,0,1,5,0.0,0,2,970,8480,630,24,1,44,340,2,132500,0,1,0,0,0,192,0,80.0,970,0,6,0,20,RL,Lvl,Corner,Sawyer,Norm,1Fam,1Story,Hip,CompShg,HdBoard,HdBoard,,CBlock,GasA,Y,Detchd,,WD,Normal,Reg,Gtl,TA,TA,TA,TA,No,GLQ,Unf,TA,SBrkr,TA,Typ,,Unf,TA,Y,,
0,0,0,1,6,215.0,0,2,1478,13125,994,39,1,11,484,3,208900,0,2,1,0,0,0,140,75.0,1493,0,5,0,20,RL,Lvl,Inside,CollgCr,Norm,1Fam,1Story,Gable,CompShg,VinylSd,VinylSd,BrkFace,PConc,GasA,Y,Attchd,,WD,Normal,Reg,Mod,TA,TA,Gd,TA,Gd,GLQ,Unf,Ex,SBrkr,Gd,Typ,TA,Fin,TA,Y,,
0,0,1,0,9,772.0,0,3,2153,13693,0,84,1,1,2153,3,380000,0,2,1,0,574,0,414,105.0,2643,0,5,0,60,RL,Lvl,Inside,NridgHt,Norm,1Fam,2Story,Hip,CompShg,VinylSd,VinylSd,BrkFace,PConc,GasA,Y,BuiltIn,,WD,Normal,Reg,Gtl,Ex,TA,Gd,TA,Av,Unf,Unf,Ex,SBrkr,Ex,Typ,Gd,Fin,TA,Y,,
0,0,0,1,8,336.0,0,3,1705,10637,1288,44,1,2,417,3,297000,0,2,1,0,0,0,208,79.0,1718,0,5,0,20,RL,Lvl,Inside,CollgCr,Norm,1Fam,1Story,Hip,CompShg,VinylSd,VinylSd,Stone,PConc,GasA,Y,Attchd,,WD,Normal,Reg,Gtl,Gd,TA,Ex,TA,Gd,GLQ,Unf,Ex,SBrkr,Gd,Typ,Gd,RFn,TA,Y,,
0,0,0,0,4,435.0,0,2,907,5925,168,72,1,70,739,2,89471,0,1,0,0,0,0,0,50.0,1131,0,7,0,30,RM,Bnk,Inside,OldTown,Norm,1Fam,1Story,Hip,CompShg,Stucco,Stucco,BrkCmn,BrkTil,GasA,Y,Detchd,,WD,Alloca,Reg,Gtl,TA,TA,Fa,TA,No,Rec,Unf,TA,SBrkr,TA,Typ,,Unf,TA,Y,,MnPrv
0,0,0,1,9,378.0,0,3,1833,16033,1261,112,1,2,572,3,326000,0,2,1,0,0,0,519,98.0,1850,0,5,0,20,RL,Lvl,FR2,NridgHt,Norm,1Fam,1Story,Hip,CompShg,VinylSd,VinylSd,BrkFace,PConc,GasA,Y,Attchd,,WD,Normal,IR1,Gtl,Gd,TA,Ex,TA,Gd,GLQ,Unf,Ex,SBrkr,Gd,Typ,Gd,Fin,TA,Y,,
0,0,0,1,9,562.0,0,3,1792,11846,1567,49,1,3,225,2,374000,0,2,1,0,0,0,206,72.0,1792,0,5,0,20,RL,HLS,Inside,NridgHt,Norm,1Fam,1Story,Hip,CompShg,VinylSd,VinylSd,BrkFace,PConc,GasA,Y,Attchd,,WD,Normal,IR1,Gtl,Gd,TA,Ex,TA,Gd,GLQ,Unf,Ex,SBrkr,Ex,Typ,Gd,Fin,TA,Y,,
0,0,1,1,7,0.0,0,1,910,2500,299,0,1,94,611,4,155000,0,1,1,0,910,0,0,50.0,1826,0,8,0,70,RM,Lvl,Corner,OldTown,Norm,1Fam,2Story,Gable,CompShg,Stucco,Stucco,,PConc,GasA,Y,Attchd,,WD,Normal,Reg,Gtl,Gd,TA,TA,TA,No,ALQ,Unf,Ex,SBrkr,Ex,Min2,Gd,Unf,Fa,Y,,
0,0,0,1,6,116.0,0,2,1216,4500,897,125,1,8,319,2,164000,0,2,0,0,0,0,0,32.0,1216,0,5,0,120,RM,Lvl,FR2,Mitchel,Norm,Twnhs,1Story,Hip,CompShg,VinylSd,VinylSd,BrkFace,PConc,GasA,Y,Attchd,,WD,Normal,Reg,Gtl,TA,TA,Ex,TA,No,GLQ,Unf,Ex,SBrkr,TA,Typ,,Unf,TA,Y,,
0,0,0,1,5,0.0,0,1,999,7758,588,132,1,45,411,3,132500,0,1,0,0,0,0,0,70.0,999,0,7,0,20,RL,Lvl,Corner,Sawyer,Norm,1Fam,1Story,Gable,CompShg,HdBoard,Plywood,,CBlock,GasA,Y,Detchd,,WD,Normal,IR1,Gtl,TA,Gd,TA,TA,No,ALQ,Unf,Gd,SBrkr,Gd,Typ,,Unf,TA,Y,,
0,0,0,0,5,0.0,0,1,1113,9600,607,80,1,59,506,3,147000,120,1,1,0,0,0,0,80.0,1113,0,7,0,20,RL,Lvl,Inside,NAmes,Norm,1Fam,1Story,Gable,CompShg,MetalSd,MetalSd,,CBlock,GasA,Y,Attchd,,WD,Normal,Reg,Gtl,Gd,TA,TA,TA,No,ALQ,Unf,Gd,SBrkr,Gd,Typ,Gd,Unf,TA,Y,,
0,0,1,1,5,168.0,0,2,1073,10289,836,0,1,42,237,3,156000,0,1,0,0,0,0,0,79.0,1073,0,7,0,20,RL,Lvl,Inside,NAmes,Norm,1Fam,1Story,Hip,CompShg,MetalSd,MetalSd,BrkFace,CBlock,GasA,Y,Attchd,,WD,Normal,Reg,Gtl,TA,TA,TA,TA,No,ALQ,Unf,TA,SBrkr,TA,Typ,,RFn,TA,Y,,
0,0,0,0,5,0.0,0,2,1484,12243,998,0,1,36,486,3,175000,0,2,1,0,0,180,224,70.0,1484,0,6,0,20,RL,Lvl,Inside,NWAmes,Norm,1Fam,1Story,Gable,CompShg,Plywood,Plywood,,CBlock,GasA,Y,Attchd,,WD,Normal,IR1,Gtl,TA,TA,Gd,TA,Av,ALQ,Unf,Gd,SBrkr,TA,Typ,TA,Unf,TA,Y,,
0,0,0,0,5,0.0,0,2,954,10800,664,0,2,106,290,3,160000,0,2,1,0,648,0,142,60.0,2414,0,4,0,190,RL,Lvl,Corner,OldTown,Norm,2fmCon,1.5Fin,Gable,CompShg,Wd Sdng,Wd Sdng,,CBlock,GasA,N,Attchd,,ConLD,Normal,Reg,Gtl,TA,Fa,TA,Fa,No,BLQ,Unf,TA,FuseA,TA,Mod,Gd,Unf,TA,N,,
0,0,0,1,4,0.0,0,1,630,1526,515,0,1,39,115,1,86000,0,1,0,0,0,0,0,21.0,630,0,8,0,180,RM,Lvl,Inside,MeadowV,Norm,Twnhs,SFoyer,Gable,CompShg,CemntBd,CmentBd,,CBlock,GasA,Y,Attchd,,WD,Normal,Reg,Gtl,TA,Gd,Gd,TA,Av,GLQ,Unf,TA,SBrkr,Gd,Typ,,Unf,TA,Y,,
0,0,1,0,5,0.0,0,1,264,2665,0,24,1,32,264,3,115000,0,1,1,0,688,0,141,70.0,1304,0,6,0,160,RM,Lvl,Inside,MeadowV,Norm,TwnhsE,2Story,Gable,CompShg,CemntBd,CmentBd,,PConc,GasA,Y,BuiltIn,,WD,Normal,Reg,Gtl,TA,TA,Gd,TA,Mn,Unf,Unf,TA,SBrkr,TA,Typ,Gd,Fin,TA,Y,,
0,165,0,1,6,0.0,0,1,806,9490,403,0,1,65,238,3,133000,32,1,2,0,620,0,0,79.0,1578,0,7,0,50,RL,Lvl,Inside,NAmes,Artery,1Fam,1.5Fin,Gable,CompShg,Wd Sdng,Wd Sdng,,CBlock,GasA,Y,Attchd,,WD,Normal,Reg,Gtl,TA,TA,TA,TA,No,BLQ,Rec,TA,FuseA,Fa,Typ,TA,Unf,TA,Y,,MnPrv
0,0,1,0,6,0.0,0,2,728,15578,0,0,1,0,728,3,172785,0,2,0,0,728,0,0,105.0,1456,0,5,0,60,RL,Lvl,Corner,Gilbert,Norm,1Fam,2Story,Gable,CompShg,VinylSd,VinylSd,,PConc,GasA,Y,Attchd,,New,Partial,IR1,Gtl,Gd,TA,Gd,TA,No,Unf,Unf,Gd,SBrkr,TA,Typ,,RFn,TA,Y,,
0,532,1,0,5,0.0,0,1,1269,7931,374,0,1,48,363,3,155000,0,1,1,0,0,0,0,70.0,1269,0,6,0,20,RL,Lvl,Inside,NAmes,Norm,1Fam,1Story,Gable,CompShg,BrkFace,Wd Sdng,,CBlock,GasA,Y,Detchd,,WD,Normal,Reg,Gtl,TA,TA,TA,TA,No,BLQ,LwQ,TA,FuseA,TA,Typ,Fa,Unf,TA,Y,,
0,0,0,0,5,0.0,0,1,190,5784,0,20,1,71,190,2,91300,80,1,0,0,0,0,144,50.0,886,0,8,0,30,RM,Lvl,Inside,OldTown,Artery,1Fam,1Story,Gable,CompShg,MetalSd,MetalSd,,BrkTil,GasA,Y,Attchd,,WD,Normal,Reg,Gtl,TA,TA,Fa,TA,No,Unf,Unf,Gd,FuseA,TA,Typ,,Unf,TA,Y,,
0,0,0,0,4,0.0,0,0,720,7879,495,523,1,89,225,2,34900,115,1,0,0,0,0,0,60.0,720,0,5,0,30,C (all),Lvl,Inside,IDOTRR,Norm,1Fam,1Story,Gable,CompShg,Wd Sdng,Wd Sdng,,CBlock,GasA,N,,,WD,Abnorml,Reg,Gtl,TA,TA,TA,TA,No,Rec,Unf,TA,FuseA,TA,Typ,,,,N,,GdWo
0,0,0,1,8,0.0,0,2,3200,12692,1231,75,1,15,1969,4,430000,291,3,1,0,0,0,264,70.0,3228,0,5,0,20,RL,Lvl,Inside,NoRidge,Norm,1Fam,1Story,Hip,CompShg,BrkFace,BrkFace,,PConc,GasA,Y,Attchd,,WD,Normal,IR1,Gtl,Gd,TA,Gd,TA,No,GLQ,Unf,Ex,SBrkr,Gd,Typ,Gd,RFn,TA,Y,,
0,0,0,1,7,0.0,0,1,1026,9120,329,100,1,83,697,4,184000,0,2,0,0,687,0,0,60.0,1820,0,6,0,50,RL,Lvl,Inside,BrkSide,Norm,1Fam,1.5Fin,Gable,CompShg,Wd Sdng,Wd Sdng,,PConc,GasA,Y,Detchd,,WD,Normal,Reg,Gtl,TA,Gd,TA,TA,No,Rec,Unf,Ex,SBrkr,TA,Typ,,Unf,TA,N,,GdPrv
0,0,0,0,5,89.0,0,1,864,7800,450,0,1,42,414,3,130000,0,1,0,0,0,0,64,65.0,899,0,7,0,20,RL,Lvl,Inside,Sawyer,Norm,1Fam,1Story,Hip,CompShg,HdBoard,HdBoard,BrkFace,PConc,GasA,Y,Attchd,,WD,Normal,Reg,Gtl,TA,TA,TA,TA,No,ALQ,Unf,Ex,SBrkr,Gd,Typ,,Fin,TA,Y,,MnPrv
1,279,0,0,5,0.0,0,1,912,7535,111,285,1,49,522,2,120000,0,1,0,480,0,0,12,70.0,912,0,7,0,20,RL,Lvl,Inside,NAmes,Norm,1Fam,1Story,Gable,CompShg,MetalSd,MetalSd,,CBlock,GasA,Y,Attchd,Shed,WD,Normal,IR1,Gtl,TA,TA,TA,TA,No,BLQ,LwQ,Fa,SBrkr,TA,Typ,,Fin,TA,Y,,MnWw
0,0,1,0,6,285.0,0,1,672,1890,356,28,1,34,316,3,113000,0,1,0,0,546,0,144,21.0,1218,0,5,0,160,RM,Lvl,Inside,BrDale,Norm,Twnhs,2Story,Gable,CompShg,HdBoard,HdBoard,BrkFace,CBlock,GasA,Y,Detchd,,WD,Normal,Reg,Gtl,TA,TA,TA,TA,No,BLQ,Unf,TA,SBrkr,TA,Typ,,Unf,TA,Y,,
0,0,1,0,7,0.0,0,2,866,9803,400,108,1,3,466,3,226700,0,2,0,0,902,0,0,75.0,1768,0,5,0,60,FV,Lvl,Inside,Somerst,Norm,1Fam,2Story,Gable,CompShg,VinylSd,VinylSd,,PConc,GasA,Y,Attchd,,WD,Normal,Reg,Gtl,Gd,TA,Gd,TA,No,GLQ,Unf,Gd,SBrkr,Gd,Typ,,RFn,TA,Y,,
0,96,0,1,5,0.0,0,2,1214,9170,698,0,1,42,420,2,140000,184,1,0,400,0,0,0,70.0,1214,0,7,0,20,RL,Lvl,Corner,Edwards,Feedr,1Fam,1Story,Hip,CompShg,MetalSd,MetalSd,,CBlock,GasA,Y,Detchd,Shed,WD,Normal,Reg,Gtl,TA,TA,TA,TA,No,ALQ,GLQ,Ex,SBrkr,TA,Typ,,Unf,Fa,Y,,GdPrv
0,0,0,1,7,0.0,0,2,1501,15602,1247,54,1,51,254,1,289000,0,2,2,0,0,161,0,100.0,1801,0,8,0,20,RL,Lvl,Inside,Crawfor,Norm,1Fam,1Story,Gable,CompShg,BrkFace,Wd Sdng,,CBlock,GasA,Y,Attchd,,WD,Normal,IR1,Gtl,TA,TA,TA,TA,No,ALQ,Unf,TA,SBrkr,TA,Typ,TA,Fin,TA,Y,,GdWo
1,495,1,0,6,0.0,0,2,855,2308,257,0,1,35,103,3,147000,0,2,1,0,467,0,260,24.0,1322,0,5,0,160,RL,Lvl,Inside,NPkVill,Norm,TwnhsE,2Story,Gable,CompShg,Plywood,Brk Cmn,,CBlock,GasA,Y,Attchd,,WD,Normal,Reg,Gtl,TA,TA,TA,TA,No,ALQ,Rec,TA,SBrkr,TA,Typ,Fa,Unf,TA,Y,,
0,0,0,0,5,360.0,0,2,960,7596,0,0,2,57,960,4,124500,0,2,0,0,1000,0,0,60.0,1960,0,5,0,90,RM,Lvl,Inside,OldTown,Artery,Duplex,2Story,Hip,CompShg,Wd Sdng,Wd Sdng,BrkFace,CBlock,GasA,Y,Detchd,,COD,Normal,Reg,Gtl,TA,TA,TA,TA,No,Unf,Unf,Gd,SBrkr,TA,Typ,,Unf,TA,N,,
0,0,1,0,8,125.0,0,2,777,9554,380,81,1,13,397,3,215000,0,2,1,0,846,0,182,80.0,1911,0,5,0,60,RL,Lvl,Inside,SawyerW,Norm,1Fam,2Story,Gable,CompShg,VinylSd,VinylSd,BrkFace,PConc,GasA,Y,Attchd,,WD,Normal,IR1,Gtl,Gd,TA,Gd,TA,No,GLQ,Unf,Ex,SBrkr,Gd,Typ,TA,RFn,TA,Y,,
0,0,0,0,6,0.0,0,2,1218,7862,27,102,1,0,1191,2,208300,0,2,0,0,0,0,0,75.0,1218,0,5,0,20,FV,Lvl,Inside,Somerst,Norm,1Fam,1Story,Gable,CompShg,VinylSd,VinylSd,,PConc,GasA,Y,Attchd,,New,Partial,IR1,Gtl,Gd,TA,Gd,TA,No,GLQ,Unf,Ex,SBrkr,Gd,Typ,,Fin,TA,Y,,
0,0,0,0,7,0.0,0,2,689,9600,141,0,1,80,548,3,161000,116,2,1,0,689,0,0,60.0,1378,0,9,0,70,RM,Lvl,Inside,OldTown,Norm,1Fam,2Story,Gambrel,CompShg,MetalSd,MetalSd,,BrkTil,GasA,Y,Detchd,,WD,Normal,Reg,Gtl,TA,Ex,TA,TA,No,Rec,Unf,Ex,SBrkr,Gd,Typ,Gd,Unf,TA,N,,
0,0,0,1,5,132.0,0,1,1041,9600,991,88,1,50,50,3,124500,0,1,0,0,0,0,224,80.0,1041,0,6,0,20,RL,Lvl,Corner,NAmes,Norm,1Fam,1Story,Gable,CompShg,MetalSd,MetalSd,BrkFace,CBlock,GasA,Y,Attchd,,WD,Normal,Reg,Gtl,TA,TA,TA,TA,No,ALQ,Unf,Ex,SBrkr,TA,Typ,,RFn,TA,Y,,MnPrv
0,180,0,1,5,70.0,0,1,1008,14559,650,42,1,58,178,2,164900,0,1,2,2000,0,168,324,75.0,1363,0,7,0,20,RL,Lvl,Inside,NAmes,Norm,1Fam,1Story,Hip,CompShg,Wd Sdng,Wd Sdng,BrkCmn,CBlock,GasA,Y,CarPort,Shed,WD,Normal,Reg,Gtl,Gd,TA,TA,TA,No,BLQ,Rec,Ex,SBrkr,TA,Min1,TA,Unf,TA,Y,,
0,0,0,0,7,94.0,0,2,1368,6792,0,35,1,1,1368,2,202665,0,2,1,0,0,0,132,40.0,1368,0,5,0,120,RL,Lvl,Inside,NridgHt,Norm,TwnhsE,1Story,Gable,CompShg,VinylSd,VinylSd,Stone,PConc,GasA,Y,Attchd,,New,Partial,IR1,Gtl,Gd,TA,Gd,TA,No,Unf,Unf,Ex,SBrkr,Gd,Typ,Gd,RFn,TA,Y,,
0,174,0,1,5,0.0,0,2,864,9100,521,0,1,48,169,3,129900,0,1,0,0,0,0,0,70.0,864,0,5,0,20,RL,Lvl,Corner,NAmes,Feedr,1Fam,1Story,Gable,CompShg,VinylSd,VinylSd,,CBlock,GasA,Y,Detchd,,WD,Normal,Reg,Gtl,TA,TA,TA,TA,No,BLQ,LwQ,TA,SBrkr,TA,Typ,,Unf,TA,Y,,
0,0,1,0,6,0.0,0,2,1084,9187,336,0,1,24,748,3,134000,158,1,0,0,0,0,120,71.0,1080,0,5,0,20,RL,Bnk,Corner,Mitchel,Norm,1Fam,1Story,Gable,CompShg,VinylSd,VinylSd,,PConc,GasA,Y,Attchd,,WD,Normal,Reg,Gtl,TA,Gd,TA,TA,No,ALQ,Unf,TA,SBrkr,TA,Typ,,Unf,TA,Y,,
0,0,0,0,5,0.0,0,1,768,10594,0,0,1,81,768,2,96500,112,1,0,0,0,0,0,55.0,789,0,5,0,45,RL,Lvl,Inside,Crawfor,Norm,1Fam,1.5Unf,Gable,CompShg,Wd Sdng,Wd Sdng,,BrkTil,Grav,N,Detchd,,WD,Normal,Reg,Gtl,TA,TA,TA,TA,No,Unf,Unf,Fa,SBrkr,TA,Typ,,Unf,Po,Y,,MnPrv
0,0,1,1,10,305.0,0,3,2006,12220,1436,54,1,0,570,3,402861,0,2,1,0,0,0,156,94.0,2020,0,5,0,20,RL,Lvl,Inside,NridgHt,Norm,1Fam,1Story,Hip,CompShg,CemntBd,CmentBd,BrkFace,CBlock,GasA,Y,Attchd,,New,Partial,Reg,Gtl,Ex,TA,Ex,TA,No,GLQ,Unf,Ex,SBrkr,Ex,Typ,Gd,Fin,TA,Y,,
0,0,1,0,6,333.0,0,2,689,10448,0,104,1,37,689,3,158000,0,2,1,0,741,0,0,70.0,2119,0,6,0,80,RL,Lvl,Corner,NWAmes,Norm,1Fam,SLvl,Gable,CompShg,HdBoard,HdBoard,BrkFace,CBlock,GasA,Y,Attchd,,COD,Abnorml,IR1,Gtl,TA,TA,TA,TA,No,Unf,Unf,TA,SBrkr,TA,Typ,TA,RFn,TA,Y,,GdPrv
0,0,1,0,7,921.0,0,3,1264,10208,0,0,1,13,1264,3,265000,0,2,1,0,1067,0,220,79.0,2344,0,5,0,60,RL,Lvl,Inside,NoRidge,Norm,1Fam,2Story,Gable,CompShg,VinylSd,VinylSd,BrkFace,PConc,GasA,Y,Attchd,,WD,Normal,IR1,Gtl,Gd,TA,Gd,TA,No,Unf,Unf,Ex,SBrkr,Gd,Typ,TA,RFn,TA,Y,,
0,0,1,1,6,0.0,0,2,794,9531,706,36,1,9,88,3,211000,0,2,0,0,914,0,0,70.0,1796,0,5,0,60,RL,Lvl,CulDSac,CollgCr,Norm,1Fam,2Story,Gable,CompShg,VinylSd,VinylSd,,PConc,GasA,Y,Attchd,,WD,Normal,IR1,Gtl,TA,TA,Gd,TA,Mn,GLQ,Unf,Ex,SBrkr,TA,Typ,,RFn,TA,Y,,MnPrv
0,0,1,0,7,0.0,0,1,1276,10918,0,0,1,83,1276,3,234000,0,1,2,0,804,145,0,53.0,2080,0,9,0,70,RL,Lvl,Inside,Crawfor,Norm,1Fam,2Story,Gambrel,CompShg,MetalSd,MetalSd,,BrkTil,GasA,Y,Detchd,,WD,Normal,Reg,Gtl,Gd,TA,Gd,TA,No,Unf,Unf,Ex,SBrkr,Gd,Typ,Gd,Unf,TA,Y,,MnPrv
0,0,0,0,4,0.0,0,0,0,10800,0,114,2,108,0,3,106250,210,2,0,0,600,0,220,60.0,1294,0,7,0,190,RL,Lvl,Inside,OldTown,Norm,2fmCon,2Story,Gable,CompShg,MetalSd,MetalSd,,BrkTil,GasA,N,,,WD,Normal,Reg,Gtl,TA,TA,,,,,,TA,FuseA,TA,Typ,,,,N,,
0,0,1,0,6,0.0,0,1,1244,11988,777,40,1,50,467,3,150000,0,1,2,0,0,0,0,90.0,1244,0,6,0,20,RL,Lvl,Corner,NAmes,Feedr,1Fam,1Story,Gable,CompShg,VinylSd,VinylSd,,CBlock,GasA,Y,Attchd,,WD,Normal,IR1,Gtl,TA,TA,TA,TA,No,Rec,Unf,Ex,FuseA,TA,Typ,Gd,Unf,TA,Y,,
0,0,0,0,6,0.0,0,2,1004,5000,399,24,1,59,605,3,159000,36,2,2,0,660,0,0,50.0,1664,0,7,0,50,RM,Lvl,Corner,BrkSide,Feedr,1Fam,1.5Fin,Gable,CompShg,CemntBd,CmentBd,,CBlock,GasA,Y,Detchd,,WD,Normal,Reg,Gtl,TA,Gd,TA,TA,No,ALQ,Unf,Ex,SBrkr,TA,Typ,Gd,Unf,TA,Y,,
0,0,1,1,10,762.0,0,3,3138,40094,2260,406,1,0,878,3,184750,0,3,1,0,1538,0,208,130.0,4676,0,5,0,60,RL,Bnk,Inside,Edwards,PosN,1Fam,2Story,Hip,CompShg,CemntBd,CmentBd,Stone,PConc,GasA,Y,BuiltIn,,New,Partial,IR1,Gtl,Ex,TA,Ex,TA,Gd,GLQ,Unf,Ex,SBrkr,Ex,Typ,Gd,Fin,TA,Y,,
0,0,1,1,7,594.0,0,3,1379,11787,719,60,1,11,660,3,315750,0,2,1,0,1015,0,239,95.0,2398,0,5,0,60,RL,Lvl,Inside,NoRidge,Norm,1Fam,2Story,Gable,CompShg,VinylSd,VinylSd,BrkFace,PConc,GasA,Y,Attchd,,WD,Normal,IR1,Gtl,Gd,TA,Gd,TA,No,GLQ,Unf,Ex,SBrkr,Gd,Typ,TA,Fin,TA,Y,,
0,0,0,0,7,0.0,0,2,1257,7500,0,144,1,1,1257,3,176000,0,2,1,0,0,0,38,62.0,1266,0,5,0,20,FV,Lvl,Inside,Somerst,Norm,1Fam,1Story,Gable,CompShg,VinylSd,VinylSd,,PConc,GasA,Y,Attchd,,WD,Normal,Reg,Gtl,Gd,TA,Gd,TA,No,Unf,Unf,Ex,SBrkr,Gd,Typ,TA,Unf,TA,Y,,
0,0,0,0,5,0.0,0,1,928,13300,377,0,1,51,551,2,132000,156,1,0,0,0,0,261,70.0,928,0,7,0,20,RL,Lvl,Inside,NAmes,Norm,1Fam,1Story,Hip,CompShg,Wd Sdng,Wd Sdng,,CBlock,GasA,Y,Attchd,,WD,Normal,Reg,Gtl,TA,TA,Gd,TA,No,Rec,Unf,TA,SBrkr,TA,Typ,,Unf,TA,Y,,
0,0,1,1,9,268.0,0,3,1452,14948,1330,66,1,0,122,3,446261,0,2,1,0,1237,0,126,67.0,2713,0,5,0,60,RL,Lvl,Inside,NridgHt,Norm,1Fam,2Story,Hip,CompShg,VinylSd,VinylSd,Stone,PConc,GasA,Y,Attchd,,New,Partial,IR1,Gtl,Ex,TA,Ex,TA,Av,GLQ,Unf,Ex,SBrkr,Ex,Typ,Gd,Fin,TA,Y,,
0,0,0,1,4,0.0,0,0,528,9098,348,0,1,87,180,2,86000,144,1,0,0,0,0,0,58.0,605,0,7,0,30,RL,Lvl,Inside,Edwards,Norm,1Fam,1Story,Gable,CompShg,Wd Sdng,Wd Sdng,,BrkTil,GasA,Y,,,WD,Normal,IR1,Gtl,TA,TA,TA,TA,Mn,ALQ,Unf,Ex,SBrkr,TA,Typ,,,,N,,
0,0,0,1,6,219.0,0,2,1461,10200,783,0,1,20,678,3,175000,0,2,1,0,0,0,224,85.0,1509,0,5,0,80,RL,Lvl,Inside,Timber,Norm,1Fam,SLvl,Gable,CompShg,HdBoard,HdBoard,BrkFace,CBlock,GasA,Y,Attchd,,WD,Abnorml,Reg,Gtl,Gd,TA,Gd,TA,Av,GLQ,Unf,Ex,SBrkr,Gd,Typ,Fa,RFn,TA,Y,,
0,0,0,0,6,0.0,0,2,611,6155,0,0,1,88,611,3,128000,84,2,0,0,611,0,0,60.0,1362,0,8,0,70,RM,Lvl,FR3,BrkSide,RRNn,1Fam,2Story,Gable,CompShg,Wd Sdng,Wd Sdng,,BrkTil,GasA,Y,Detchd,,WD,Normal,IR1,Gtl,TA,TA,Fa,Fa,Mn,Unf,Unf,Ex,SBrkr,TA,Typ,,Fin,TA,Y,,
0,0,0,0,5,0.0,0,1,0,7200,0,0,1,55,0,2,107500,0,1,1,0,0,0,0,60.0,827,0,7,0,20,RL,Lvl,Inside,NAmes,Norm,1Fam,1Story,Gable,CompShg,VinylSd,VinylSd,,Slab,GasA,Y,Detchd,,WD,Normal,Reg,Gtl,TA,TA,,,,,,Ex,SBrkr,TA,Mod,Po,Unf,TA,Y,,
0,0,0,0,1,0.0,0,0,0,5000,0,0,1,61,0,1,39300,0,1,0,0,0,0,0,50.0,334,0,3,0,20,RL,Low,Inside,BrkSide,Norm,1Fam,1Story,Gable,CompShg,VinylSd,VinylSd,,Slab,GasA,N,,,WD,Normal,Reg,Mod,Fa,Fa,,,,,,Fa,FuseF,Fa,Typ,,,,N,,
0,0,1,0,8,0.0,0,2,707,9056,0,35,1,2,707,3,178000,0,2,1,0,707,0,100,74.0,1414,0,5,0,60,RL,Lvl,Inside,Gilbert,Norm,1Fam,2Story,Gable,CompShg,VinylSd,VinylSd,,PConc,GasA,Y,Attchd,,WD,Normal,IR1,Gtl,Gd,TA,Ex,Gd,Av,Unf,Unf,Ex,SBrkr,Gd,Typ,Gd,Fin,TA,Y,,
0,0,0,1,5,0.0,0,0,1117,7000,969,0,1,98,148,3,107500,148,1,0,0,527,0,85,70.0,1347,0,7,0,190,RL,Lvl,Inside,Edwards,Norm,2fmCon,2Story,Gable,CompShg,MetalSd,MetalSd,,CBlock,GasA,Y,,,WD,Normal,Reg,Gtl,TA,TA,Gd,TA,Gd,GLQ,Unf,TA,SBrkr,TA,Typ,,,,N,,
0,0,1,0,7,0.0,0,2,880,8924,0,155,1,10,880,3,188000,0,2,0,0,844,0,120,57.0,1724,0,5,0,60,RL,Lvl,CulDSac,CollgCr,Norm,1Fam,2Story,Gable,CompShg,VinylSd,VinylSd,,PConc,GasA,Y,Attchd,,WD,Normal,IR1,Gtl,TA,TA,Gd,TA,Av,Unf,Unf,Ex,SBrkr,Gd,Typ,,Fin,TA,Y,,
0,0,0,0,4,0.0,0,2,864,12735,600,0,1,36,264,3,111250,0,1,0,0,0,0,216,70.0,864,0,5,0,20,RL,Lvl,FR2,NAmes,Norm,1Fam,1Story,Hip,CompShg,MetalSd,MetalSd,,CBlock,GasA,Y,Detchd,,COD,Normal,IR1,Gtl,TA,TA,TA,TA,No,BLQ,Unf,TA,SBrkr,TA,Typ,,Unf,TA,Y,,MnWw
0,0,1,0,5,188.0,0,1,1051,11553,673,0,1,38,378,3,158000,0,1,1,0,0,0,466,70.0,1159,0,5,0,20,RL,Lvl,Inside,Sawyer,Norm,1Fam,1Story,Hip,CompShg,Plywood,Plywood,BrkFace,CBlock,GasA,Y,Attchd,,WD,Normal,IR1,Gtl,TA,TA,TA,TA,No,BLQ,Unf,TA,SBrkr,TA,Typ,Fa,Unf,TA,Y,,
0,0,0,1,8,479.0,0,2,1581,11423,1358,0,1,9,223,3,272000,0,2,1,2000,0,0,180,70.0,1601,0,5,0,20,RL,Lvl,Inside,CollgCr,Norm,1Fam,1Story,Gable,CompShg,VinylSd,VinylSd,BrkFace,PConc,GasA,Y,Attchd,Shed,WD,Normal,Reg,Gtl,Gd,TA,Gd,TA,Av,GLQ,Unf,Ex,SBrkr,Gd,Typ,TA,RFn,TA,Y,,MnPrv
0,0,0,1,9,584.0,0,3,1838,14601,1260,68,1,3,578,2,315000,0,2,1,0,0,0,270,85.0,1838,0,5,0,20,RL,Lvl,Inside,Timber,Norm,1Fam,1Story,Hip,CompShg,VinylSd,VinylSd,BrkFace,PConc,GasA,Y,Attchd,,WD,Normal,Reg,Gtl,Ex,TA,Ex,TA,Av,GLQ,Unf,Ex,SBrkr,Ex,Typ,Gd,Fin,TA,Y,,
0,0,1,0,8,72.0,0,3,969,11000,0,56,1,7,969,4,248000,0,2,1,0,1288,0,0,70.0,2285,0,5,0,60,RL,Lvl,FR2,NoRidge,Norm,1Fam,2Story,Gable,CompShg,VinylSd,VinylSd,BrkFace,PConc,GasA,Y,BuiltIn,,WD,Normal,Reg,Gtl,Gd,TA,Gd,TA,No,Unf,Unf,Ex,SBrkr,Gd,Typ,TA,Fin,TA,Y,,
0,1127,0,1,7,0.0,0,2,1650,10140,144,73,1,11,379,3,213250,0,2,1,0,0,0,78,78.0,1680,0,5,0,20,RL,Lvl,Inside,NWAmes,RRAn,1Fam,1Story,Hip,CompShg,VinylSd,VinylSd,,PConc,GasA,Y,Attchd,,WD,Normal,Reg,Gtl,Gd,TA,Ex,TA,No,LwQ,GLQ,Ex,SBrkr,Gd,Maj1,TA,Fin,TA,Y,,
0,139,0,1,7,182.0,0,1,723,4058,584,40,1,9,0,1,133000,0,1,0,0,0,0,120,34.0,767,0,5,0,120,RH,Lvl,Inside,NAmes,Norm,TwnhsE,SFoyer,Gable,CompShg,MetalSd,MetalSd,BrkFace,PConc,GasA,Y,Attchd,,WD,Normal,Reg,Gtl,TA,TA,Gd,TA,Av,GLQ,LwQ,Ex,SBrkr,TA,Typ,,Fin,TA,Y,,
0,0,1,1,7,0.0,0,2,654,17104,554,24,1,0,100,3,179665,0,2,1,0,832,0,100,58.0,1496,0,5,0,60,RL,Lvl,Inside,Gilbert,Norm,1Fam,2Story,Gable,CompShg,VinylSd,VinylSd,,PConc,GasA,Y,Attchd,,New,Partial,IR1,Gtl,Gd,TA,Gd,Gd,Av,GLQ,Unf,Ex,SBrkr,Gd,Typ,Gd,RFn,TA,Y,,
0,202,1,0,7,178.0,0,3,1204,13837,1002,0,1,18,0,4,229000,0,2,0,0,806,0,0,70.0,2183,0,5,0,50,RL,Lvl,Corner,NWAmes,Norm,1Fam,1.5Fin,Gable,CompShg,HdBoard,HdBoard,BrkFace,PConc,GasA,Y,Attchd,,WD,Normal,IR1,Gtl,Gd,Gd,Gd,Gd,No,GLQ,LwQ,Gd,SBrkr,Gd,Typ,,Unf,TA,Y,,
0,0,1,0,6,0.0,0,2,1065,8737,300,38,1,84,765,3,210000,0,1,1,0,720,0,0,70.0,1635,144,7,0,50,RL,Bnk,Inside,BrkSide,Norm,1Fam,1.5Fin,Gable,CompShg,BrkFace,Wd Sdng,,BrkTil,GasA,Y,Detchd,,WD,Normal,IR1,Gtl,TA,TA,Gd,TA,No,Rec,Unf,Ex,FuseA,TA,Typ,Gd,Unf,TA,Y,,
0,0,0,1,5,0.0,0,2,768,7244,619,0,1,37,149,2,129500,0,1,0,0,0,0,104,54.0,768,0,7,0,85,RL,Lvl,Inside,Mitchel,Norm,1Fam,SFoyer,Gable,CompShg,VinylSd,VinylSd,,CBlock,GasA,Y,Detchd,,WD,Normal,Reg,Gtl,TA,Gd,Gd,TA,Av,ALQ,Unf,Ex,SBrkr,TA,Typ,,Unf,TA,Y,,
0,645,0,1,5,0.0,0,2,825,8235,180,50,1,53,0,2,125000,0,1,0,0,0,0,140,49.0,825,0,7,0,20,RM,HLS,Inside,OldTown,Feedr,1Fam,1Story,Gable,CompShg,MetalSd,MetalSd,,CBlock,GasA,Y,Detchd,,WD,Normal,IR1,Gtl,TA,Gd,TA,TA,No,LwQ,Rec,TA,SBrkr,TA,Typ,,RFn,TA,Y,,MnPrv
0,0,1,0,7,0.0,0,2,912,9375,0,182,1,6,912,4,263000,0,2,1,0,1182,0,182,75.0,2094,0,5,0,60,FV,Lvl,Inside,Somerst,Norm,1Fam,2Story,Gable,CompShg,VinylSd,VinylSd,,PConc,GasA,Y,BuiltIn,,WD,Normal,Reg,Gtl,Gd,TA,Gd,TA,No,Unf,Unf,Ex,SBrkr,Gd,Typ,Gd,Fin,TA,Y,,
0,0,0,0,6,0.0,0,2,1069,4043,559,55,1,31,510,2,140000,0,2,0,0,0,200,0,53.0,1069,0,6,0,120,RL,Lvl,Inside,NPkVill,Norm,TwnhsE,1Story,Gable,CompShg,Plywood,Plywood,,CBlock,GasA,Y,Attchd,,COD,Abnorml,Reg,Gtl,TA,TA,Gd,TA,No,ALQ,Unf,TA,SBrkr,TA,Typ,,RFn,TA,Y,,
0,0,0,0,5,0.0,0,1,928,6000,308,0,1,51,620,3,112500,0,1,0,0,0,0,0,50.0,928,0,6,0,20,RM,Lvl,Inside,OldTown,Norm,1Fam,1Story,Hip,CompShg,BrkFace,BrkFace,,CBlock,GasA,Y,Attchd,,WD,Normal,Reg,Gtl,TA,TA,TA,TA,No,Rec,Unf,Gd,FuseA,TA,Typ,,Fin,TA,Y,,
0,0,0,0,8,250.0,0,3,1709,11146,0,39,1,3,1709,3,255500,0,2,1,0,0,0,169,87.0,1717,0,5,0,20,RL,Lvl,Inside,NridgHt,Norm,1Fam,1Story,Gable,CompShg,VinylSd,VinylSd,Stone,PConc,GasA,Y,Attchd,,WD,Normal,IR1,Gtl,Gd,TA,Ex,TA,Av,Unf,Unf,Ex,SBrkr,Gd,Typ,Gd,RFn,TA,Y,,
0,0,0,0,4,0.0,0,2,0,8777,0,96,1,60,0,2,108000,0,2,0,0,0,0,0,67.0,1126,0,5,0,20,RL,Lvl,Inside,Edwards,Feedr,1Fam,1Story,Gable,CompShg,VinylSd,VinylSd,,CBlock,GasA,Y,Detchd,,WD,Normal,Reg,Gtl,TA,TA,,,,,,Ex,SBrkr,Gd,Typ,,Fin,TA,N,,MnPrv
0,0,1,1,7,292.0,0,3,998,10625,866,62,1,5,132,3,284000,0,2,1,0,1040,0,320,85.0,2046,0,5,0,60,RL,Lvl,Inside,NridgHt,Norm,1Fam,2Story,Gable,CompShg,VinylSd,VinylSd,BrkFace,PConc,GasA,Y,BuiltIn,,WD,Normal,Reg,Gtl,Gd,TA,Gd,TA,No,GLQ,Unf,Ex,SBrkr,Gd,Typ,Gd,RFn,TA,Y,,
0,0,0,0,5,0.0,0,1,993,6380,0,0,1,84,993,2,113000,116,1,1,0,0,0,0,58.0,1048,0,6,0,45,RM,Lvl,Inside,BrkSide,Norm,1Fam,1.5Unf,Gable,CompShg,MetalSd,MetalSd,,BrkTil,GasA,Y,Detchd,,WD,Normal,Reg,Gtl,TA,TA,TA,Fa,No,Unf,Unf,TA,FuseA,TA,Typ,Gd,Unf,TA,Y,,
0,0,0,1,5,0.0,0,1,1092,14850,895,0,1,49,197,2,141000,0,1,1,0,0,122,268,69.0,1092,0,5,0,20,RL,Lvl,Inside,NAmes,Norm,1Fam,1Story,Gable,CompShg,Wd Sdng,Wd Sdng,,CBlock,GasA,Y,Attchd,,WD,Normal,IR1,Gtl,TA,TA,TA,TA,No,Rec,Unf,TA,FuseA,TA,Typ,TA,Fin,TA,Y,,MnWw
0,0,1,0,4,0.0,0,1,637,11040,637,47,1,86,0,3,108000,120,1,0,0,439,0,0,60.0,1336,0,6,0,50,C (all),Low,Inside,IDOTRR,Norm,1Fam,1.5Fin,Gable,CompShg,MetalSd,MetalSd,,CBlock,GasA,Y,CarPort,,COD,Normal,Reg,Mod,TA,TA,TA,TA,No,Rec,Unf,Gd,SBrkr,TA,Typ,,Unf,TA,Y,,
1,0,1,0,7,0.0,0,2,729,21872,604,22,1,12,125,3,175000,0,2,1,0,717,0,264,57.0,1446,0,5,0,60,RL,HLS,FR2,Gilbert,Norm,1Fam,2Story,Gable,CompShg,HdBoard,HdBoard,,PConc,GasA,Y,Attchd,,WD,Normal,IR2,Gtl,TA,TA,Gd,TA,Gd,GLQ,Unf,Ex,SBrkr,TA,Typ,TA,Unf,TA,Y,,
0,0,0,0,7,18.0,0,2,1374,3196,0,20,1,3,1374,2,234000,0,2,1,0,0,0,143,70.0,1557,0,5,0,120,RL,Lvl,Inside,Blmngtn,Norm,TwnhsE,1Story,Gable,CompShg,VinylSd,VinylSd,BrkFace,PConc,GasA,Y,Attchd,,WD,Normal,Reg,Gtl,Gd,TA,Gd,TA,Gd,Unf,Unf,Ex,SBrkr,Gd,Typ,TA,Fin,TA,Y,,
0,0,1,1,5,180.0,0,2,1392,11341,1302,0,1,53,90,3,121500,0,1,1,0,0,95,0,70.0,1392,0,6,0,20,RL,Lvl,Inside,Sawyer,Norm,1Fam,1Story,Hip,CompShg,Wd Sdng,Wd Sdng,BrkFace,CBlock,GasA,Y,Detchd,,WD,Normal,IR1,Gtl,TA,TA,Gd,TA,No,ALQ,Unf,TA,SBrkr,TA,Mod,Gd,Unf,TA,Y,,
0,123,0,1,5,0.0,0,2,1389,10010,1071,38,1,32,195,2,170000,0,1,1,0,0,0,240,77.0,1389,0,5,0,20,RL,Lvl,Inside,Mitchel,Norm,1Fam,1Story,Gable,CompShg,HdBoard,HdBoard,,CBlock,GasA,Y,Attchd,,WD,Normal,Reg,Mod,TA,TA,Gd,TA,Av,ALQ,LwQ,Gd,SBrkr,TA,Typ,TA,RFn,TA,Y,,
0,0,0,1,5,0.0,0,0,996,13907,290,0,1,68,706,3,108000,0,1,1,0,0,0,144,63.0,996,0,6,0,30,RL,Lvl,Inside,Edwards,Norm,1Fam,1Story,Gable,CompShg,WdShing,Wd Shng,,CBlock,GasA,Y,,,WD,Normal,Reg,Gtl,TA,TA,TA,TA,No,BLQ,Unf,Ex,SBrkr,TA,Typ,Gd,,,Y,,
0,0,0,0,6,0.0,0,2,1163,21780,0,36,1,90,1163,4,185000,0,2,1,0,511,144,72,66.0,1674,0,7,0,50,RL,Lvl,Inside,Edwards,Norm,1Fam,1.5Fin,Gable,CompShg,Wd Sdng,Wd Sdng,,BrkTil,GasA,Y,Detchd,,WD,Normal,Reg,Gtl,TA,TA,Gd,TA,Mn,Unf,Unf,Ex,SBrkr,TA,Typ,Gd,Fin,TA,N,,
0,0,1,1,7,0.0,0,2,1095,13346,728,40,1,14,367,4,268000,0,2,1,0,1129,0,0,70.0,2295,0,5,0,60,RL,Lvl,CulDSac,NoRidge,Norm,1Fam,2Story,Gable,CompShg,HdBoard,HdBoard,,PConc,GasA,Y,Attchd,,WD,Normal,IR1,Gtl,Gd,TA,Gd,TA,No,GLQ,Unf,Ex,SBrkr,Gd,Typ,TA,RFn,TA,Y,,
0,0,1,1,6,0.0,0,1,806,6858,0,66,1,95,806,4,128000,136,1,0,0,806,0,0,66.0,1647,0,4,0,70,RL,Bnk,Corner,SWISU,Norm,1Fam,2Story,Gable,CompShg,Wd Sdng,Wd Sdng,,PConc,GasA,N,Detchd,,WD,Normal,Reg,Gtl,TA,TA,Gd,TA,No,Unf,Unf,TA,FuseF,Fa,Typ,,Unf,TA,Y,,
0,0,1,0,9,245.0,0,3,1122,11198,0,39,1,3,1122,4,325000,0,2,1,0,1370,0,144,77.0,2504,0,5,0,60,RL,Lvl,Inside,StoneBr,Norm,1Fam,2Story,Hip,CompShg,VinylSd,VinylSd,BrkFace,PConc,GasA,Y,BuiltIn,,WD,Normal,IR1,Gtl,Gd,TA,Gd,Gd,No,Unf,Unf,Ex,SBrkr,Ex,Typ,Gd,Fin,TA,Y,,
0,0,0,0,7,168.0,0,2,1517,10171,2,0,1,6,1515,3,214000,0,2,0,0,0,0,0,70.0,1535,0,5,0,20,RL,Lvl,Inside,NridgHt,Norm,1Fam,1Story,Gable,CompShg,VinylSd,VinylSd,BrkFace,PConc,GasA,Y,Attchd,,WD,Normal,IR1,Gtl,Gd,TA,Gd,TA,No,GLQ,Unf,Ex,SBrkr,Gd,Typ,,RFn,TA,Y,,
0,0,1,1,8,0.0,0,2,1496,12327,1441,40,1,26,55,1,316600,0,1,1,0,636,0,349,79.0,2132,0,8,0,50,RL,Low,Inside,SawyerW,Norm,1Fam,1.5Fin,Gable,CompShg,Wd Sdng,Wd Sdng,,CBlock,GasA,Y,BuiltIn,,WD,Normal,IR1,Mod,Gd,TA,Gd,TA,Gd,GLQ,Unf,Ex,SBrkr,Gd,Min2,Gd,Fin,Gd,Y,,
0,0,0,1,5,0.0,0,2,943,7032,943,0,1,27,0,2,135960,0,1,2,0,0,0,42,70.0,943,0,5,0,90,RL,Lvl,Corner,NAmes,Norm,Duplex,SFoyer,Gable,CompShg,MetalSd,MetalSd,,CBlock,GasA,Y,Detchd,,WD,Normal,IR1,Gtl,TA,TA,Gd,TA,Gd,GLQ,Unf,TA,SBrkr,TA,Typ,TA,Unf,TA,Y,,
0,0,0,0,5,108.0,0,2,1728,13101,231,0,2,43,1497,6,142600,0,2,0,0,0,0,0,74.0,1728,0,5,0,90,RL,Lvl,Inside,NAmes,Norm,Duplex,1Story,Gable,CompShg,HdBoard,HdBoard,BrkFace,CBlock,GasA,Y,Detchd,,WD,Normal,IR1,Gtl,TA,TA,TA,TA,No,LwQ,Unf,TA,SBrkr,TA,Typ,,Unf,TA,Y,,
0,0,0,1,6,207.0,0,1,864,7332,414,0,1,47,450,2,120000,0,1,0,0,0,0,168,60.0,864,0,6,0,20,RL,Lvl,Inside,NAmes,Norm,1Fam,1Story,Gable,CompShg,WdShing,Wd Shng,BrkFace,CBlock,GasA,Y,Attchd,,WD,Abnorml,Reg,Gtl,TA,TA,TA,TA,No,BLQ,Unf,Ex,SBrkr,Gd,Typ,,Unf,TA,Y,,
0,0,1,0,7,0.0,0,2,846,13159,0,114,1,0,846,3,224500,0,2,0,0,846,0,208,83.0,1692,0,5,0,60,RL,HLS,Corner,Timber,Norm,1Fam,2Story,Gable,CompShg,VinylSd,VinylSd,,PConc,GasA,Y,Attchd,,New,Partial,IR1,Gtl,TA,TA,Ex,TA,Av,Unf,Unf,Gd,SBrkr,Gd,Typ,,RFn,TA,Y,,
0,0,1,0,7,0.0,0,2,384,9967,0,0,1,7,384,3,170000,0,2,1,0,656,0,100,76.0,1430,0,5,0,80,RL,Lvl,Inside,Gilbert,Norm,1Fam,SLvl,Gable,CompShg,VinylSd,VinylSd,,PConc,GasA,Y,BuiltIn,,WD,Normal,IR1,Gtl,TA,TA,Gd,TA,No,Unf,Unf,Ex,SBrkr,TA,Typ,TA,RFn,TA,Y,,
1,0,0,0,5,82.0,0,1,372,10500,349,0,1,36,23,3,139000,0,1,0,0,533,0,35,70.0,1109,0,7,0,80,RL,Lvl,FR2,NAmes,Norm,1Fam,SLvl,Gambrel,CompShg,MetalSd,AsphShn,BrkFace,CBlock,GasA,Y,BuiltIn,,WD,Normal,Reg,Gtl,TA,TA,TA,TA,Av,ALQ,Unf,TA,SBrkr,TA,Typ,,Unf,TA,Y,,GdWo
0,0,0,0,5,0.0,0,1,832,8480,442,0,1,61,390,2,118500,102,1,0,0,384,0,158,80.0,1216,0,5,0,50,RL,Lvl,Inside,NAmes,Norm,1Fam,1.5Fin,Gable,CompShg,MetalSd,MetalSd,,CBlock,GasA,Y,Detchd,,COD,Abnorml,Reg,Gtl,TA,TA,TA,TA,No,Rec,Unf,TA,SBrkr,TA,Typ,,Unf,TA,Y,,
1,0,0,0,7,0.0,0,1,861,6292,0,50,1,81,861,3,145000,0,2,1,0,600,0,0,52.0,1477,0,7,0,50,RL,Lvl,Inside,SWISU,Norm,1Fam,1.5Fin,Gable,CompShg,Wd Sdng,Wd Sdng,,BrkTil,GasA,Y,Detchd,,WD,Normal,Reg,Gtl,TA,TA,TA,TA,No,Unf,Unf,Gd,SBrkr,TA,Typ,Gd,Unf,TA,Y,,
0,551,0,1,5,97.0,0,2,1164,11777,328,68,1,40,285,3,164500,240,1,2,0,0,0,160,96.0,1320,0,6,0,80,RL,Lvl,Inside,Sawyer,Norm,1Fam,SLvl,Gable,CompShg,VinylSd,VinylSd,BrkFace,CBlock,GasA,Y,Attchd,,WD,Abnorml,IR1,Gtl,TA,TA,TA,TA,Av,LwQ,ALQ,Ex,SBrkr,TA,Typ,Fa,RFn,TA,Y,,
0,0,0,0,7,0.0,0,2,689,3604,0,102,1,1,689,2,146000,0,2,0,0,689,0,0,34.0,1392,0,5,0,160,FV,Lvl,Corner,Somerst,Norm,TwnhsE,2Story,Gable,CompShg,VinylSd,VinylSd,,PConc,GasA,Y,Detchd,,WD,Abnorml,Reg,Gtl,Gd,TA,Gd,TA,No,Unf,Unf,Ex,SBrkr,Gd,Typ,,Unf,TA,Y,,
0,0,0,0,5,335.0,0,1,1050,12150,0,0,1,54,1050,4,131500,0,2,0,0,745,0,0,81.0,1795,0,5,0,50,RM,Lvl,Inside,OldTown,Norm,1Fam,1.5Fin,Gable,CompShg,MetalSd,MetalSd,BrkFace,BrkTil,GasA,N,Attchd,,WD,Normal,Reg,Gtl,TA,TA,TA,TA,No,Unf,Unf,Ex,FuseF,TA,Typ,,Unf,Fa,Y,,
1,219,0,0,6,85.0,0,2,1144,14585,594,110,1,47,331,3,181900,0,1,2,0,0,0,216,70.0,1429,0,6,0,20,RL,Lvl,CulDSac,NAmes,Norm,1Fam,1Story,Gable,CompShg,Wd Sdng,Wd Sdng,BrkFace,CBlock,GasA,Y,Attchd,,WD,Normal,IR1,Gtl,TA,TA,TA,TA,No,BLQ,Rec,Ex,SBrkr,Gd,Typ,Gd,Unf,TA,Y,,
0,0,1,0,8,306.0,0,3,2042,12704,0,90,1,1,2042,3,253293,0,2,1,0,0,0,0,98.0,2042,0,5,0,20,RL,Lvl,Inside,NridgHt,Norm,1Fam,1Story,Hip,CompShg,VinylSd,VinylSd,BrkFace,PConc,GasA,Y,Attchd,,New,Partial,Reg,Gtl,Ex,TA,Ex,TA,No,Unf,Unf,Ex,SBrkr,Ex,Typ,Gd,RFn,TA,Y,,
0,0,0,1,6,104.0,0,0,816,11841,816,32,1,17,0,3,118500,0,1,0,0,0,0,0,81.0,816,0,5,0,90,RL,Lvl,Inside,Edwards,Norm,Duplex,SFoyer,Gable,CompShg,HdBoard,HdBoard,BrkFace,CBlock,GasA,Y,,,WD,Normal,Reg,Gtl,TA,Gd,Gd,TA,Av,GLQ,Unf,TA,SBrkr,TA,Typ,,,,Y,,
0,0,1,0,10,0.0,0,2,1237,13500,0,502,1,115,1237,3,325000,0,3,1,0,1254,0,105,75.0,2775,0,9,0,75,RM,Lvl,Inside,OldTown,Artery,1Fam,2.5Unf,Gable,CompShg,Wd Sdng,Wd Sdng,,BrkTil,GasA,Y,Detchd,,WD,Normal,Reg,Gtl,Ex,Ex,TA,TA,No,Unf,Unf,Gd,SBrkr,Gd,Typ,Gd,Unf,Gd,Y,,
0,0,0,0,4,0.0,0,1,884,6120,0,0,1,74,884,3,133000,54,1,0,0,584,120,0,51.0,1573,0,7,0,50,RM,Lvl,Inside,BrkSide,Norm,1Fam,1.5Fin,Gable,CompShg,AsbShng,AsbShng,,BrkTil,GasA,Y,Detchd,,WD,Normal,Reg,Gtl,TA,TA,TA,TA,No,Unf,Unf,Ex,SBrkr,Gd,Typ,,Unf,TA,Y,,
0,0,0,1,8,208.0,0,3,1868,11443,1460,66,1,1,408,2,369900,0,2,2,0,0,0,326,88.0,2028,0,5,0,20,RL,Lvl,Inside,Timber,Norm,1Fam,1Story,Hip,CompShg,VinylSd,VinylSd,BrkFace,PConc,GasA,Y,Attchd,,New,Partial,Reg,Gtl,Gd,TA,Ex,TA,Gd,GLQ,Unf,Ex,SBrkr,Gd,Typ,Gd,RFn,TA,Y,,
0,606,0,1,6,0.0,0,1,816,10267,210,0,1,90,0,2,130000,112,1,0,0,0,0,0,55.0,838,0,7,0,30,RL,Lvl,Inside,BrkSide,RRAn,1Fam,1Story,Gable,CompShg,Stucco,Wd Shng,,BrkTil,GasA,Y,Detchd,,WD,Normal,Reg,Gtl,TA,Gd,TA,Gd,Mn,Rec,ALQ,Ex,SBrkr,Fa,Typ,,Fin,TA,N,,MnWw
0,0,0,1,5,0.0,0,2,840,8740,672,0,1,27,168,2,137000,0,1,0,0,0,0,0,74.0,860,0,6,0,85,RL,Lvl,Inside,Sawyer,Norm,1Fam,SFoyer,Hip,CompShg,HdBoard,HdBoard,,CBlock,GasA,Y,Detchd,,WD,Normal,IR1,Gtl,TA,TA,TA,TA,Av,ALQ,Unf,TA,SBrkr,TA,Typ,,Unf,TA,Y,,
0,0,0,2,5,0.0,0,1,1437,25095,1324,48,1,41,113,1,143000,0,1,2,0,0,60,0,65.0,1473,0,8,0,20,RL,Low,Inside,ClearCr,Norm,1Fam,1Story,Flat,Tar&Grv,Wd Sdng,Wd Sdng,,CBlock,GasA,Y,Attchd,,WD,Partial,IR1,Sev,TA,TA,TA,TA,Gd,GLQ,Unf,Ex,SBrkr,Ex,Typ,Gd,Unf,TA,Y,,
0,0,0,0,5,0.0,156,1,742,9100,0,0,1,78,742,2,79500,0,1,0,600,0,0,0,50.0,935,0,6,0,40,RM,Lvl,Inside,BrkSide,RRAn,1Fam,1Story,Gable,CompShg,VinylSd,VinylSd,,BrkTil,GasA,Y,Detchd,Shed,WD,Normal,Reg,Gtl,TA,TA,TA,TA,No,Unf,Unf,TA,FuseA,TA,Typ,,Unf,TA,P,,
0,0,1,0,7,0.0,0,2,770,8320,490,45,1,4,280,3,185900,0,2,0,0,812,0,0,64.0,1582,0,5,0,60,RL,Lvl,Inside,CollgCr,Norm,1Fam,2Story,Gable,CompShg,VinylSd,VinylSd,,PConc,GasA,Y,Attchd,,WD,Normal,Reg,Gtl,Gd,TA,Gd,TA,No,GLQ,Unf,Ex,SBrkr,Gd,Typ,,RFn,TA,Y,,
0,0,1,1,10,420.0,0,3,1722,13478,1338,274,1,1,384,3,451950,0,2,1,0,568,0,382,97.0,2296,0,5,0,60,RL,Lvl,Corner,NridgHt,Norm,1Fam,2Story,Gable,CompShg,CemntBd,CmentBd,Stone,PConc,GasA,Y,BuiltIn,,ConLI,Normal,IR1,Gtl,Ex,TA,Ex,TA,Gd,GLQ,Unf,Ex,SBrkr,Ex,Typ,Gd,RFn,TA,Y,,
0,0,0,1,5,0.0,0,2,816,6600,816,0,1,26,0,2,138000,0,1,0,0,0,0,0,60.0,816,0,8,0,20,RL,Lvl,Inside,Mitchel,Norm,1Fam,1Story,Gable,CompShg,HdBoard,HdBoard,,PConc,GasA,Y,Detchd,,WD,Normal,Reg,Gtl,TA,Gd,TA,Gd,No,GLQ,Unf,Ex,SBrkr,TA,Typ,,Fin,TA,Y,,
0,0,0,1,6,170.0,0,2,848,4435,685,0,1,6,163,1,140000,0,1,0,0,0,0,140,70.0,848,0,5,0,120,RM,Lvl,Inside,CollgCr,Norm,TwnhsE,1Story,Gable,CompShg,VinylSd,VinylSd,BrkFace,PConc,GasA,Y,Attchd,,WD,Normal,Reg,Gtl,Gd,TA,Gd,TA,Av,GLQ,Unf,Ex,SBrkr,Gd,Typ,,Fin,TA,Y,,
0,0,0,0,5,0.0,0,1,924,7990,0,0,1,33,924,3,110000,0,1,0,0,0,0,0,88.0,924,0,6,0,20,RL,Lvl,Inside,CollgCr,Norm,1Fam,1Story,Hip,CompShg,HdBoard,HdBoard,,CBlock,GasA,Y,Detchd,,WD,Normal,IR1,Gtl,TA,TA,Gd,TA,No,Unf,Unf,TA,SBrkr,TA,Typ,,Unf,TA,Y,,MnPrv
0,0,0,1,8,238.0,0,3,1814,11302,1422,75,1,1,392,3,319000,0,2,1,0,0,120,180,69.0,1826,0,5,0,20,RL,Lvl,Inside,StoneBr,Norm,1Fam,1Story,Gable,CompShg,VinylSd,Other,BrkFace,PConc,GasA,Y,Attchd,,New,Partial,IR1,Gtl,Gd,TA,Gd,TA,Gd,GLQ,Unf,Ex,SBrkr,Gd,Typ,TA,Fin,TA,Y,,
0,0,0,0,6,0.0,0,1,684,3600,0,158,1,96,684,3,114504,0,1,0,0,684,0,0,60.0,1368,0,7,0,70,RM,Lvl,Inside,OldTown,Norm,1Fam,2Story,Gable,CompShg,VinylSd,VinylSd,,CBlock,GasA,N,Detchd,,WD,Normal,Reg,Gtl,TA,TA,TA,TA,No,Unf,Unf,Ex,FuseA,TA,Typ,,Unf,TA,N,,
2,0,2,0,7,72.0,0,3,1258,3922,0,16,1,1,1258,2,194201,0,0,1,0,0,0,120,53.0,1402,0,5,0,120,RL,Lvl,Inside,Blmngtn,Norm,TwnhsE,1Story,Gable,CompShg,VinylSd,VinylSd,BrkFace,PConc,GasA,Y,Attchd,,New,Partial,Reg,Gtl,Gd,TA,Ex,TA,Av,Unf,Unf,Ex,SBrkr,Gd,Typ,Gd,Fin,TA,Y,,
0,147,0,1,5,459.0,0,2,1430,12984,1283,0,1,29,0,3,217500,0,2,1,0,0,0,0,80.0,1647,0,6,0,20,RL,Bnk,Inside,Crawfor,Norm,1Fam,1Story,Gable,CompShg,Plywood,Plywood,BrkFace,CBlock,GasA,Y,Attchd,,WD,Normal,Reg,Gtl,TA,TA,Gd,TA,Mn,ALQ,LwQ,Ex,SBrkr,Gd,Typ,TA,Fin,TA,Y,,
0,612,1,1,6,0.0,0,2,716,1950,81,0,1,28,23,3,151000,0,2,1,0,840,0,161,24.0,1556,0,6,0,160,RM,Lvl,Inside,Blueste,Norm,Twnhs,2Story,Gable,CompShg,MetalSd,MetalSd,,CBlock,GasA,Y,Attchd,,COD,Normal,Reg,Gtl,TA,Gd,Gd,TA,No,LwQ,GLQ,TA,SBrkr,TA,Typ,TA,Fin,TA,Y,,GdPrv
0,0,1,1,8,280.0,0,2,1058,10927,546,60,1,1,512,3,275000,0,2,1,0,846,0,179,74.0,1904,0,5,0,60,RL,Lvl,Inside,NridgHt,Norm,1Fam,2Story,Gable,CompShg,VinylSd,VinylSd,BrkFace,PConc,GasA,Y,BuiltIn,,WD,Normal,Reg,Gtl,Gd,TA,Gd,TA,Av,GLQ,Unf,Ex,SBrkr,Ex,Typ,Gd,Fin,TA,Y,,
0,0,1,0,6,0.0,0,1,780,9000,0,162,1,70,780,3,141000,0,1,1,0,595,126,0,50.0,1375,0,6,0,50,RM,Bnk,Inside,IDOTRR,Norm,1Fam,1.5Fin,Gable,CompShg,Wd Sdng,Wd Sdng,,PConc,GasA,Y,Detchd,,WD,Normal,Reg,Gtl,TA,Gd,TA,TA,No,Unf,Unf,TA,SBrkr,Gd,Typ,Gd,Unf,TA,P,,
0,0,1,1,8,0.0,0,2,908,10041,789,150,1,14,119,3,220000,0,2,1,0,988,0,120,80.0,1915,0,5,0,60,RL,Lvl,Inside,SawyerW,Norm,1Fam,2Story,Gable,CompShg,HdBoard,HdBoard,,PConc,GasA,Y,Attchd,,WD,Abnorml,IR1,Gtl,Gd,TA,Gd,TA,Mn,GLQ,Unf,Ex,SBrkr,Gd,Typ,TA,Fin,TA,Y,,
0,0,1,0,7,0.0,0,2,600,3182,0,172,1,6,600,2,151000,0,2,0,0,600,0,0,30.0,1200,0,5,0,160,FV,Lvl,Inside,Somerst,Norm,TwnhsE,2Story,Gable,CompShg,MetalSd,MetalSd,,PConc,GasA,Y,Detchd,,WD,Normal,Reg,Gtl,Gd,TA,Gd,TA,No,Unf,Unf,Ex,SBrkr,Gd,Typ,,RFn,TA,Y,,
0,0,0,1,7,99.0,0,2,1494,12803,922,36,1,6,572,3,221000,0,2,1,0,0,0,192,88.0,1494,0,5,0,20,RL,Lvl,Inside,CollgCr,Norm,1Fam,1Story,Gable,CompShg,VinylSd,VinylSd,BrkFace,PConc,GasA,Y,Attchd,,WD,Normal,IR1,Gtl,Gd,TA,Gd,TA,Mn,GLQ,Unf,Ex,SBrkr,Gd,Typ,TA,RFn,TA,Y,,
0,0,1,0,7,176.0,0,2,768,13600,454,42,1,44,314,3,205000,0,2,3,0,800,189,0,85.0,1986,0,6,0,60,RL,Lvl,Inside,NAmes,Norm,1Fam,2Story,Gable,CompShg,HdBoard,HdBoard,BrkFace,CBlock,GasA,Y,Attchd,,WD,Normal,Reg,Gtl,TA,TA,TA,TA,No,BLQ,Unf,TA,SBrkr,TA,Typ,Fa,Unf,TA,Y,,
0,0,0,1,5,0.0,0,2,1040,12464,732,0,1,13,308,3,152000,0,1,0,0,0,0,168,82.0,1040,0,5,0,20,RL,Low,Corner,CollgCr,Norm,1Fam,1Story,Gable,CompShg,VinylSd,VinylSd,,PConc,GasA,Y,Detchd,,WD,Normal,IR2,Mod,TA,Gd,Gd,TA,No,GLQ,Unf,Gd,SBrkr,Gd,Typ,,Unf,TA,Y,,GdPrv
0,0,0,1,5,0.0,0,1,896,7800,603,0,1,58,293,3,225000,0,3,0,0,896,0,103,78.0,2008,0,8,0,20,RL,Bnk,Inside,Edwards,Norm,1Fam,2Story,Gable,CompShg,MetalSd,MetalSd,,CBlock,GasA,Y,Attchd,,WD,Normal,Reg,Mod,TA,Gd,TA,Gd,No,GLQ,Unf,Ex,SBrkr,Ex,Typ,,Unf,TA,Y,,
0,0,1,0,8,0.0,0,2,965,12168,428,0,1,73,537,4,359100,0,2,2,0,1254,0,0,78.0,3194,0,6,0,70,RL,HLS,Inside,Crawfor,Norm,1Fam,2Story,Gable,CompShg,BrkFace,Wd Sdng,,PConc,GasA,Y,Basment,,WD,Alloca,Reg,Mod,TA,TA,Gd,TA,Mn,BLQ,Unf,TA,SBrkr,TA,Typ,Gd,Unf,TA,Y,,
0,0,0,1,4,192.0,0,1,1029,7943,903,0,1,46,126,3,118500,39,1,0,0,0,0,64,61.0,1029,0,5,0,20,RL,Lvl,Inside,Sawyer,Feedr,1Fam,1Story,Gable,CompShg,VinylSd,VinylSd,BrkCmn,CBlock,GasA,Y,Attchd,,WD,Normal,Reg,Gtl,TA,Fa,TA,TA,Mn,Rec,Unf,Gd,SBrkr,TA,Typ,,Unf,TA,Y,,
0,0,1,1,9,204.0,0,3,1440,11050,904,142,1,9,536,3,313000,0,2,2,0,677,0,253,70.0,2153,0,5,0,60,RL,Lvl,Inside,CollgCr,PosN,1Fam,2Story,Hip,CompShg,VinylSd,VinylSd,BrkFace,PConc,GasA,Y,Attchd,,WD,Normal,Reg,Gtl,Gd,TA,Ex,TA,Mn,GLQ,Unf,Ex,SBrkr,Ex,Typ,Ex,Fin,TA,Y,,
1,0,0,0,6,233.0,0,2,1032,10395,605,0,1,29,427,3,148000,0,2,1,500,0,0,0,70.0,1032,0,6,0,80,RL,Lvl,FR2,NWAmes,Norm,1Fam,SLvl,Gable,CompShg,HdBoard,HdBoard,BrkFace,CBlock,GasA,Y,Attchd,Shed,WD,Normal,IR1,Gtl,TA,TA,Gd,TA,Av,ALQ,Unf,TA,SBrkr,TA,Typ,TA,Unf,TA,Y,,MnPrv
0,0,1,1,8,108.0,0,2,1299,11885,990,122,1,8,309,3,261500,0,2,1,0,573,0,160,70.0,1872,0,5,0,60,RL,Lvl,Inside,CollgCr,Norm,1Fam,2Story,Gable,CompShg,VinylSd,VinylSd,BrkFace,PConc,GasA,Y,BuiltIn,,WD,Normal,Reg,Gtl,Gd,TA,Gd,TA,Av,GLQ,Unf,Ex,SBrkr,Ex,Typ,TA,RFn,TA,Y,,
0,0,0,0,5,0.0,0,0,1120,8402,206,30,1,0,914,3,147000,0,1,0,0,0,0,0,70.0,1120,0,5,0,20,RL,Lvl,Inside,Mitchel,Feedr,1Fam,1Story,Gable,CompShg,VinylSd,VinylSd,,PConc,GasA,Y,,,New,Partial,Reg,Gtl,TA,TA,Gd,TA,No,ALQ,Unf,Ex,SBrkr,TA,Typ,,,,Y,,
0,480,0,1,4,0.0,0,0,630,1491,150,24,1,38,0,1,75500,0,1,0,0,0,0,96,21.0,630,0,6,0,180,RM,Lvl,Inside,MeadowV,Norm,TwnhsE,SFoyer,Gable,CompShg,CemntBd,CmentBd,,CBlock,GasA,Y,,,WD,Normal,Reg,Gtl,TA,TA,Gd,TA,Av,LwQ,GLQ,Ex,SBrkr,TA,Typ,,,,Y,,
0,0,0,1,6,156.0,0,2,936,8800,763,0,1,47,173,3,137500,0,1,0,0,0,0,120,80.0,1054,0,7,0,85,RL,Lvl,Inside,NAmes,Feedr,1Fam,SFoyer,Gable,CompShg,MetalSd,MetalSd,BrkFace,PConc,GasA,Y,Attchd,,WD,Abnorml,Reg,Gtl,TA,Gd,TA,TA,Gd,GLQ,Unf,Ex,SBrkr,Gd,Typ,,RFn,TA,Y,,MnPrv
0,0,1,1,6,0.0,0,2,783,7861,457,75,1,4,326,3,183200,0,2,1,0,702,0,100,70.0,1509,0,5,0,60,RL,Lvl,Inside,Gilbert,Norm,1Fam,2Story,Gable,CompShg,VinylSd,VinylSd,,PConc,GasA,Y,Attchd,,WD,Normal,IR1,Gtl,Gd,TA,Gd,TA,No,GLQ,Unf,Ex,SBrkr,Gd,Typ,Gd,Fin,TA,Y,,
0,0,0,0,6,0.0,0,2,832,7227,0,0,1,54,832,2,105500,0,1,0,0,0,0,0,59.0,832,0,6,0,45,RL,HLS,Corner,NAmes,Artery,1Fam,1.5Unf,Gable,CompShg,MetalSd,MetalSd,,CBlock,GasA,Y,Detchd,,WD,Normal,Reg,Mod,TA,TA,TA,TA,No,Unf,Unf,Gd,SBrkr,Gd,Typ,,Unf,TA,Y,,
0,0,0,0,9,452.0,0,3,1822,11694,48,108,1,0,1774,3,314813,0,2,1,0,0,260,0,90.0,1828,0,5,0,20,RL,Lvl,Inside,NridgHt,Norm,1Fam,1Story,Hip,CompShg,CemntBd,CmentBd,BrkFace,PConc,GasA,Y,Attchd,,New,Partial,Reg,Gtl,Ex,TA,Ex,TA,Av,GLQ,Unf,Ex,SBrkr,Gd,Typ,Gd,Unf,TA,Y,,
0,0,1,1,8,226.0,0,3,1482,12244,871,0,1,5,611,4,305000,0,2,2,0,780,0,168,85.0,2262,0,5,0,60,RL,Lvl,Inside,Timber,Norm,1Fam,2Story,Hip,CompShg,VinylSd,VinylSd,Stone,PConc,GasA,Y,Attchd,,WD,Normal,Reg,Gtl,Gd,TA,Gd,TA,Gd,GLQ,Unf,Ex,SBrkr,Gd,Typ,Gd,Fin,TA,Y,,
0,0,0,1,3,0.0,0,0,864,8248,41,0,1,94,823,2,67000,100,1,0,0,0,0,0,45.0,864,0,3,0,30,RL,Lvl,Inside,Edwards,Norm,1Fam,1Story,Gable,CompShg,Stucco,Stucco,,BrkTil,GasA,N,,,WD,Normal,Reg,Gtl,TA,TA,TA,TA,No,BLQ,Unf,TA,FuseF,TA,Typ,,,,N,,
0,182,1,0,6,0.0,0,2,1522,10800,956,243,1,34,384,4,240000,0,2,1,0,1066,0,38,90.0,2614,0,7,0,60,RL,Lvl,Inside,NWAmes,Norm,1Fam,2Story,Gable,CompShg,HdBoard,HdBoard,,CBlock,GasA,Y,Attchd,,WD,Normal,Reg,Gtl,TA,TA,TA,TA,No,ALQ,Rec,TA,SBrkr,TA,Typ,TA,RFn,TA,Y,,
0,0,0,0,5,153.0,0,2,980,7064,560,0,1,32,420,3,135000,0,1,0,0,0,0,192,71.0,980,0,6,0,20,RL,Lvl,Inside,Sawyer,Norm,1Fam,1Story,Gable,CompShg,Plywood,Plywood,BrkFace,CBlock,GasA,Y,Detchd,,WD,Normal,Reg,Gtl,TA,TA,TA,TA,No,BLQ,Unf,TA,SBrkr,TA,Typ,,Unf,TA,Y,,
0,0,1,0,6,513.0,0,2,756,2117,420,32,1,7,336,2,168500,0,2,1,0,756,0,0,70.0,1512,0,5,0,160,FV,Lvl,Inside,Somerst,Norm,TwnhsE,2Story,Gable,CompShg,MetalSd,MetalSd,BrkFace,PConc,GasA,Y,Detchd,,WD,Normal,Reg,Gtl,Gd,TA,Gd,TA,No,GLQ,Unf,Ex,SBrkr,Gd,Typ,TA,Unf,TA,Y,,
0,0,2,1,6,288.0,0,2,732,10400,247,0,1,34,485,4,165150,0,1,1,0,778,147,148,80.0,1790,0,5,0,60,RL,Lvl,Inside,NWAmes,Norm,1Fam,2Story,Gable,CompShg,VinylSd,VinylSd,,CBlock,GasA,Y,Attchd,,WD,Normal,Reg,Gtl,TA,TA,TA,TA,No,Rec,Unf,Gd,SBrkr,TA,Min2,TA,RFn,TA,Y,,
0,0,1,0,6,261.0,0,2,1116,10000,0,0,1,48,1116,3,160000,0,1,0,0,0,385,0,87.0,1116,0,6,0,20,RL,Lvl,Corner,NAmes,Norm,1Fam,1Story,Hip,CompShg,Wd Sdng,Wd Sdng,BrkFace,CBlock,GasA,Y,Attchd,,WD,Normal,IR1,Gtl,TA,TA,TA,TA,No,Unf,Unf,TA,SBrkr,TA,Typ,,Unf,TA,Y,,
0,0,0,0,5,0.0,0,1,978,12342,0,0,1,47,978,3,139900,36,1,1,600,0,0,0,70.0,1422,0,5,0,20,RL,Lvl,Inside,NAmes,Norm,1Fam,1Story,Hip,CompShg,Wd Sdng,Wd Sdng,,CBlock,GasA,Y,Attchd,Shed,WD,Normal,IR1,Gtl,TA,TA,TA,TA,No,Unf,Unf,TA,SBrkr,TA,Min1,TA,RFn,TA,Y,,GdWo
0,132,0,1,6,164.0,0,1,1156,9600,674,0,1,55,350,3,153000,189,1,2,0,0,0,0,80.0,1520,0,6,0,80,RL,Lvl,Inside,NAmes,Norm,1Fam,SLvl,Gable,CompShg,AsbShng,AsbShng,BrkFace,CBlock,GasA,Y,Basment,,WD,Normal,Reg,Gtl,TA,TA,TA,TA,Av,BLQ,LwQ,Ex,SBrkr,TA,Typ,Gd,RFn,TA,Y,,
1,0,2,0,5,192.0,0,2,1040,11606,650,0,1,38,390,5,135000,0,1,2,0,1040,0,335,70.0,2080,0,5,0,60,RL,HLS,Inside,NAmes,Norm,1Fam,2Story,Gable,CompShg,Plywood,Plywood,BrkFace,PConc,GasA,Y,Attchd,,WD,Family,IR1,Sev,TA,TA,Gd,TA,Av,Rec,Unf,TA,SBrkr,Fa,Typ,TA,Unf,TA,Y,,
0,336,1,1,6,259.0,0,2,1248,9020,624,0,1,44,288,3,168500,0,1,0,0,0,0,176,82.0,1350,0,5,0,80,RL,Lvl,Corner,NAmes,Feedr,1Fam,SLvl,Gable,WdShngl,Plywood,Wd Sdng,BrkFace,CBlock,GasA,Y,Attchd,,WD,Normal,Reg,Gtl,TA,TA,TA,TA,Gd,GLQ,Rec,TA,SBrkr,TA,Typ,,RFn,TA,Y,,GdPrv
0,0,0,0,5,0.0,0,1,636,9000,0,0,1,126,636,3,124000,293,1,0,0,661,0,0,50.0,1750,0,6,0,70,RM,Lvl,Corner,OldTown,Artery,1Fam,2Story,Gable,CompShg,VinylSd,VinylSd,,BrkTil,GasA,Y,Detchd,,WD,Abnorml,Reg,Gtl,TA,TA,Fa,Fa,No,Unf,Unf,TA,FuseA,Ex,Typ,,Unf,Fa,N,,MnPrv
0,0,0,0,8,108.0,0,2,1554,4590,24,73,1,1,1530,2,209500,0,2,1,0,0,0,156,34.0,1554,0,5,0,120,RL,Lvl,Inside,NridgHt,Norm,Twnhs,1Story,Gable,CompShg,VinylSd,VinylSd,Stone,PConc,GasA,Y,Attchd,,WD,Normal,Reg,Gtl,Gd,TA,Gd,Gd,Mn,GLQ,Unf,Ex,SBrkr,Gd,Typ,Gd,RFn,TA,Y,,
0,0,0,0,7,209.0,0,2,1386,11900,822,0,1,32,564,3,82500,0,2,1,0,0,0,192,85.0,1411,0,5,0,20,RL,Lvl,Inside,NWAmes,Norm,1Fam,1Story,Hip,CompShg,Plywood,Plywood,BrkFace,CBlock,GasA,Y,Attchd,,WD,Family,Reg,Gtl,TA,Gd,TA,TA,No,ALQ,Unf,TA,SBrkr,TA,Typ,TA,Fin,TA,Y,,
1,468,0,0,5,0.0,0,1,1056,9250,480,0,1,53,108,3,139400,0,1,0,0,0,0,390,80.0,1056,0,7,0,20,RL,Lvl,Corner,NAmes,Norm,1Fam,1Story,Gable,CompShg,Wd Sdng,Wd Sdng,,CBlock,GasA,Y,Attchd,,WD,Normal,Reg,Gtl,TA,TA,TA,TA,No,BLQ,LwQ,TA,SBrkr,TA,Typ,,Unf,TA,Y,,
0,0,0,2,6,0.0,0,2,1056,6979,1056,56,2,30,0,0,144000,0,0,0,600,0,0,264,64.0,1056,0,5,0,90,RL,Lvl,Inside,OldTown,Norm,Duplex,SFoyer,Gable,CompShg,Plywood,Plywood,,CBlock,GasA,Y,Detchd,Shed,WD,Normal,Reg,Gtl,TA,TA,TA,TA,No,GLQ,Unf,Gd,SBrkr,TA,Typ,,Unf,TA,Y,,GdPrv
0,0,0,0,6,0.0,515,0,1440,10896,256,110,2,93,1184,8,200000,0,2,0,0,1440,0,0,60.0,3395,0,7,0,190,RH,Bnk,Inside,SWISU,Feedr,2fmCon,2.5Fin,Hip,CompShg,VinylSd,VinylSd,,CBlock,GasA,Y,,,WD,Abnorml,Reg,Gtl,Fa,TA,TA,Fa,No,LwQ,Unf,Ex,FuseA,Fa,Typ,,,,N,,
0,0,0,0,2,0.0,0,0,264,6120,0,0,1,73,264,1,60000,0,1,1,0,0,0,0,51.0,800,0,3,0,30,RM,Lvl,Inside,BrkSide,Norm,1Fam,1Story,Gable,CompShg,AsbShng,AsbShng,,BrkTil,Grav,N,,,ConLw,Normal,Reg,Gtl,Fa,Fa,TA,Fa,No,Unf,Unf,Fa,FuseA,Fa,Maj1,Po,,,N,,
0,0,0,0,5,0.0,0,1,811,6000,0,0,2,55,811,3,93000,0,2,0,0,576,0,0,50.0,1387,0,4,0,190,RM,Lvl,Inside,OldTown,Norm,2fmCon,1.5Fin,Gable,CompShg,Wd Sdng,Wd Sdng,,CBlock,GasA,Y,BuiltIn,,WD,Normal,Reg,Gtl,TA,TA,TA,TA,No,Unf,Unf,TA,FuseA,Gd,Typ,,Unf,TA,Y,,
0,0,0,0,5,0.0,0,0,796,8777,0,0,1,98,796,2,85000,164,1,0,0,0,0,328,67.0,796,0,7,0,30,RL,Lvl,Inside,Edwards,Feedr,1Fam,1Story,Gable,CompShg,MetalSd,Wd Sdng,,CBlock,GasA,Y,,,WD,Normal,Reg,Gtl,TA,TA,Fa,TA,No,Unf,Unf,Gd,FuseA,TA,Typ,,,,P,,MnPrv
0,0,0,1,8,0.0,0,3,1520,3982,1154,0,1,0,366,1,264561,0,2,1,0,0,0,312,53.0,1567,0,5,0,120,RL,Lvl,Inside,Blmngtn,Norm,TwnhsE,1Story,Hip,CompShg,VinylSd,VinylSd,,PConc,GasA,Y,Attchd,,New,Partial,Reg,Gtl,Gd,TA,Gd,Gd,Av,GLQ,Unf,Ex,SBrkr,Ex,Typ,Gd,Fin,TA,Y,,
0,0,1,0,8,472.0,0,2,1518,12677,1218,140,1,5,300,1,274000,0,1,1,0,0,0,185,62.0,1518,0,5,0,120,RL,Lvl,Inside,NridgHt,Norm,TwnhsE,1Story,Hip,CompShg,MetalSd,MetalSd,BrkFace,PConc,GasA,Y,Attchd,,WD,Normal,IR1,Gtl,Ex,TA,Ex,TA,Gd,GLQ,Unf,Ex,SBrkr,Ex,Typ,Gd,RFn,TA,Y,,
0,0,1,1,7,0.0,0,2,1057,7050,738,235,1,6,319,3,226000,0,2,1,0,872,0,0,70.0,1929,0,5,0,60,FV,Lvl,Inside,Somerst,Norm,1Fam,2Story,Gable,CompShg,VinylSd,VinylSd,,PConc,GasA,Y,Attchd,,WD,Normal,Reg,Gtl,Gd,TA,Gd,TA,No,GLQ,Unf,Ex,SBrkr,Gd,Typ,TA,Fin,TA,Y,,
0,0,1,1,8,0.0,0,2,1952,13860,1410,111,1,37,542,4,345000,0,2,3,0,704,0,269,75.0,2704,0,7,0,80,RL,Lvl,Inside,NAmes,Norm,1Fam,SLvl,Gable,CompShg,Plywood,Wd Sdng,,CBlock,GasA,Y,Attchd,,WD,Normal,Reg,Gtl,Gd,TA,Gd,TA,Gd,GLQ,Unf,Gd,SBrkr,Ex,Typ,TA,Fin,TA,Y,,MnPrv
0,287,1,0,5,263.0,0,2,780,10793,493,0,1,38,0,4,152000,0,2,0,0,840,0,208,80.0,1620,0,5,0,60,RL,Lvl,Inside,NWAmes,RRAn,1Fam,2Story,Mansard,CompShg,WdShing,HdBoard,BrkFace,CBlock,GasA,Y,Attchd,,WD,Normal,Reg,Gtl,TA,TA,TA,TA,No,Rec,BLQ,Ex,SBrkr,TA,Min1,,Fin,TA,Y,,GdWo
0,0,1,1,9,162.0,0,3,1766,9187,1121,130,1,0,645,2,370878,0,2,1,0,0,0,195,85.0,1766,0,5,0,20,FV,Lvl,Inside,Somerst,Norm,1Fam,1Story,Gable,CompShg,CemntBd,CmentBd,Stone,PConc,GasA,Y,Attchd,,New,Partial,Reg,Gtl,Ex,TA,Ex,TA,Mn,GLQ,Unf,Ex,SBrkr,Ex,Typ,Gd,Fin,TA,Y,,
0,35,1,1,6,0.0,0,2,981,10530,282,312,1,36,664,3,143250,40,1,0,0,0,0,0,70.0,981,0,5,0,20,RL,Lvl,Corner,NAmes,Norm,1Fam,1Story,Hip,CompShg,Plywood,Plywood,,CBlock,GasA,Y,Detchd,,WD,Normal,IR1,Gtl,TA,TA,TA,TA,No,ALQ,LwQ,TA,SBrkr,TA,Typ,,Unf,TA,Y,,
0,0,0,0,5,0.0,0,2,0,7200,0,27,1,58,0,3,98300,0,1,0,0,0,0,0,60.0,1048,0,5,0,20,RL,Lvl,Inside,NAmes,Norm,1Fam,1Story,Hip,CompShg,MetalSd,MetalSd,,CBlock,GasA,Y,Detchd,,WD,Normal,Reg,Gtl,TA,TA,,,,,,Gd,SBrkr,TA,Min1,,Unf,TA,Y,,
0,0,0,0,6,216.0,0,2,1094,10452,500,0,1,55,594,3,155000,0,1,2,0,0,287,0,85.0,1094,0,5,0,20,RL,Lvl,Inside,Edwards,Norm,1Fam,1Story,Hip,CompShg,Wd Sdng,Wd Sdng,Stone,CBlock,GasA,Y,Attchd,,WD,Normal,IR1,Gtl,TA,TA,TA,TA,Mn,Rec,Unf,Ex,SBrkr,TA,Typ,Gd,RFn,TA,Y,,
0,0,1,0,6,351.0,0,2,756,7700,0,124,1,44,756,4,155000,216,1,1,0,788,0,0,70.0,1839,0,5,0,60,RL,Lvl,Inside,NAmes,PosN,1Fam,2Story,Gable,CompShg,MetalSd,MetalSd,BrkFace,CBlock,GasA,Y,Attchd,,WD,Normal,Reg,Gtl,TA,TA,TA,TA,No,Unf,Unf,TA,SBrkr,TA,Typ,TA,Unf,TA,Y,,
0,499,0,1,4,0.0,0,0,630,1936,131,0,1,37,0,1,84500,0,1,0,0,0,0,0,21.0,630,0,6,0,180,RM,Lvl,Inside,MeadowV,Norm,Twnhs,SFoyer,Gable,CompShg,CemntBd,CmentBd,,CBlock,GasA,Y,,,WD,Normal,Reg,Gtl,TA,TA,Gd,TA,Av,BLQ,GLQ,Gd,SBrkr,TA,Typ,,,,Y,,MnPrv
0,0,0,1,4,0.0,0,1,755,9084,0,0,1,69,755,4,108000,0,1,1,0,755,0,120,60.0,1510,0,5,0,70,RL,Lvl,Inside,Edwards,Artery,1Fam,2Story,Gable,CompShg,MetalSd,MetalSd,,CBlock,GasA,Y,Detchd,,WD,Normal,Reg,Gtl,TA,TA,TA,TA,Mn,Unf,Unf,TA,SBrkr,TA,Typ,Gd,Unf,Fa,P,,MnPrv
0,0,1,0,7,0.0,0,2,880,8750,0,120,1,13,880,2,191000,0,2,1,0,807,0,0,70.0,1716,0,5,0,60,RL,Lvl,Inside,CollgCr,Norm,1Fam,2Story,Gable,CompShg,VinylSd,VinylSd,,PConc,GasA,Y,Attchd,,WD,Normal,Reg,Gtl,Gd,TA,Gd,TA,No,Unf,Unf,Ex,SBrkr,Gd,Typ,TA,RFn,TA,Y,,
0,0,0,0,6,0.0,0,1,756,10320,0,0,1,102,756,3,135000,239,1,0,0,713,0,57,60.0,1469,0,7,0,50,RM,Lvl,Inside,IDOTRR,Norm,1Fam,1.5Fin,Gable,CompShg,MetalSd,MetalSd,,CBlock,GasA,Y,Detchd,,WD,Normal,Reg,Gtl,TA,TA,TA,TA,No,Unf,Unf,Ex,SBrkr,TA,Typ,,Unf,TA,Y,,MnPrv
0,0,1,1,8,660.0,0,3,2109,10437,1696,46,1,13,413,2,350000,0,2,1,0,0,0,236,91.0,2113,0,6,0,20,RL,Lvl,Inside,NoRidge,Norm,1Fam,1Story,Hip,CompShg,MetalSd,MetalSd,BrkFace,PConc,GasA,Y,Attchd,,WD,Normal,IR1,Gtl,Gd,Gd,Gd,TA,Gd,GLQ,Unf,Ex,SBrkr,Gd,Typ,TA,Fin,TA,Y,,
0,0,1,0,6,381.0,0,1,525,1680,0,0,1,39,525,3,88000,0,1,0,0,567,0,0,21.0,1092,0,5,0,160,RM,Lvl,Inside,BrDale,Norm,Twnhs,2Story,Gable,CompShg,HdBoard,ImStucc,BrkFace,CBlock,GasA,Y,Detchd,,WD,Family,Reg,Gtl,TA,TA,TA,TA,No,Unf,Unf,TA,SBrkr,TA,Typ,,Unf,TA,Y,,
0,0,1,1,5,54.0,0,1,1053,10007,806,0,1,49,247,3,145500,0,1,0,0,0,0,0,72.0,1053,0,7,0,20,RL,Lvl,Inside,NAmes,Norm,1Fam,1Story,Gable,CompShg,HdBoard,HdBoard,BrkFace,CBlock,GasA,Y,Attchd,,WD,Normal,IR1,Gtl,Gd,TA,TA,TA,No,ALQ,Unf,Ex,SBrkr,Gd,Typ,,RFn,TA,Y,,MnPrv
0,0,1,0,7,0.0,0,1,776,7200,0,0,1,77,776,3,149000,112,1,1,0,651,0,0,60.0,1502,0,6,0,70,RL,HLS,Inside,Crawfor,Norm,1Fam,2Story,Gable,CompShg,Stucco,Wd Shng,,BrkTil,GasA,Y,Attchd,,WD,Normal,Reg,Mod,TA,Fa,Gd,TA,No,Unf,Unf,TA,SBrkr,TA,Typ,Gd,RFn,TA,P,,MnPrv
1,0,0,0,6,0.0,0,1,912,17503,0,0,1,62,912,3,97500,0,1,1,0,546,0,192,78.0,1458,0,5,0,50,RL,Lvl,Inside,NAmes,Artery,1Fam,1.5Fin,Gable,CompShg,VinylSd,VinylSd,,CBlock,GasA,Y,Attchd,,WD,Abnorml,Reg,Gtl,TA,TA,TA,TA,No,Unf,Unf,TA,SBrkr,TA,Typ,Gd,Unf,TA,Y,,
0,0,0,1,5,0.0,0,2,1486,9937,637,0,1,45,849,3,167000,0,1,0,0,0,0,0,75.0,1486,0,7,0,20,RL,Lvl,Corner,Edwards,Norm,1Fam,1Story,Hip,CompShg,MetalSd,MetalSd,,PConc,GasA,Y,Detchd,,WD,Normal,Reg,Gtl,TA,Gd,TA,TA,No,BLQ,Unf,Ex,SBrkr,TA,Typ,,Fin,TA,Y,,MnPrv
0,0,1,0,7,233.0,0,2,793,12384,0,113,1,31,793,3,197900,252,2,1,0,793,0,0,70.0,1935,0,7,0,60,RL,Lvl,CulDSac,NWAmes,Norm,1Fam,2Story,Gable,CompShg,Plywood,Plywood,BrkFace,CBlock,GasA,Y,Attchd,,WD,Normal,Reg,Gtl,TA,TA,Gd,TA,No,Unf,Unf,TA,SBrkr,TA,Typ,TA,RFn,TA,Y,,
0,180,1,1,8,528.0,0,3,1629,46589,1361,76,1,15,88,4,402000,0,2,1,0,762,0,517,52.0,2448,0,7,0,60,RL,Lvl,CulDSac,NoRidge,Norm,1Fam,2Story,Hip,CompShg,VinylSd,VinylSd,BrkFace,PConc,GasA,Y,Attchd,,WD,Normal,IR2,Gtl,Gd,TA,Gd,Gd,No,GLQ,Rec,Ex,SBrkr,Gd,Typ,TA,RFn,TA,Y,,
0,0,0,1,6,216.0,0,2,1392,13560,0,0,1,41,1392,2,110000,240,1,2,0,0,0,0,120.0,1392,0,3,0,20,RL,Lvl,Corner,NAmes,Norm,1Fam,1Story,Hip,CompShg,Wd Sdng,Wd Sdng,BrkFace,CBlock,GasA,Y,Attchd,,WD,Normal,Reg,Gtl,TA,TA,Fa,Fa,No,Unf,Unf,Gd,SBrkr,TA,Maj2,TA,RFn,TA,Y,,
0,180,0,1,4,0.0,0,2,1138,10012,920,0,1,36,38,3,137500,180,2,0,0,0,0,0,90.0,1181,0,5,0,85,RL,Lvl,Inside,Edwards,Norm,1Fam,SFoyer,Gable,CompShg,Plywood,Plywood,,CBlock,GasA,Y,Detchd,,WD,Normal,Reg,Gtl,TA,TA,Gd,TA,Av,BLQ,Rec,TA,SBrkr,TA,Typ,,RFn,TA,Y,,MnPrv
0,0,1,1,8,0.0,0,3,2077,20896,1721,267,1,1,356,1,423000,0,1,1,0,0,0,192,49.0,2097,0,5,0,20,RL,Lvl,CulDSac,Somerst,RRAn,1Fam,1Story,Gable,CompShg,VinylSd,VinylSd,,PConc,GasA,Y,Attchd,,New,Partial,IR2,Gtl,Gd,TA,Ex,TA,Mn,GLQ,Unf,Ex,SBrkr,Ex,Typ,Ex,Fin,TA,Y,,
0,0,1,0,8,40.0,0,2,1406,11194,0,124,1,6,1406,3,230500,0,2,1,0,482,0,188,106.0,1936,0,5,0,60,RL,Lvl,Corner,Gilbert,Norm,1Fam,2Story,Gable,CompShg,VinylSd,VinylSd,BrkFace,PConc,GasA,Y,Attchd,,WD,Normal,IR1,Gtl,Gd,TA,Gd,TA,No,Unf,Unf,Ex,SBrkr,Gd,Typ,TA,RFn,TA,Y,,
0,723,1,0,6,113.0,0,2,1021,18450,187,265,1,42,111,3,129000,0,2,1,0,915,0,0,70.0,2380,0,5,0,60,RL,Lvl,Inside,NAmes,Norm,1Fam,2Story,Flat,Tar&Grv,Plywood,Plywood,BrkCmn,CBlock,GasA,Y,CarPort,,WD,Abnorml,IR1,Gtl,TA,Gd,Gd,TA,No,LwQ,Rec,TA,SBrkr,TA,Sev,Po,Unf,TA,Y,,
0,0,0,1,6,258.0,0,2,1408,8125,1138,42,1,14,270,3,193500,0,2,1,0,0,0,224,65.0,1679,0,5,0,20,RL,Lvl,Inside,SawyerW,Norm,1Fam,1Story,Gable,CompShg,HdBoard,HdBoard,BrkFace,PConc,GasA,Y,Attchd,,WD,Normal,Reg,Gtl,TA,TA,Gd,TA,No,GLQ,Unf,Ex,SBrkr,Gd,Typ,Fa,RFn,TA,Y,,
0,0,1,1,5,0.0,0,2,1188,14175,988,0,1,50,200,3,168000,0,1,1,0,0,0,304,70.0,1437,0,6,0,20,RL,Bnk,Corner,Sawyer,Norm,1Fam,1Story,Gable,CompShg,CemntBd,Wd Sdng,,CBlock,GasA,Y,Detchd,,WD,Normal,Reg,Mod,TA,TA,TA,TA,No,Rec,Unf,Gd,SBrkr,TA,Min2,TA,Unf,TA,Y,,
0,0,0,0,4,0.0,0,1,700,11600,0,0,1,84,700,2,137500,67,1,1,0,0,0,0,80.0,1180,0,5,0,30,RL,Lvl,Inside,Crawfor,Norm,1Fam,1Story,Gable,CompShg,MetalSd,MetalSd,,BrkTil,GasA,Y,Detchd,,WD,Normal,Reg,Gtl,TA,TA,Fa,TA,No,Unf,Unf,Ex,SBrkr,Fa,Typ,Gd,Unf,TA,Y,,
0,0,1,1,6,0.0,0,2,738,8633,193,35,1,4,545,3,173500,0,2,0,0,738,0,100,64.0,1476,0,5,0,60,RL,Lvl,FR2,CollgCr,Norm,1Fam,2Story,Gable,CompShg,VinylSd,VinylSd,,PConc,GasA,Y,Attchd,,WD,Normal,Reg,Gtl,Gd,TA,Gd,TA,No,GLQ,Unf,Ex,SBrkr,Gd,Typ,,Fin,TA,Y,,
0,0,0,1,6,0.0,0,1,672,6629,551,0,1,84,121,3,103600,0,2,0,0,672,0,147,54.0,1369,0,6,0,70,RH,Lvl,Inside,Edwards,Artery,1Fam,2Story,Gambrel,CompShg,Wd Sdng,Wd Sdng,,BrkTil,GasA,N,Detchd,,WD,Normal,Reg,Gtl,TA,Gd,TA,TA,No,BLQ,Unf,TA,SBrkr,TA,Typ,,Unf,TA,Y,,
0,0,1,1,6,0.0,0,2,1208,11250,767,42,1,29,441,3,165000,0,1,1,0,0,0,198,70.0,1208,0,6,0,20,RL,Lvl,Inside,Veenker,Norm,1Fam,1Story,Gable,CompShg,Plywood,Plywood,,CBlock,GasA,Y,Attchd,,WD,Normal,IR1,Gtl,Gd,TA,Gd,TA,No,ALQ,Unf,TA,SBrkr,TA,Typ,TA,RFn,TA,Y,,
0,0,0,1,6,106.0,0,2,1477,14442,1186,87,1,50,291,3,257500,0,2,2,0,0,200,0,110.0,1839,0,7,0,20,RL,Lvl,Inside,Crawfor,Norm,1Fam,1Story,Hip,CompShg,CemntBd,CmentBd,BrkFace,PConc,GasA,Y,Attchd,,WD,Normal,Reg,Gtl,TA,TA,TA,TA,No,GLQ,Unf,Ex,SBrkr,Gd,Typ,TA,Fin,TA,Y,,
0,0,0,1,6,0.0,0,1,1136,9200,892,0,1,43,244,3,140000,0,1,1,0,0,0,426,80.0,1136,0,6,0,20,RL,Lvl,Inside,NAmes,Norm,1Fam,1Story,Gable,CompShg,HdBoard,HdBoard,,CBlock,GasA,Y,Attchd,,WD,Normal,Reg,Gtl,TA,TA,TA,TA,No,Rec,Unf,TA,SBrkr,TA,Typ,Gd,RFn,TA,Y,,
0,0,1,0,6,0.0,0,2,855,2289,311,0,1,31,544,3,148500,0,2,1,0,586,0,28,24.0,1441,0,6,0,160,RL,Lvl,Inside,NPkVill,Norm,Twnhs,2Story,Gable,CompShg,Plywood,Brk Cmn,,CBlock,GasA,Y,Attchd,,WD,Normal,Reg,Gtl,TA,TA,TA,TA,No,ALQ,Unf,TA,SBrkr,TA,Typ,TA,Unf,TA,Y,,
0,0,0,1,4,0.0,0,3,1095,9600,0,0,2,106,1095,4,87000,90,2,0,0,679,0,0,60.0,1774,0,2,0,70,RM,Lvl,Inside,OldTown,Norm,1Fam,2Story,Gable,CompShg,AsbShng,Stucco,,BrkTil,GasW,N,2Types,,WD,Normal,Reg,Gtl,TA,TA,TA,Fa,No,Unf,Unf,Fa,SBrkr,TA,Min2,,Unf,Fa,N,,
0,0,0,0,5,0.0,0,1,768,9022,0,0,1,85,768,2,109500,120,1,0,0,0,0,316,52.0,792,0,8,0,30,RL,Lvl,Inside,OldTown,Norm,1Fam,1Story,Gable,CompShg,VinylSd,VinylSd,,BrkTil,GasA,Y,Detchd,,WD,Normal,Reg,Gtl,Gd,TA,TA,TA,No,Unf,Unf,Ex,SBrkr,Gd,Typ,,Unf,Fa,N,,
0,0,1,0,8,464.0,0,3,2046,11844,0,82,1,1,2046,3,372500,0,2,1,0,0,0,322,80.0,2046,0,5,0,20,RL,Lvl,Inside,StoneBr,Norm,1Fam,1Story,Hip,CompShg,VinylSd,VinylSd,Stone,PConc,GasA,Y,Attchd,,New,Partial,IR1,Gtl,Gd,TA,Ex,TA,Mn,Unf,Unf,Ex,SBrkr,Gd,Typ,Gd,Fin,TA,Y,,
0,0,0,1,5,57.0,0,2,988,9945,827,0,1,46,161,3,128500,0,1,0,0,0,0,0,70.0,988,0,5,0,20,RL,Lvl,Inside,Sawyer,Norm,1Fam,1Story,Hip,CompShg,Wd Sdng,Wd Sdng,BrkFace,CBlock,GasA,Y,Detchd,,WD,Normal,IR1,Gtl,TA,TA,TA,TA,No,Rec,Unf,TA,SBrkr,TA,Typ,,Unf,TA,Y,,
0,119,0,0,6,0.0,0,1,923,8012,543,0,1,30,261,2,143000,0,2,1,0,0,0,80,50.0,923,0,5,0,120,RL,Lvl,Inside,SawyerW,Norm,TwnhsE,1Story,Gable,CompShg,Plywood,Plywood,,CBlock,GasA,Y,Attchd,,WD,Normal,Reg,Gtl,TA,TA,Gd,TA,No,BLQ,BLQ,TA,SBrkr,TA,Typ,TA,RFn,TA,Y,,
0,0,0,0,5,0.0,0,1,793,4500,182,0,1,77,611,3,159434,56,1,0,0,672,0,0,55.0,1520,0,5,0,50,RH,Bnk,Inside,SWISU,Norm,1Fam,1.5Fin,Gable,CompShg,VinylSd,Stucco,,BrkTil,GasA,Y,Detchd,,WD,Abnorml,IR2,Gtl,TA,TA,TA,TA,No,Rec,Unf,Ex,SBrkr,TA,Typ,,Unf,TA,Y,,
0,0,0,1,6,0.0,0,2,1291,2887,1003,0,1,12,288,2,173000,0,1,1,0,0,0,307,70.0,1291,0,5,0,120,RL,HLS,Inside,ClearCr,Norm,1Fam,1Story,Gable,CompShg,Wd Sdng,Wd Sdng,,PConc,GasA,Y,Attchd,,WD,Normal,Reg,Gtl,TA,TA,Gd,TA,Mn,GLQ,Unf,Ex,SBrkr,Gd,Typ,Gd,Unf,TA,Y,,
0,0,0,1,9,215.0,0,3,1626,11248,1059,45,1,5,567,3,285000,0,2,1,0,0,0,257,90.0,1668,0,5,0,20,RL,Lvl,Corner,CollgCr,Norm,1Fam,1Story,Hip,CompShg,VinylSd,VinylSd,Stone,PConc,GasA,Y,Attchd,,WD,Normal,IR1,Gtl,Gd,TA,Gd,TA,Av,GLQ,Unf,Ex,SBrkr,Gd,Typ,TA,Fin,TA,Y,,
0,0,1,0,7,30.0,0,2,1195,16770,0,81,1,12,1195,4,221000,0,2,0,0,644,0,0,58.0,1839,0,5,0,60,RL,Lvl,CulDSac,NoRidge,Norm,1Fam,2Story,Gable,CompShg,VinylSd,VinylSd,BrkFace,PConc,GasA,Y,Attchd,,WD,Normal,IR2,Gtl,Gd,TA,Gd,TA,No,Unf,Unf,Gd,SBrkr,TA,Typ,,Fin,TA,Y,,
0,182,0,1,7,0.0,0,2,1190,5062,828,0,1,23,180,3,207500,0,2,1,0,900,0,219,70.0,2090,0,5,0,160,RL,Lvl,CulDSac,StoneBr,Norm,TwnhsE,2Story,Gable,CompShg,HdBoard,HdBoard,,CBlock,GasA,Y,Attchd,,WD,Normal,IR1,Gtl,Gd,TA,Gd,TA,Mn,GLQ,LwQ,Gd,SBrkr,Gd,Min1,TA,Fin,TA,Y,,
0,0,0,0,7,0.0,0,2,874,10207,0,105,1,0,874,3,227875,0,3,0,0,887,0,144,84.0,1761,0,6,0,60,FV,Lvl,Inside,Somerst,Norm,1Fam,2Story,Gable,CompShg,VinylSd,VinylSd,,PConc,GasA,Y,Attchd,,New,Partial,Reg,Gtl,Gd,TA,Gd,TA,No,Unf,Unf,Ex,SBrkr,Gd,Typ,,Fin,TA,Y,,
0,0,1,0,7,0.0,0,2,551,5105,239,60,1,3,312,2,148800,0,2,0,0,551,0,0,70.0,1102,0,5,0,160,FV,Lvl,FR2,Somerst,Norm,TwnhsE,2Story,Gable,CompShg,MetalSd,MetalSd,,PConc,GasA,Y,Detchd,,WD,Normal,IR2,Gtl,Gd,TA,Gd,TA,No,GLQ,Unf,Ex,SBrkr,Gd,Typ,,Unf,TA,Y,,
0,0,0,1,8,0.0,0,2,1419,8089,945,0,1,0,474,2,392000,0,2,1,0,0,0,140,60.0,1419,0,6,0,20,RL,HLS,Inside,StoneBr,Norm,1Fam,1Story,Gable,CompShg,MetalSd,MetalSd,BrkFace,PConc,GasA,Y,Attchd,,New,Partial,Reg,Gtl,Gd,TA,Gd,TA,Av,GLQ,Unf,Ex,SBrkr,Gd,Typ,Gd,RFn,TA,Y,,
0,0,0,0,6,256.0,0,2,1362,7577,20,28,1,2,1342,2,194700,0,2,1,0,0,0,192,61.0,1362,0,5,0,120,RL,Lvl,Corner,NridgHt,Norm,TwnhsE,1Story,Gable,CompShg,VinylSd,VinylSd,Stone,PConc,GasA,Y,Attchd,,WD,Normal,IR1,Gtl,Gd,TA,Gd,TA,Av,ALQ,Unf,Ex,SBrkr,Gd,Typ,Gd,RFn,TA,Y,,
0,0,0,1,6,147.0,0,2,848,4426,697,0,1,4,151,1,141000,0,1,1,0,0,0,149,70.0,848,0,5,0,120,RM,Lvl,Inside,CollgCr,Norm,TwnhsE,1Story,Gable,CompShg,VinylSd,VinylSd,BrkFace,PConc,GasA,Y,Attchd,,WD,Normal,Reg,Gtl,Gd,TA,Gd,TA,Gd,GLQ,Unf,Ex,SBrkr,Gd,Typ,TA,RFn,TA,Y,,
1,0,1,0,10,1170.0,0,3,2444,21535,1455,50,1,13,989,4,755000,0,3,2,0,1872,0,382,104.0,4316,0,6,0,60,RL,Lvl,Corner,NoRidge,Norm,1Fam,2Story,Gable,WdShngl,HdBoard,HdBoard,BrkFace,PConc,GasA,Y,Attchd,,WD,Normal,IR1,Gtl,Ex,TA,Ex,TA,Gd,GLQ,Unf,Ex,SBrkr,Ex,Typ,Ex,Fin,TA,Y,,
0,0,1,1,7,293.0,0,2,1210,26178,965,27,1,17,245,4,335000,0,2,2,0,1281,0,320,42.0,2519,0,5,0,60,RL,Lvl,Inside,Timber,Norm,1Fam,2Story,Hip,CompShg,MetalSd,MetalSd,BrkFace,PConc,GasA,Y,Attchd,,WD,Normal,IR1,Mod,Gd,TA,Gd,TA,Gd,GLQ,Unf,Ex,SBrkr,Gd,Typ,Gd,RFn,TA,Y,,
0,0,0,0,5,0.0,0,1,1073,5400,0,0,1,85,1073,2,108480,112,1,0,0,0,0,0,60.0,1073,0,6,0,30,RL,Lvl,Corner,OldTown,Norm,1Fam,1Story,Gable,CompShg,MetalSd,MetalSd,,BrkTil,GasA,Y,Detchd,,WD,Abnorml,Reg,Sev,TA,TA,TA,TA,No,Unf,Unf,Ex,SBrkr,TA,Typ,,Unf,TA,Y,,
0,0,1,0,5,0.0,0,2,927,6120,0,0,1,73,927,3,141500,0,1,0,0,472,0,112,51.0,1539,0,6,0,50,RM,Lvl,Corner,BrkSide,Norm,1Fam,1.5Fin,Gable,CompShg,Wd Sdng,Wd Sdng,,BrkTil,GasA,Y,Detchd,,WD,Normal,Reg,Gtl,TA,Fa,TA,TA,No,Unf,Unf,TA,SBrkr,TA,Typ,,Unf,TA,Y,,MnPrv
0,40,0,1,6,72.0,0,2,1112,13811,980,0,1,19,92,2,176000,0,2,1,0,0,0,125,54.0,1137,0,6,0,20,RL,Lvl,Inside,Timber,Norm,1Fam,1Story,Gable,CompShg,HdBoard,HdBoard,BrkFace,CBlock,GasA,Y,Attchd,,WD,Normal,IR1,Gtl,TA,TA,Gd,Gd,No,GLQ,LwQ,Gd,SBrkr,Gd,Typ,TA,Unf,TA,Y,,
0,0,0,0,5,0.0,0,1,616,6000,616,0,1,85,0,2,89000,129,1,0,0,0,0,0,50.0,616,0,7,0,30,RM,Lvl,Inside,BrkSide,Norm,1Fam,1Story,Gable,CompShg,Wd Sdng,Wd Shng,,CBlock,GasA,Y,Detchd,,WD,Normal,Reg,Gtl,TA,TA,TA,TA,No,LwQ,Unf,Gd,SBrkr,TA,Typ,,Unf,TA,Y,,
1,551,0,0,5,0.0,0,1,980,6420,210,0,1,54,219,2,123500,0,1,0,0,0,0,0,57.0,1148,0,7,0,20,RL,Lvl,Inside,Edwards,Norm,1Fam,1Story,Gable,CompShg,Wd Sdng,Wd Sdng,,PConc,GasA,Y,Detchd,,WD,Normal,IR1,Gtl,TA,TA,Ex,Gd,Mn,LwQ,ALQ,Fa,FuseA,TA,Typ,,Unf,TA,Y,,
0,117,0,1,5,0.0,0,1,894,8450,553,144,1,45,224,3,138500,0,1,1,0,0,0,416,65.0,894,0,8,0,20,RL,Lvl,Inside,Sawyer,RRAe,1Fam,1Story,Gable,CompShg,MetalSd,MetalSd,,CBlock,GasA,Y,Detchd,,WD,Normal,Reg,Gtl,TA,Gd,TA,TA,No,GLQ,BLQ,Ex,SBrkr,TA,Typ,Gd,Unf,TA,Y,,MnPrv
0,0,0,0,7,0.0,0,2,1391,4282,16,158,1,4,1375,2,196000,0,2,0,0,0,0,156,59.0,1391,0,5,0,120,FV,Lvl,Inside,Somerst,Norm,TwnhsE,1Story,Gable,CompShg,MetalSd,MetalSd,,PConc,GasA,Y,Attchd,,WD,Normal,IR2,Gtl,Gd,TA,Gd,TA,Mn,GLQ,Unf,Ex,SBrkr,Gd,Typ,,RFn,TA,Y,,
0,0,0,1,8,630.0,0,3,1800,14331,1274,78,1,4,526,3,312500,0,2,1,0,0,0,270,85.0,1800,0,5,0,20,RL,Lvl,Inside,Timber,Norm,1Fam,1Story,Hip,CompShg,VinylSd,VinylSd,BrkFace,PConc,GasA,Y,Attchd,,WD,Normal,Reg,Gtl,Gd,TA,Ex,TA,Gd,GLQ,Unf,Ex,SBrkr,Gd,Typ,Gd,Fin,TA,Y,,
0,0,1,0,7,168.0,0,2,1164,9600,0,0,1,37,1164,3,140000,0,1,0,0,0,0,0,80.0,1164,0,5,0,20,RL,Lvl,Inside,NWAmes,Norm,1Fam,1Story,Hip,CompShg,HdBoard,HdBoard,BrkFace,CBlock,GasA,Y,Attchd,,COD,Normal,Reg,Gtl,TA,TA,TA,TA,No,Unf,Unf,TA,SBrkr,TA,Typ,,Unf,TA,Y,,
0,0,1,0,8,466.0,0,3,1234,12438,0,100,1,0,1234,4,361919,0,2,1,0,1312,0,324,82.0,2576,0,5,0,60,RL,Lvl,Inside,StoneBr,Norm,1Fam,2Story,Hip,CompShg,VinylSd,VinylSd,BrkFace,PConc,GasA,Y,BuiltIn,,New,Partial,IR1,Gtl,Ex,TA,Ex,Gd,No,Unf,Unf,Ex,SBrkr,Ex,Typ,Gd,Fin,TA,Y,,
0,0,0,0,5,0.0,0,2,360,7630,0,0,2,110,360,4,140000,40,2,1,0,780,0,344,76.0,1812,0,9,0,190,RM,Lvl,Inside,OldTown,Feedr,2fmCon,2Story,Gable,CompShg,Wd Sdng,Wd Sdng,,BrkTil,GasA,Y,Detchd,,WD,Normal,Reg,Gtl,TA,Gd,Gd,TA,No,Unf,Unf,Gd,SBrkr,Gd,Typ,Po,Unf,TA,N,,MnPrv
0,0,0,1,7,109.0,0,2,1473,8400,712,35,1,6,761,3,213000,0,2,0,0,0,0,0,70.0,1484,144,5,0,20,RL,Lvl,Inside,CollgCr,Norm,1Fam,1Story,Gable,CompShg,VinylSd,VinylSd,BrkFace,PConc,GasA,Y,Attchd,,WD,Normal,Reg,Gtl,Gd,TA,Gd,TA,Av,GLQ,Unf,Ex,SBrkr,Gd,Typ,,RFn,TA,Y,,
0,0,0,0,4,0.0,0,0,0,5600,0,0,2,80,0,3,55000,0,2,0,3500,720,0,0,70.0,1092,0,5,0,190,RM,Lvl,Inside,IDOTRR,Norm,2fmCon,2Story,Hip,CompShg,VinylSd,Wd Shng,,Slab,GasA,N,,Othr,WD,Normal,Reg,Gtl,Fa,Fa,,,,,,Fa,SBrkr,Fa,Mod,,,,N,,
0,0,0,1,7,351.0,0,2,1643,115149,1219,48,1,36,424,2,302000,0,2,2,0,0,0,380,70.0,1824,0,5,0,20,RL,Low,CulDSac,ClearCr,Norm,1Fam,1Story,Gable,CompShg,Plywood,Plywood,Stone,CBlock,GasA,Y,Attchd,,WD,Normal,IR2,Sev,TA,TA,Gd,TA,Gd,GLQ,Unf,TA,SBrkr,Gd,Typ,TA,Unf,TA,Y,,
0,0,0,1,8,176.0,0,2,1324,6240,863,38,1,3,461,2,254000,0,2,1,0,0,0,192,48.0,1324,0,5,0,120,RL,Lvl,Inside,NridgHt,Norm,TwnhsE,1Story,Hip,CompShg,MetalSd,MetalSd,BrkFace,PConc,GasA,Y,Attchd,,WD,Normal,Reg,Gtl,Gd,TA,Gd,TA,No,GLQ,Unf,Ex,SBrkr,Gd,Typ,Gd,Fin,TA,Y,,
0,0,1,0,7,0.0,0,2,728,9018,0,24,1,0,728,3,179540,0,2,1,0,728,0,100,65.0,1456,0,5,0,60,RL,Lvl,Inside,Gilbert,Norm,1Fam,2Story,Hip,CompShg,VinylSd,VinylSd,,PConc,GasA,Y,Attchd,,New,Partial,IR1,Gtl,Gd,TA,Gd,TA,Av,Unf,Unf,Ex,SBrkr,Gd,Typ,Gd,Fin,TA,Y,,
0,0,0,0,5,41.0,0,1,876,7162,0,0,1,42,876,3,109900,0,1,0,0,0,0,0,70.0,904,0,7,0,20,RL,Lvl,Inside,Sawyer,Norm,1Fam,1Story,Gable,CompShg,HdBoard,HdBoard,BrkCmn,PConc,GasA,Y,Attchd,,WD,Abnorml,IR1,Gtl,TA,TA,TA,TA,No,Unf,Unf,TA,SBrkr,TA,Typ,,Unf,TA,Y,,MnPrv
0,0,0,0,3,0.0,0,0,270,4130,0,0,1,73,270,2,52000,0,1,0,0,0,0,0,56.0,729,0,6,0,30,RL,Lvl,Inside,BrkSide,Norm,1Fam,1Story,Gable,CompShg,VinylSd,VinylSd,,CBlock,GasA,Y,,,WD,Normal,IR1,Gtl,Gd,TA,TA,TA,No,Unf,Unf,Gd,SBrkr,TA,Maj2,,,,N,,
0,0,0,0,4,0.0,0,1,859,8712,0,0,1,110,859,2,102776,98,1,0,0,319,0,68,66.0,1178,0,7,0,50,C (all),HLS,Inside,IDOTRR,Norm,1Fam,1.5Fin,Gable,CompShg,MetalSd,MetalSd,,Stone,GasA,Y,Detchd,,WD,Abnorml,Reg,Mod,TA,TA,TA,TA,Mn,Unf,Unf,Gd,SBrkr,TA,Typ,,RFn,TA,N,,
0,0,0,1,8,0.0,0,2,1228,4671,767,120,1,20,461,2,189000,0,2,1,0,0,0,168,40.0,1228,0,5,0,120,RL,HLS,Inside,StoneBr,Norm,TwnhsE,1Story,Gable,CompShg,HdBoard,HdBoard,,PConc,GasA,Y,Attchd,,WD,Normal,IR1,Gtl,Gd,TA,Gd,TA,Mn,GLQ,Unf,Gd,SBrkr,Gd,Typ,Gd,Fin,TA,Y,,
0,0,0,1,4,160.0,0,2,960,9873,789,288,1,36,171,3,129000,0,1,0,0,0,0,0,60.0,960,0,5,0,190,RL,Lvl,Inside,BrkSide,RRAn,2fmCon,1Story,Gable,CompShg,HdBoard,HdBoard,BrkFace,CBlock,GasW,N,Detchd,,WD,Normal,Reg,Gtl,TA,TA,TA,TA,Av,ALQ,Unf,TA,SBrkr,TA,Typ,,Unf,TA,Y,,
0,0,1,0,6,289.0,0,2,725,13517,533,44,1,34,192,3,130500,0,2,0,0,754,0,0,70.0,1479,0,8,0,60,RL,Lvl,CulDSac,Sawyer,RRAe,1Fam,2Story,Gable,CompShg,HdBoard,Plywood,BrkFace,CBlock,GasA,Y,Attchd,,WD,Normal,IR1,Gtl,Gd,TA,TA,TA,No,GLQ,Unf,Ex,SBrkr,Gd,Typ,,RFn,TA,Y,,
0,0,0,0,6,174.0,0,2,1064,10140,0,0,1,35,1064,3,165000,0,2,1,0,0,0,0,78.0,1350,0,5,0,20,RL,Lvl,Inside,NWAmes,Norm,1Fam,1Story,Hip,CompShg,HdBoard,HdBoard,BrkFace,CBlock,GasA,Y,Attchd,,WD,Normal,Reg,Gtl,TA,TA,Gd,TA,No,Unf,Unf,TA,SBrkr,TA,Typ,TA,RFn,TA,Y,,MnPrv
0,0,1,0,7,0.0,0,2,718,10800,0,48,1,117,718,3,159500,143,1,0,0,978,0,0,60.0,2554,0,8,0,70,RM,Bnk,Inside,OldTown,Norm,1Fam,2Story,Gable,CompShg,Wd Sdng,VinylSd,,BrkTil,GasA,Y,Detchd,,WD,Normal,Reg,Gtl,TA,Gd,TA,TA,No,Unf,Unf,Ex,SBrkr,TA,Typ,,Unf,TA,P,,
1,0,1,0,5,0.0,0,2,1176,10000,1084,0,1,35,92,3,157000,0,1,1,0,0,0,224,80.0,1178,0,6,0,20,RL,Lvl,Inside,NWAmes,Norm,1Fam,1Story,Gable,CompShg,HdBoard,HdBoard,,CBlock,GasA,Y,Attchd,,WD,Normal,Reg,Gtl,TA,TA,Gd,TA,No,BLQ,Unf,Gd,SBrkr,Gd,Typ,Fa,Unf,TA,Y,,MnPrv
0,0,1,1,7,651.0,0,3,1311,10542,1173,154,1,15,138,3,341000,216,2,1,0,1093,0,250,96.0,2418,0,5,0,60,RL,Lvl,Inside,NoRidge,Norm,1Fam,2Story,Hip,CompShg,Wd Sdng,ImStucc,BrkFace,PConc,GasA,Y,Attchd,,WD,Normal,Reg,Gtl,Gd,TA,Gd,TA,Gd,GLQ,Unf,Ex,SBrkr,Gd,Typ,TA,RFn,TA,Y,,
0,0,1,0,5,0.0,0,1,971,9920,523,0,1,37,448,3,128500,0,1,1,0,0,0,0,69.0,971,0,6,0,20,RL,Lvl,Inside,CollgCr,Norm,1Fam,1Story,Gable,CompShg,HdBoard,Plywood,,CBlock,GasA,Y,Attchd,,WD,Normal,IR1,Gtl,TA,TA,Gd,TA,Gd,ALQ,Unf,TA,SBrkr,TA,Typ,Po,Unf,TA,Y,,
0,0,0,1,8,0.0,0,2,1742,6563,1148,28,1,21,594,2,275000,234,2,1,0,0,0,114,70.0,1742,0,5,0,120,RL,Low,CulDSac,StoneBr,Norm,1Fam,1Story,Gable,CompShg,HdBoard,HdBoard,,PConc,GasA,Y,Attchd,,WD,Normal,IR1,Mod,Gd,TA,Gd,TA,Gd,GLQ,Unf,TA,SBrkr,Gd,Typ,TA,RFn,TA,Y,,
0,0,0,1,6,169.0,0,2,848,4426,662,0,1,6,186,1,143000,0,1,0,0,0,0,160,70.0,848,0,5,0,120,RM,Lvl,Inside,CollgCr,Norm,TwnhsE,1Story,Gable,CompShg,VinylSd,VinylSd,BrkFace,PConc,GasA,Y,Attchd,,WD,Normal,Reg,Gtl,Gd,TA,Gd,TA,Av,GLQ,Unf,Ex,SBrkr,Gd,Typ,,RFn,TA,Y,,
0,0,0,0,4,0.0,0,2,864,8120,191,0,1,39,673,3,124500,0,1,0,0,0,0,0,70.0,864,0,7,0,20,RL,Lvl,Inside,NAmes,Norm,1Fam,1Story,Gable,CompShg,MetalSd,MetalSd,,CBlock,GasA,Y,Detchd,,WD,Normal,Reg,Gtl,TA,Gd,TA,TA,No,ALQ,Unf,Ex,SBrkr,TA,Typ,,Unf,TA,Y,,
0,0,0,0,4,0.0,0,1,941,8172,0,0,1,54,941,4,135000,0,2,0,0,473,156,0,60.0,1470,0,6,0,50,RL,Lvl,Inside,Edwards,Norm,1Fam,1.5Fin,Gable,CompShg,MetalSd,MetalSd,,PConc,GasA,Y,Detchd,,WD,Normal,Reg,Gtl,TA,TA,TA,TA,No,Unf,Unf,Ex,SBrkr,TA,Typ,,Unf,TA,Y,,
0,0,0,1,9,340.0,0,3,1698,13286,1234,64,1,2,464,3,320000,0,2,1,0,0,0,327,86.0,1698,0,5,0,20,RL,Lvl,Inside,Edwards,Norm,1Fam,1Story,Hip,CompShg,CemntBd,CmentBd,Stone,PConc,GasA,Y,Attchd,,WD,Normal,IR1,Gtl,Ex,TA,Ex,TA,No,GLQ,Unf,Ex,SBrkr,Ex,Typ,Gd,Fin,TA,Y,,
0,239,0,0,4,0.0,0,2,864,6960,375,0,1,39,250,3,120500,0,1,0,500,0,0,96,60.0,864,0,6,0,20,RL,Lvl,Inside,NAmes,Norm,1Fam,1Story,Gable,CompShg,HdBoard,Plywood,,CBlock,GasA,Y,Detchd,Shed,WD,Normal,Reg,Gtl,TA,TA,TA,TA,No,ALQ,BLQ,TA,SBrkr,Gd,Typ,,Unf,TA,Y,,
0,0,0,1,6,260.0,0,2,880,21695,808,44,1,21,72,3,222000,0,2,1,0,0,0,292,70.0,1680,182,9,0,20,RL,Lvl,Corner,Crawfor,Norm,1Fam,1Story,Hip,CompShg,Wd Sdng,Plywood,BrkFace,CBlock,GasA,Y,Attchd,,WD,Normal,IR1,Gtl,Gd,Gd,Gd,TA,No,GLQ,Unf,Ex,SBrkr,Gd,Typ,Gd,Fin,TA,Y,,
0,0,0,1,7,82.0,0,2,1232,7314,724,0,1,2,508,2,194500,0,2,0,0,0,0,132,64.0,1232,0,5,0,20,RL,Lvl,Inside,CollgCr,Norm,1Fam,1Story,Gable,CompShg,VinylSd,VinylSd,Stone,PConc,GasA,Y,Attchd,,WD,Normal,Reg,Gtl,Gd,TA,Gd,TA,Av,GLQ,Unf,Ex,SBrkr,Gd,Typ,,RFn,TA,Y,,
0,0,0,1,5,95.0,0,3,1584,11475,0,25,2,51,1584,4,110000,0,2,0,0,0,0,0,85.0,1776,0,5,0,90,RL,Lvl,Corner,NAmes,Norm,Duplex,1Story,Gable,CompShg,VinylSd,VinylSd,BrkFace,CBlock,GasA,Y,Detchd,,COD,Abnorml,Reg,Gtl,TA,TA,TA,TA,No,Unf,Unf,TA,SBrkr,TA,Typ,,Unf,TA,Y,,
0,0,0,0,4,0.0,360,2,780,6240,152,23,1,84,628,2,103000,112,1,0,0,0,0,0,52.0,1208,0,5,0,30,RM,Lvl,Inside,IDOTRR,Norm,1Fam,1.5Fin,Gable,CompShg,MetalSd,MetalSd,,CBlock,GasA,Y,Detchd,,WD,Normal,Reg,Gtl,TA,TA,TA,TA,No,BLQ,Unf,TA,FuseA,TA,Typ,,Unf,TA,Y,,
0,0,0,1,8,0.0,0,2,1595,5389,1180,152,1,15,415,2,236500,0,2,1,0,0,0,237,39.0,1616,0,5,0,120,RL,Lvl,Inside,StoneBr,Norm,TwnhsE,1Story,Gable,CompShg,CemntBd,CmentBd,,PConc,GasA,Y,Attchd,,WD,Normal,IR1,Gtl,Gd,TA,Gd,TA,No,GLQ,Unf,Ex,SBrkr,Gd,Typ,TA,RFn,TA,Y,,
0,0,0,1,7,442.0,0,2,868,9590,786,22,1,4,82,3,187500,0,2,1,0,0,0,160,73.0,1146,0,5,0,80,RL,Lvl,Corner,Timber,Norm,1Fam,SLvl,Gable,CompShg,VinylSd,VinylSd,BrkFace,PConc,GasA,Y,Attchd,,WD,Normal,IR1,Gtl,Gd,TA,Ex,TA,Av,GLQ,Unf,Ex,SBrkr,Gd,Typ,Gd,Fin,TA,Y,,
0,0,1,0,7,202.0,0,2,1153,11404,252,84,1,10,901,3,222500,0,2,1,0,878,0,192,75.0,2031,0,5,0,60,RL,Lvl,Inside,CollgCr,Norm,1Fam,2Story,Gable,CompShg,VinylSd,VinylSd,BrkFace,PConc,GasA,Y,Attchd,,WD,Normal,IR1,Gtl,Gd,TA,Gd,TA,Av,ALQ,Unf,Ex,SBrkr,Gd,Typ,TA,Fin,TA,Y,,
0,0,0,1,5,0.0,0,1,864,10000,594,0,1,48,270,3,131400,0,1,1,400,0,0,165,80.0,1144,0,6,0,20,RL,Lvl,Corner,Sawyer,Feedr,1Fam,1Story,Hip,CompShg,HdBoard,HdBoard,,CBlock,GasA,Y,Attchd,Shed,WD,Normal,Reg,Gtl,TA,TA,TA,TA,No,BLQ,Unf,Ex,SBrkr,TA,Typ,TA,RFn,TA,Y,,GdWo
0,0,0,0,5,0.0,0,1,948,8978,0,0,1,39,948,3,108000,0,1,0,0,0,0,147,70.0,948,0,5,0,20,RL,Lvl,Corner,Sawyer,Norm,1Fam,1Story,Gable,CompShg,Plywood,Plywood,,PConc,GasA,Y,Attchd,,WD,Family,IR1,Gtl,TA,TA,TA,TA,No,Unf,Unf,TA,SBrkr,TA,Typ,,Unf,TA,Y,,
0,0,1,0,7,0.0,0,2,880,10800,390,341,1,92,490,2,163000,0,1,2,0,888,0,0,60.0,1768,0,7,0,75,RM,Lvl,Inside,OldTown,Norm,1Fam,2.5Unf,Gable,CompShg,Wd Sdng,Wd Sdng,,BrkTil,GasW,N,Detchd,,WD,Normal,Reg,Gtl,TA,TA,Gd,TA,Mn,Rec,Unf,Fa,SBrkr,TA,Typ,TA,Unf,TA,N,,
0,0,0,0,3,0.0,0,2,0,8544,0,0,2,56,0,2,93500,0,2,0,0,0,0,0,60.0,1040,0,4,0,90,RL,Lvl,Inside,NAmes,Norm,Duplex,1Story,Gable,CompShg,Stucco,Stone,,CBlock,GasA,N,Detchd,,WD,Normal,Reg,Gtl,TA,TA,,,,,,Gd,FuseF,TA,Typ,,Unf,TA,Y,,
0,0,1,0,8,0.0,0,3,893,10463,0,116,1,1,893,3,239900,0,2,1,0,900,0,0,72.0,1801,0,5,0,60,RL,HLS,CulDSac,Gilbert,Norm,1Fam,2Story,Gable,CompShg,VinylSd,VinylSd,,PConc,GasA,Y,Attchd,,WD,Normal,IR1,Gtl,Gd,TA,Gd,TA,No,Unf,Unf,Ex,SBrkr,Gd,Typ,Gd,Fin,TA,Y,,
0,0,0,3,5,0.0,0,0,1200,10800,1200,0,1,22,0,3,179000,0,3,0,0,0,0,120,60.0,1200,0,5,0,90,RL,Lvl,Inside,Edwards,Norm,Duplex,1Story,Gable,CompShg,Plywood,Plywood,,CBlock,GasA,Y,,,WD,Alloca,Reg,Gtl,TA,TA,Gd,Gd,Gd,GLQ,Unf,TA,SBrkr,TA,Typ,,,,Y,,
0,0,1,0,7,0.0,0,2,864,9313,0,56,1,5,864,3,190000,0,2,0,0,864,0,187,65.0,1728,0,5,0,60,RL,Lvl,Inside,CollgCr,Norm,1Fam,2Story,Gable,CompShg,VinylSd,VinylSd,,PConc,GasA,Y,Attchd,,WD,Normal,IR1,Gtl,Gd,TA,Gd,TA,No,Unf,Unf,Ex,SBrkr,Gd,Typ,,RFn,TA,Y,,
0,0,0,0,5,0.0,0,2,264,9600,0,0,1,97,264,2,132000,112,2,0,0,664,0,270,60.0,1432,0,7,0,70,RM,Lvl,Inside,OldTown,Norm,1Fam,2Story,Gable,CompShg,Wd Sdng,Wd Shng,,BrkTil,GasA,Y,Detchd,,WD,Abnorml,Reg,Gtl,TA,Gd,Fa,Fa,No,Unf,Unf,Ex,SBrkr,TA,Typ,,Unf,TA,Y,,GdPrv
1,0,0,1,6,0.0,0,1,912,6768,832,0,1,47,80,3,142000,0,1,0,0,0,0,168,65.0,912,0,8,0,20,RL,Lvl,Inside,Sawyer,Feedr,1Fam,1Story,Hip,CompShg,HdBoard,HdBoard,,CBlock,GasA,Y,Detchd,,WD,Normal,IR1,Gtl,TA,Gd,TA,TA,Mn,GLQ,Unf,Gd,SBrkr,Gd,Typ,,Unf,TA,Y,,GdPrv
0,0,0,0,7,108.0,0,2,1349,8450,0,55,1,7,1349,3,179000,0,2,0,0,0,0,120,65.0,1349,0,5,0,20,RL,Lvl,Inside,SawyerW,Norm,1Fam,1Story,Gable,CompShg,VinylSd,VinylSd,BrkFace,PConc,GasA,Y,Attchd,,WD,Normal,Reg,Gtl,TA,TA,Gd,TA,No,Unf,Unf,Ex,SBrkr,TA,Typ,,Unf,TA,Y,,GdPrv
1,0,0,0,5,0.0,0,2,520,12886,444,0,1,46,76,3,175000,0,2,1,0,0,100,302,70.0,1464,0,6,0,80,RL,Lvl,Inside,Sawyer,Norm,1Fam,SLvl,Gable,CompShg,HdBoard,HdBoard,,CBlock,GasA,Y,Attchd,,WD,Normal,IR1,Gtl,TA,TA,Gd,TA,Av,ALQ,Unf,Ex,SBrkr,TA,Min2,TA,RFn,TA,Y,,
0,0,0,1,8,0.0,0,2,1337,5395,733,0,1,15,604,2,180000,70,2,1,0,0,0,96,41.0,1337,168,5,0,120,RL,HLS,Inside,StoneBr,Norm,TwnhsE,1Story,Gable,CompShg,HdBoard,HdBoard,,PConc,GasA,Y,Attchd,,WD,Normal,IR1,Gtl,Gd,TA,Gd,TA,No,GLQ,Unf,Gd,SBrkr,Gd,Typ,TA,RFn,TA,Y,,
1,80,1,0,8,289.0,0,2,1142,8963,575,204,1,32,487,4,299800,0,3,2,0,1540,0,0,70.0,2715,0,9,0,60,RL,Lvl,Inside,NWAmes,Norm,1Fam,2Story,Hip,CompShg,VinylSd,VinylSd,BrkFace,CBlock,GasA,Y,BuiltIn,,WD,Normal,IR1,Gtl,Ex,Gd,TA,Gd,No,GLQ,ALQ,Ex,SBrkr,Gd,Typ,TA,Fin,TA,Y,,
0,0,1,0,7,0.0,0,2,952,8795,300,54,1,9,652,4,236000,0,2,1,0,1276,0,224,70.0,2256,0,5,0,60,RL,Lvl,Inside,Gilbert,Norm,1Fam,2Story,Gable,CompShg,VinylSd,VinylSd,,PConc,GasA,Y,BuiltIn,,WD,Normal,IR1,Gtl,Gd,TA,Gd,TA,No,GLQ,Unf,Ex,SBrkr,Gd,Typ,TA,Fin,TA,Y,,
0,0,1,0,7,0.0,0,4,1240,11700,0,0,1,129,1240,4,265979,386,1,1,0,1320,0,181,65.0,2640,0,7,0,70,RM,Lvl,Corner,OldTown,Norm,1Fam,2Story,Mansard,CompShg,Stucco,Stucco,,Stone,GasW,N,Detchd,,WD,Normal,IR1,Gtl,Gd,TA,TA,Fa,No,Unf,Unf,TA,SBrkr,Gd,Typ,Gd,Unf,TA,N,,
0,0,0,1,7,338.0,0,2,1720,10593,919,56,1,14,801,3,260400,154,2,1,0,0,0,240,59.0,1720,0,5,0,20,RL,Lvl,Inside,NoRidge,Norm,1Fam,1Story,Hip,CompShg,VinylSd,VinylSd,BrkFace,PConc,GasA,Y,Attchd,,WD,Normal,IR1,Gtl,Gd,TA,Gd,TA,No,GLQ,Unf,Ex,SBrkr,Gd,Typ,TA,Fin,TA,Y,,
0,0,0,0,4,0.0,0,1,0,8405,0,0,1,64,0,4,98000,185,2,0,0,441,0,92,50.0,1529,0,3,0,50,RL,Lvl,Inside,Edwards,Norm,1Fam,1.5Fin,Gable,CompShg,WdShing,Wd Shng,,Slab,Wall,N,Detchd,,WD,Normal,Reg,Gtl,TA,TA,,,,,,TA,FuseF,TA,Mod,,Unf,TA,N,,
0,0,0,0,4,0.0,0,0,576,8800,0,160,1,100,576,3,96500,0,1,0,0,348,0,0,55.0,1140,0,7,0,50,RM,Lvl,Corner,OldTown,Norm,1Fam,1.5Fin,Gable,CompShg,Wd Sdng,Wd Sdng,,BrkTil,GasA,Y,,,WD,Normal,Reg,Gtl,TA,TA,TA,Fa,No,Unf,Unf,Gd,SBrkr,TA,Min2,,,,N,,
0,0,1,0,7,0.0,0,2,660,7750,0,48,1,4,660,3,162000,0,2,0,0,660,0,0,70.0,1320,0,5,0,60,RL,Lvl,Inside,Gilbert,RRAn,1Fam,2Story,Gable,CompShg,VinylSd,VinylSd,,PConc,GasA,Y,Attchd,,WD,Normal,Reg,Gtl,Gd,TA,Gd,TA,No,Unf,Unf,Ex,SBrkr,Gd,Typ,,Fin,TA,Y,,
0,0,0,1,6,0.0,0,2,1479,9236,1200,27,1,9,279,3,217000,0,2,0,0,0,0,168,79.0,1494,0,5,0,20,RL,Lvl,Inside,CollgCr,Norm,1Fam,1Story,Gable,CompShg,VinylSd,VinylSd,,PConc,GasA,Y,Attchd,,WD,Normal,IR1,Gtl,TA,Gd,Gd,TA,Gd,GLQ,Unf,Ex,SBrkr,Gd,Typ,,RFn,TA,Y,,
0,0,1,0,8,178.0,0,3,1030,10240,0,52,1,1,1030,3,275500,0,2,1,0,1060,0,192,80.0,2098,0,5,0,60,RL,Lvl,Inside,NridgHt,Norm,1Fam,2Story,Gable,CompShg,VinylSd,VinylSd,BrkFace,PConc,GasA,Y,Attchd,,WD,Normal,Reg,Gtl,Gd,TA,Gd,TA,Mn,Unf,Unf,Gd,SBrkr,Ex,Typ,Gd,RFn,TA,Y,,
0,472,0,1,6,0.0,0,2,1026,7930,439,48,1,40,115,3,156000,0,1,0,0,0,0,171,61.0,1026,0,8,0,20,RL,Lvl,Inside,NAmes,Norm,1Fam,1Story,Gable,CompShg,Plywood,Plywood,,CBlock,GasA,Y,Detchd,,WD,Normal,Reg,Gtl,TA,TA,TA,TA,No,GLQ,LwQ,Gd,SBrkr,Gd,Typ,,RFn,TA,Y,,
0,0,1,0,6,894.0,0,2,729,3230,381,24,1,10,348,3,172500,0,2,0,0,729,0,0,34.0,1471,0,5,0,160,FV,Lvl,Inside,Somerst,Norm,TwnhsE,2Story,Gable,CompShg,MetalSd,MetalSd,BrkFace,PConc,GasA,Y,Detchd,,WD,Normal,Reg,Gtl,TA,TA,Gd,TA,No,GLQ,Unf,Gd,SBrkr,TA,Typ,,Unf,TA,Y,,
0,0,1,0,8,0.0,0,2,866,10769,20,105,1,2,846,3,212000,0,2,0,0,902,0,144,68.0,1768,0,5,0,60,RL,Lvl,Inside,CollgCr,Norm,1Fam,2Story,Gable,CompShg,VinylSd,VinylSd,,PConc,GasA,Y,Attchd,,WD,Normal,IR1,Gtl,Gd,TA,Gd,TA,Av,GLQ,Unf,Ex,SBrkr,Gd,Typ,,RFn,TA,Y,,
0,0,1,0,6,328.0,0,2,672,11616,438,0,1,32,234,3,158900,0,2,1,0,714,0,335,70.0,1386,0,5,0,60,RL,Lvl,CulDSac,Sawyer,Norm,1Fam,2Story,Hip,CompShg,HdBoard,HdBoard,BrkCmn,CBlock,GasA,Y,Attchd,,WD,Abnorml,IR1,Gtl,TA,TA,TA,TA,Mn,Rec,Unf,TA,SBrkr,TA,Typ,TA,Fin,TA,Y,,GdPrv
0,0,1,0,7,360.0,0,2,744,2280,549,0,1,9,195,3,179400,0,2,0,0,744,0,0,24.0,1501,0,5,0,160,FV,Lvl,Inside,Somerst,Norm,Twnhs,2Story,Gable,CompShg,MetalSd,MetalSd,BrkFace,PConc,GasA,Y,Detchd,,WD,Normal,Reg,Gtl,TA,TA,Gd,TA,No,ALQ,Unf,Gd,SBrkr,TA,Typ,,Unf,TA,Y,,
0,64,1,0,8,513.0,0,3,1318,12257,56,98,1,12,1198,4,290000,0,2,1,0,1203,0,222,65.0,2531,0,5,0,60,RL,Lvl,Inside,NoRidge,Norm,1Fam,2Story,Gable,CompShg,VinylSd,VinylSd,BrkFace,PConc,GasA,Y,Attchd,,WD,Normal,IR1,Gtl,Gd,TA,Gd,TA,Av,LwQ,ALQ,Ex,SBrkr,Gd,Typ,TA,RFn,TA,Y,,
0,0,0,0,6,0.0,0,1,864,9100,612,0,1,50,252,2,127500,0,1,0,450,0,0,0,70.0,864,0,6,0,20,RL,Lvl,Inside,NAmes,Norm,1Fam,1Story,Hip,CompShg,Wd Sdng,Wd Sdng,,CBlock,GasA,Y,Detchd,Shed,WD,Normal,Reg,Gtl,TA,TA,TA,TA,No,Rec,Unf,Ex,SBrkr,TA,Typ,,Unf,Ex,Y,,
0,0,0,0,5,0.0,0,2,1145,6911,405,0,1,85,740,2,100000,0,1,0,0,0,0,0,60.0,1301,0,5,0,30,RM,Lvl,FR2,BrkSide,Feedr,1Fam,1Story,Gable,CompShg,Wd Sdng,Wd Sdng,,PConc,GasA,Y,Detchd,,WD,Normal,Reg,Gtl,TA,TA,TA,TA,Mn,LwQ,Unf,TA,SBrkr,Fa,Min1,,Unf,TA,Y,,
0,0,1,0,7,0.0,0,2,756,8640,24,45,1,1,732,3,215200,0,2,0,0,783,0,169,72.0,1547,0,5,0,60,FV,Lvl,Inside,Somerst,Norm,1Fam,2Story,Gable,CompShg,VinylSd,VinylSd,,PConc,GasA,Y,Attchd,,Con,Normal,Reg,Gtl,TA,TA,Gd,TA,Mn,GLQ,Unf,Ex,SBrkr,Gd,Typ,,Unf,TA,Y,,
0,0,1,1,8,673.0,0,3,1252,9430,1163,128,1,10,89,3,337000,0,2,1,0,1097,180,0,82.0,2365,0,5,0,60,RL,Lvl,Inside,NoRidge,Norm,1Fam,2Story,Gable,CompShg,VinylSd,VinylSd,BrkFace,PConc,GasA,Y,Attchd,,WD,Normal,Reg,Gtl,Gd,TA,Gd,TA,Mn,GLQ,Unf,Ex,SBrkr,Gd,Typ,Gd,RFn,TA,Y,,
0,1057,1,1,8,0.0,0,2,1494,9549,437,30,1,11,0,2,270000,0,1,1,0,0,216,0,30.0,1494,0,5,0,120,RL,Lvl,CulDSac,Veenker,Norm,TwnhsE,1Story,Hip,CompShg,BrkFace,BrkFace,,PConc,GasA,Y,Attchd,,WD,Normal,IR1,Gtl,Gd,Gd,Gd,Gd,Av,LwQ,GLQ,Ex,SBrkr,Ex,Typ,Gd,Fin,TA,Y,,
0,0,0,0,9,284.0,0,2,1498,14587,0,174,1,0,1498,2,264132,0,2,1,0,0,0,0,75.0,1506,0,5,0,20,RL,Lvl,Inside,Somerst,Norm,1Fam,1Story,Gable,CompShg,VinylSd,VinylSd,Stone,PConc,GasA,Y,Attchd,,New,Partial,IR1,Gtl,Gd,TA,Gd,TA,No,Unf,Unf,Ex,SBrkr,Ex,Typ,Gd,Fin,TA,Y,,
0,0,1,0,7,42.0,0,2,980,10421,394,66,1,22,586,3,196500,156,2,1,500,734,0,228,80.0,1714,0,5,0,60,RL,Lvl,Inside,NWAmes,Norm,1Fam,2Story,Gable,CompShg,HdBoard,HdBoard,BrkFace,CBlock,GasA,Y,Attchd,Shed,WD,Normal,Reg,Gtl,TA,TA,Gd,TA,No,GLQ,Unf,TA,SBrkr,TA,Typ,TA,Unf,TA,Y,,MnPrv
0,0,0,1,6,0.0,0,1,983,12508,660,0,1,68,323,4,160000,156,2,0,1300,767,0,245,75.0,1750,0,7,0,50,RL,Lvl,Inside,Mitchel,Norm,1Fam,1.5Fin,Gable,CompShg,VinylSd,VinylSd,,CBlock,GasA,Y,Attchd,Shed,WD,Normal,IR1,Gtl,TA,TA,Gd,TA,Mn,ALQ,Unf,Ex,SBrkr,TA,Mod,,Unf,TA,Y,,
0,0,0,0,7,0.0,0,2,1860,9100,24,33,1,2,1836,3,216837,0,2,1,0,0,0,120,70.0,1836,0,5,0,20,RL,Lvl,Inside,CollgCr,Norm,1Fam,1Story,Hip,CompShg,VinylSd,VinylSd,,PConc,GasA,Y,Attchd,,WD,Normal,Reg,Gtl,Gd,TA,Gd,TA,No,GLQ,Unf,Ex,SBrkr,Gd,Typ,Gd,Fin,TA,Y,,
0,0,1,1,8,603.0,0,3,1650,53504,1416,36,1,7,234,4,538000,0,3,1,0,1589,210,503,47.0,3279,0,5,0,60,RL,HLS,CulDSac,StoneBr,Norm,1Fam,2Story,Hip,CompShg,CemntBd,Wd Shng,BrkFace,PConc,GasA,Y,BuiltIn,,WD,Normal,IR2,Mod,Ex,TA,Gd,TA,Gd,ALQ,Unf,Ex,SBrkr,Ex,Mod,Gd,Fin,TA,Y,,
0,0,0,1,5,0.0,0,2,858,7252,685,0,1,27,173,2,134900,0,1,0,0,0,0,120,70.0,858,0,5,0,85,RL,Lvl,CulDSac,Sawyer,Norm,1Fam,SFoyer,Hip,CompShg,Wd Sdng,Wd Sdng,,CBlock,GasA,Y,Detchd,,WD,Normal,IR1,Gtl,TA,TA,Gd,TA,Av,GLQ,Unf,TA,SBrkr,TA,Typ,,Unf,TA,Y,,
0,0,0,0,4,0.0,0,2,836,8877,836,0,1,55,0,2,102000,0,1,0,0,0,0,0,67.0,1220,0,5,0,20,RL,Lvl,Inside,Edwards,Norm,1Fam,1Story,Gable,CompShg,Wd Sdng,Wd Sdng,,CBlock,GasA,Y,Detchd,,COD,Normal,Reg,Gtl,TA,TA,Fa,Fa,No,LwQ,Unf,TA,FuseF,TA,Typ,,Unf,TA,Y,,
0,127,0,1,6,0.0,0,2,1029,7819,422,0,1,34,480,3,107000,0,1,1,0,0,0,144,94.0,1117,0,5,0,80,RL,Lvl,Inside,Edwards,Norm,1Fam,SLvl,Gable,CompShg,Plywood,Plywood,,CBlock,GasA,Y,Detchd,,WD,Abnorml,Reg,Gtl,TA,TA,TA,TA,Av,ALQ,BLQ,TA,SBrkr,TA,Typ,TA,Unf,TA,Y,,MnPrv
0,0,0,0,5,1.0,0,1,912,10150,456,0,1,49,456,2,114500,0,1,0,0,0,0,0,70.0,912,0,5,0,20,RL,Lvl,Inside,NAmes,Feedr,1Fam,1Story,Gable,CompShg,Wd Sdng,Wd Sdng,,CBlock,GasA,Y,Attchd,,COD,Normal,Reg,Gtl,TA,TA,TA,TA,No,Rec,Unf,Ex,FuseA,TA,Typ,,RFn,TA,Y,,
0,0,0,0,8,375.0,0,3,1935,14226,0,45,1,1,1935,3,395000,0,2,1,0,0,0,315,110.0,1973,0,5,0,20,RL,Lvl,Corner,NridgHt,Norm,1Fam,1Story,Hip,CompShg,VinylSd,VinylSd,BrkFace,PConc,GasA,Y,Attchd,,New,Partial,Reg,Gtl,Gd,TA,Gd,TA,Av,Unf,Unf,Gd,SBrkr,Gd,Typ,Gd,Fin,TA,Y,,
0,0,0,1,6,320.0,0,2,1204,4500,866,247,1,11,338,2,162000,0,2,0,0,0,0,0,32.0,1204,0,5,0,120,RM,Lvl,FR2,Mitchel,Norm,TwnhsE,1Story,Hip,CompShg,VinylSd,VinylSd,BrkFace,PConc,GasA,Y,Attchd,,WD,Normal,Reg,Gtl,TA,TA,Ex,TA,No,GLQ,Unf,Ex,SBrkr,TA,Typ,,Fin,TA,Y,,
0,0,0,0,7,240.0,0,3,1614,11210,20,59,1,1,1594,3,221500,0,2,0,0,0,0,144,86.0,1614,0,5,0,20,RL,Lvl,Inside,CollgCr,Norm,1Fam,1Story,Gable,CompShg,VinylSd,VinylSd,BrkFace,PConc,GasA,Y,Attchd,,New,Partial,IR1,Gtl,Gd,TA,Gd,TA,Av,GLQ,Unf,Ex,SBrkr,Gd,Typ,,RFn,TA,Y,,
0,0,0,1,5,0.0,0,2,864,13350,762,0,1,32,102,3,142500,0,1,1,0,0,0,241,100.0,894,0,5,0,20,RL,Lvl,Inside,Sawyer,Norm,1Fam,1Story,Hip,CompShg,HdBoard,Plywood,,CBlock,GasA,Y,Attchd,,WD,Normal,IR1,Gtl,TA,TA,TA,TA,No,ALQ,Unf,TA,SBrkr,TA,Typ,Fa,Unf,TA,Y,,MnPrv
0,0,0,0,5,320.0,0,2,0,8400,0,0,2,30,0,4,144000,0,2,2,0,0,0,0,60.0,2020,0,5,0,90,RH,Lvl,Inside,SawyerW,Feedr,Duplex,1Story,Gable,CompShg,Plywood,Plywood,BrkFace,Slab,GasA,Y,Detchd,,WD,Normal,Reg,Gtl,TA,TA,,,,,,TA,SBrkr,TA,Typ,TA,Unf,TA,Y,,
0,0,0,1,6,90.0,0,2,975,10530,975,0,1,29,0,2,135000,0,1,0,0,0,0,0,78.0,1004,0,5,0,90,RL,Lvl,Inside,Mitchel,Norm,Duplex,SFoyer,Gable,CompShg,Plywood,ImStucc,BrkFace,CBlock,GasA,Y,Attchd,,WD,Normal,Reg,Gtl,TA,TA,Gd,TA,Gd,GLQ,Unf,TA,SBrkr,TA,Typ,,Unf,TA,Y,,
0,0,0,0,7,38.0,0,2,1237,7875,0,21,1,12,1237,3,176000,0,2,1,0,0,0,220,63.0,1253,0,5,0,20,RL,Lvl,Inside,Gilbert,Norm,1Fam,1Story,Gable,CompShg,HdBoard,HdBoard,BrkFace,PConc,GasA,Y,Attchd,,WD,Normal,Reg,Gtl,TA,TA,Gd,Gd,No,Unf,Unf,Gd,SBrkr,TA,Typ,TA,Fin,TA,Y,,
0,0,1,0,6,0.0,0,2,761,7153,387,124,1,14,374,3,175900,0,2,0,0,793,0,0,65.0,1603,0,5,0,60,RL,Lvl,Inside,SawyerW,Norm,1Fam,2Story,Gable,CompShg,VinylSd,VinylSd,,PConc,GasA,Y,Attchd,,WD,Normal,Reg,Gtl,Gd,Gd,Gd,TA,No,ALQ,Unf,Ex,SBrkr,Gd,Typ,,RFn,TA,Y,,
0,0,0,0,7,0.0,0,2,1413,16285,0,33,1,8,1413,3,187100,0,2,0,0,0,0,0,67.0,1430,0,5,0,20,RL,Lvl,Inside,CollgCr,Norm,1Fam,1Story,Gable,CompShg,VinylSd,VinylSd,,PConc,GasA,Y,Attchd,,WD,Normal,IR2,Gtl,Gd,TA,Gd,TA,No,Unf,Unf,Ex,SBrkr,Gd,Typ,,RFn,TA,Y,,
0,0,0,1,5,104.0,0,2,1097,9101,1097,30,1,31,0,1,165500,0,1,1,0,0,0,303,70.0,1110,0,6,0,85,RL,Lvl,Corner,Mitchel,Norm,1Fam,SFoyer,Gable,CompShg,Plywood,Plywood,BrkFace,PConc,GasA,Y,Attchd,,WD,Normal,IR1,Gtl,TA,Gd,Gd,TA,Av,GLQ,Unf,Ex,SBrkr,Gd,Typ,TA,Fin,TA,Y,,
0,0,0,0,6,0.0,0,0,742,6300,0,291,1,94,742,3,128000,134,2,1,0,742,0,0,35.0,1484,0,6,0,75,RM,Lvl,Inside,OldTown,Norm,1Fam,2.5Unf,Gable,CompShg,Wd Sdng,Wd Shng,,CBlock,GasA,Y,,,WD,Normal,Reg,Gtl,TA,TA,TA,TA,No,Unf,Unf,Ex,SBrkr,TA,Typ,Gd,,,Y,,
0,630,0,0,6,0.0,0,2,1372,9790,251,0,1,42,491,3,161500,0,2,1,0,0,197,0,70.0,1342,0,5,0,20,RL,Lvl,Inside,NWAmes,Feedr,1Fam,1Story,Gable,CompShg,BrkFace,Wd Sdng,,CBlock,GasA,Y,Attchd,,WD,Normal,Reg,Gtl,TA,TA,TA,TA,No,Rec,LwQ,TA,SBrkr,TA,Typ,Gd,Unf,TA,Y,,
0,0,0,1,5,0.0,0,1,686,10800,686,0,1,95,0,4,139000,196,2,0,1200,686,0,0,60.0,1652,0,6,0,50,RM,Lvl,Inside,OldTown,Artery,1Fam,1.5Fin,Gable,CompShg,MetalSd,MetalSd,,PConc,GasA,Y,Detchd,Shed,WD,Normal,Reg,Gtl,TA,Gd,Fa,TA,No,LwQ,Unf,TA,SBrkr,TA,Typ,,Unf,TA,Y,,
0,0,1,1,7,0.0,0,2,956,10142,656,45,1,6,300,4,233000,0,2,0,0,1128,0,0,76.0,2084,0,5,0,60,RL,Lvl,Inside,SawyerW,Norm,1Fam,2Story,Gable,CompShg,VinylSd,VinylSd,,PConc,GasA,Y,BuiltIn,,WD,Normal,IR1,Gtl,Gd,TA,Gd,TA,No,GLQ,Unf,Ex,SBrkr,Gd,Typ,,RFn,TA,Y,,
0,0,0,0,4,0.0,0,1,901,6000,0,0,1,54,901,2,107900,0,1,0,0,0,0,0,50.0,901,0,7,0,20,RM,Lvl,Corner,OldTown,Norm,1Fam,1Story,Gable,CompShg,MetalSd,MetalSd,,CBlock,GasA,Y,Detchd,,WD,Normal,Reg,Gtl,TA,TA,TA,TA,No,Unf,Unf,Ex,SBrkr,TA,Typ,,Unf,Fa,Y,,
0,0,1,0,6,157.0,0,2,832,12205,568,168,1,41,264,5,187500,0,2,0,0,1111,0,133,70.0,2087,0,8,0,60,RL,Low,Inside,ClearCr,Norm,1Fam,2Story,Gable,CompShg,HdBoard,HdBoard,BrkFace,CBlock,GasA,Y,Attchd,,WD,Normal,IR1,Gtl,TA,TA,TA,Fa,Gd,LwQ,Unf,Gd,SBrkr,Gd,Typ,,Fin,TA,Y,,
0,0,0,0,7,11.0,0,2,1145,3182,16,16,1,4,1129,2,160200,0,2,1,0,0,0,100,43.0,1145,0,5,0,120,RL,Lvl,Inside,Blmngtn,Norm,TwnhsE,1Story,Gable,CompShg,VinylSd,VinylSd,BrkFace,PConc,GasA,Y,Attchd,,WD,Normal,Reg,Gtl,Gd,TA,Gd,TA,No,GLQ,Unf,Ex,SBrkr,Gd,Typ,Gd,Fin,TA,Y,,
0,0,0,1,6,0.0,0,2,1029,11333,539,0,1,31,490,3,146800,0,1,2,0,0,0,120,70.0,1062,0,5,0,80,RL,Lvl,Corner,Mitchel,Norm,1Fam,SLvl,Gable,CompShg,HdBoard,HdBoard,,PConc,GasA,Y,Attchd,,WD,Normal,IR1,Gtl,TA,TA,Gd,TA,Av,ALQ,Unf,TA,SBrkr,TA,Typ,TA,RFn,TA,Y,,
0,0,1,1,7,0.0,0,2,1117,9920,862,130,1,11,255,3,269790,0,2,1,0,886,0,180,92.0,2013,0,5,0,60,RL,Lvl,CulDSac,NoRidge,Norm,1Fam,2Story,Gable,CompShg,MetalSd,MetalSd,,PConc,GasA,Y,Attchd,,WD,Normal,IR1,Gtl,Gd,TA,Gd,TA,Av,GLQ,Unf,Ex,SBrkr,TA,Typ,TA,Unf,TA,Y,,
0,0,0,0,8,140.0,0,2,1496,9158,0,130,1,0,1496,3,225000,0,2,0,0,0,0,168,76.0,1496,0,5,0,20,RL,Lvl,Inside,Somerst,Norm,1Fam,1Story,Gable,CompShg,CemntBd,CmentBd,Stone,PConc,GasA,Y,Attchd,,New,Partial,Reg,Gtl,Gd,TA,Gd,TA,Av,Unf,Unf,Ex,SBrkr,Gd,Typ,,Fin,TA,Y,,
0,0,1,0,7,0.0,0,2,712,10832,0,46,1,14,712,3,194500,0,2,1,500,809,0,143,70.0,1895,0,5,0,60,RL,Lvl,Corner,Gilbert,Norm,1Fam,2Story,Gable,CompShg,MetalSd,MetalSd,,PConc,GasA,Y,Attchd,Shed,WD,Normal,IR1,Gtl,Gd,TA,Gd,TA,No,Unf,Unf,Ex,SBrkr,Gd,Typ,TA,Fin,TA,Y,,
0,0,1,0,6,130.0,0,2,650,8400,0,50,1,30,650,3,171000,0,2,1,0,676,204,0,70.0,1564,0,6,0,60,RL,Lvl,Inside,SawyerW,Norm,1Fam,2Story,Gable,CompShg,HdBoard,HdBoard,BrkFace,CBlock,GasA,Y,Attchd,,WD,Normal,Reg,Gtl,TA,TA,Gd,TA,No,Unf,Unf,TA,SBrkr,TA,Typ,TA,Unf,TA,Y,,MnPrv
0,0,1,0,6,148.0,0,2,660,8197,0,0,1,30,660,3,143500,0,1,1,0,0,0,138,71.0,1285,0,5,0,20,RL,Lvl,Inside,Sawyer,Norm,1Fam,1Story,Gable,CompShg,Plywood,Plywood,BrkFace,CBlock,GasA,Y,Attchd,,WD,Normal,Reg,Gtl,TA,TA,TA,TA,No,Unf,Unf,Ex,SBrkr,TA,Typ,TA,RFn,TA,Y,,MnPrv
0,0,0,0,5,0.0,0,1,773,7677,570,0,1,55,203,2,110000,0,1,0,0,0,0,0,57.0,773,0,5,0,20,RL,Lvl,Inside,NAmes,Norm,1Fam,1Story,Gable,CompShg,VinylSd,VinylSd,,CBlock,GasA,Y,Attchd,,WD,Abnorml,Reg,Gtl,TA,TA,TA,TA,No,BLQ,Unf,Gd,SBrkr,TA,Typ,,Unf,TA,Y,,
0,0,1,0,9,860.0,0,3,1926,13518,0,78,1,1,1926,4,485000,0,3,2,0,1174,0,144,104.0,3140,0,5,0,60,RL,Lvl,Inside,NridgHt,Norm,1Fam,2Story,Hip,CompShg,VinylSd,VinylSd,Stone,PConc,GasA,Y,BuiltIn,,New,Partial,Reg,Gtl,Ex,TA,Ex,TA,No,Unf,Unf,Ex,SBrkr,Ex,Typ,Gd,Fin,TA,Y,,
0,0,1,1,5,252.0,0,1,731,7200,569,0,1,70,162,3,175000,264,1,2,0,787,0,0,60.0,1768,0,7,0,50,RL,Lvl,Corner,SWISU,Feedr,1Fam,1.5Fin,Gable,CompShg,Wd Sdng,Wd Sdng,BrkFace,BrkTil,GasA,Y,Detchd,,WD,Normal,Reg,Gtl,TA,TA,Gd,TA,No,ALQ,Unf,Ex,SBrkr,Gd,Typ,TA,Unf,TA,Y,,MnPrv
0,0,1,1,6,0.0,0,2,616,12798,462,114,1,11,154,4,200000,185,2,0,400,1072,0,403,79.0,1688,0,5,0,60,RL,HLS,Inside,ClearCr,Feedr,1Fam,2Story,Gable,CompShg,VinylSd,VinylSd,,PConc,GasA,Y,Attchd,Shed,WD,Normal,IR1,Mod,TA,TA,Gd,TA,Gd,GLQ,Unf,Gd,SBrkr,Gd,Typ,,RFn,TA,Y,,
0,0,0,1,4,0.0,0,2,1196,4800,197,0,1,91,999,2,109900,0,1,0,0,0,0,0,40.0,1196,0,7,0,30,RM,Lvl,Inside,IDOTRR,Norm,1Fam,1Story,Gable,CompShg,MetalSd,MetalSd,,CBlock,GasA,Y,Detchd,,WD,Normal,Reg,Gtl,TA,TA,TA,TA,No,LwQ,Unf,Ex,FuseA,TA,Typ,,Unf,TA,Y,,
0,0,1,1,7,0.0,0,2,728,8199,648,18,1,3,80,3,189000,0,2,1,0,728,0,36,63.0,1456,0,5,0,60,RL,Lvl,Inside,CollgCr,Norm,1Fam,2Story,Gable,CompShg,WdShing,Wd Shng,,PConc,GasA,Y,Attchd,,WD,Normal,Reg,Gtl,Gd,TA,Gd,TA,Av,GLQ,Unf,Ex,SBrkr,Gd,Typ,Gd,Fin,TA,Y,,
0,0,1,0,9,424.0,0,3,1734,13891,0,170,1,1,1734,4,582933,0,3,1,0,1088,192,52,107.0,2822,0,5,0,60,RL,Lvl,Inside,NridgHt,Norm,1Fam,2Story,Hip,CompShg,VinylSd,VinylSd,Stone,PConc,GasA,Y,BuiltIn,,New,Partial,Reg,Gtl,Ex,TA,Ex,TA,Gd,Unf,Unf,Ex,SBrkr,Ex,Typ,Gd,RFn,TA,Y,,
0,0,0,0,5,0.0,0,1,936,9000,812,0,1,52,124,2,118000,0,1,0,0,0,0,0,75.0,1128,0,5,0,20,RL,Lvl,Inside,NAmes,Norm,1Fam,1Story,Gable,CompShg,Wd Sdng,Wd Sdng,,CBlock,GasA,Y,Attchd,,WD,Family,Reg,Gtl,TA,TA,TA,TA,No,LwQ,Unf,TA,SBrkr,TA,Min1,,Unf,TA,Y,,GdWo
0,0,0,0,7,256.0,0,2,1417,12274,0,60,1,0,1417,3,227680,0,2,0,0,0,0,0,91.0,1428,0,5,0,20,RL,Lvl,FR2,Somerst,Norm,1Fam,1Story,Gable,CompShg,VinylSd,VinylSd,Stone,PConc,GasA,Y,Attchd,,New,Partial,IR1,Gtl,Gd,TA,Gd,TA,No,Unf,Unf,Ex,SBrkr,Ex,Typ,,RFn,TA,Y,,
0,480,0,0,5,0.0,0,1,980,9750,400,0,1,39,100,3,135500,0,2,0,0,0,0,68,75.0,980,0,5,0,80,RL,Lvl,Inside,NAmes,Norm,1Fam,SLvl,Gable,CompShg,VinylSd,VinylSd,,PConc,GasA,Y,Attchd,,WD,Normal,Reg,Gtl,TA,TA,TA,TA,Av,ALQ,Rec,Gd,SBrkr,TA,Typ,,Fin,TA,Y,,
0,0,1,2,5,0.0,0,2,1324,21384,1309,312,1,86,15,3,223500,0,1,1,0,504,0,0,144.0,1576,0,6,0,70,RL,Lvl,Inside,BrkSide,Norm,1Fam,2Story,Gable,CompShg,Wd Sdng,Wd Sdng,,CBlock,GasA,Y,Attchd,,WD,Normal,Reg,Gtl,TA,TA,TA,TA,Gd,GLQ,Unf,Ex,SBrkr,Gd,Typ,TA,RFn,TA,Y,,
0,128,0,1,5,1047.0,0,2,1024,13400,516,0,1,40,380,3,159950,0,1,1,0,0,0,0,85.0,1086,0,5,0,80,RL,Lvl,Inside,NAmes,Norm,1Fam,SLvl,Gable,CompShg,VinylSd,VinylSd,BrkFace,CBlock,GasA,Y,Attchd,,WD,Normal,Reg,Gtl,TA,TA,TA,TA,Av,ALQ,BLQ,TA,SBrkr,TA,Typ,Gd,RFn,TA,Y,,GdWo
0,0,0,0,5,0.0,0,2,849,8100,0,156,3,111,849,2,106000,0,2,0,0,1063,0,40,90.0,2138,0,5,0,75,RM,Lvl,Corner,OldTown,Norm,1Fam,2.5Unf,Hip,CompShg,AsbShng,AsbShng,,PConc,GasA,N,Detchd,,WD,Normal,Reg,Gtl,TA,TA,TA,TA,No,Unf,Unf,TA,FuseA,TA,Typ,,Unf,Fa,N,,MnPrv
0,377,1,1,6,99.0,0,2,1040,10140,663,0,1,32,0,3,181000,0,1,1,0,0,0,265,78.0,1309,0,6,648,20,RL,Lvl,Inside,NWAmes,Norm,1Fam,1Story,Hip,CompShg,HdBoard,HdBoard,BrkFace,CBlock,GasA,Y,Attchd,,WD,Normal,Reg,Gtl,TA,TA,TA,TA,No,ALQ,LwQ,Fa,SBrkr,Gd,Typ,Fa,RFn,TA,Y,Fa,GdPrv
0,0,0,1,6,169.0,0,2,848,4438,662,0,1,4,186,1,144500,0,1,1,0,0,0,140,70.0,848,0,5,0,120,RM,Lvl,Inside,CollgCr,Norm,TwnhsE,1Story,Gable,CompShg,VinylSd,VinylSd,BrkFace,PConc,GasA,Y,Attchd,,ConLD,Normal,Reg,Gtl,Gd,TA,Gd,TA,Gd,GLQ,Unf,Ex,SBrkr,Gd,Typ,Gd,Fin,TA,Y,,
0,0,0,0,5,0.0,0,2,540,8712,0,0,1,58,540,2,55993,0,1,0,54,0,0,0,66.0,1044,0,5,0,20,C (all),Bnk,Inside,IDOTRR,Norm,1Fam,1Story,Hip,CompShg,Wd Sdng,Wd Sdng,,CBlock,GasA,N,Basment,Shed,WD,Alloca,Reg,Mod,Fa,TA,TA,TA,Av,Unf,Unf,TA,FuseA,Fa,Typ,,Unf,TA,N,,
0,0,1,0,6,243.0,0,1,1442,9750,608,0,1,49,834,4,157900,275,1,0,500,0,0,0,75.0,1442,0,6,0,20,RL,Lvl,Inside,NAmes,Norm,1Fam,1Story,Gable,CompShg,MetalSd,MetalSd,BrkFace,CBlock,GasA,Y,Attchd,Shed,COD,Normal,Reg,Gtl,TA,TA,TA,TA,No,Rec,Unf,Gd,SBrkr,TA,Typ,,RFn,TA,Y,,
1,0,1,0,5,0.0,0,1,686,8248,0,0,1,88,686,3,116000,96,1,0,0,564,0,207,45.0,1250,0,7,0,50,RL,Lvl,Inside,Edwards,Norm,1Fam,1.5Fin,Gable,CompShg,Stucco,Stucco,,BrkTil,GasW,Y,Detchd,,WD,Normal,Reg,Gtl,TA,TA,TA,TA,No,Unf,Unf,Gd,SBrkr,Fa,Typ,,Unf,TA,P,,
0,0,0,0,7,442.0,0,2,1649,12137,0,34,1,12,1649,3,224900,0,2,0,0,0,0,0,48.0,1661,0,5,0,20,RL,Lvl,CulDSac,CollgCr,Norm,1Fam,1Story,Gable,CompShg,VinylSd,VinylSd,BrkFace,PConc,GasA,Y,Attchd,,WD,Normal,IR2,Gtl,TA,TA,Gd,TA,No,Unf,Unf,Ex,SBrkr,Gd,Typ,,RFn,TA,Y,,
0,0,0,0,5,0.0,0,1,1008,11425,486,0,1,52,522,2,137000,120,1,1,0,0,0,0,70.0,1008,0,6,0,20,RL,Lvl,Corner,NAmes,Norm,1Fam,1Story,Gable,CompShg,BrkFace,BrkFace,,CBlock,GasA,Y,Attchd,,WD,Normal,IR1,Gtl,TA,TA,TA,TA,No,BLQ,Unf,Gd,SBrkr,TA,Typ,Gd,RFn,TA,Y,,
0,0,0,1,8,148.0,0,3,1568,13265,1218,59,1,6,350,3,271000,0,2,2,0,0,0,150,70.0,1689,0,5,0,20,RL,Lvl,CulDSac,Mitchel,Norm,1Fam,1Story,Hip,CompShg,CemntBd,CmentBd,BrkFace,PConc,GasA,Y,Attchd,,WD,Normal,IR1,Gtl,Gd,TA,Gd,TA,No,GLQ,Unf,Ex,SBrkr,Gd,Typ,Gd,RFn,TA,Y,,
0,0,0,1,6,80.0,0,2,1010,8816,504,0,1,39,506,3,155000,0,1,0,0,0,0,0,80.0,1052,0,7,0,80,RL,Lvl,Inside,ClearCr,Norm,1Fam,SLvl,Gable,CompShg,HdBoard,HdBoard,BrkFace,CBlock,GasA,Y,Attchd,,WD,Normal,Reg,Gtl,TA,TA,TA,TA,Av,GLQ,Unf,Gd,SBrkr,TA,Typ,,Unf,TA,Y,,MnPrv
0,0,0,1,7,128.0,0,2,1358,6371,733,35,1,1,625,2,224000,0,2,1,0,0,0,192,44.0,1358,0,5,0,120,RL,Lvl,Inside,NridgHt,Norm,TwnhsE,1Story,Gable,CompShg,VinylSd,VinylSd,Stone,PConc,GasA,Y,Attchd,,New,Partial,IR1,Gtl,Gd,TA,Gd,TA,Mn,GLQ,Unf,Ex,SBrkr,Gd,Typ,Gd,RFn,TA,Y,,
0,0,1,0,7,0.0,0,2,798,7226,0,45,1,5,798,3,183000,0,2,0,0,842,0,0,72.0,1640,0,5,0,60,RL,Lvl,CulDSac,CollgCr,Norm,1Fam,2Story,Gable,CompShg,VinylSd,VinylSd,,PConc,GasA,Y,Attchd,,WD,Normal,IR1,Gtl,Gd,TA,Gd,TA,No,Unf,Unf,Ex,SBrkr,Gd,Typ,,RFn,TA,Y,,
0,0,0,0,4,0.0,0,2,936,6000,0,32,1,56,936,2,93000,112,1,0,0,0,0,0,60.0,936,0,4,0,20,RM,Bnk,Inside,OldTown,Norm,2fmCon,1Story,Gable,CompShg,MetalSd,MetalSd,,CBlock,GasA,N,Detchd,,WD,Normal,Reg,Mod,Fa,TA,Fa,TA,No,Unf,Unf,TA,SBrkr,TA,Min2,,Unf,TA,Y,,
0,0,1,0,7,0.0,0,2,847,12394,0,48,1,4,847,3,225000,0,2,1,0,886,0,100,70.0,1733,0,5,0,60,RL,Lvl,Corner,Gilbert,Norm,1Fam,2Story,Gable,CompShg,VinylSd,VinylSd,,PConc,GasA,Y,BuiltIn,,WD,Family,IR1,Gtl,Gd,TA,Gd,TA,Gd,Unf,Unf,Ex,SBrkr,Gd,Typ,Gd,Fin,TA,Y,,
0,0,0,0,6,0.0,0,1,778,9900,0,0,1,69,778,3,139500,0,2,1,0,545,0,335,60.0,1489,0,7,0,50,RL,Lvl,Inside,SWISU,Norm,1Fam,1.5Fin,Gable,CompShg,VinylSd,VinylSd,,BrkTil,GasA,Y,Detchd,,WD,Normal,Reg,Gtl,TA,TA,TA,TA,No,Unf,Unf,TA,SBrkr,TA,Typ,Gd,Unf,TA,Y,,GdWo
0,0,0,0,8,0.0,0,2,1489,11216,0,140,1,0,1489,3,232600,0,2,1,0,0,0,0,81.0,1489,0,5,0,20,FV,Lvl,Inside,Somerst,Norm,1Fam,1Story,Gable,CompShg,VinylSd,VinylSd,,PConc,GasA,Y,Attchd,,New,Partial,Reg,Gtl,Gd,TA,Gd,Gd,No,Unf,Unf,Ex,SBrkr,Gd,Typ,Gd,RFn,TA,Y,,
0,0,0,1,10,816.0,0,3,2078,14803,1636,45,1,1,442,2,385000,0,2,1,0,0,0,188,114.0,2084,0,5,0,20,RL,Lvl,Inside,NridgHt,PosN,1Fam,1Story,Hip,CompShg,CemntBd,CmentBd,BrkFace,PConc,GasA,Y,Attchd,,New,Partial,Reg,Gtl,Ex,TA,Ex,TA,Av,GLQ,Unf,Ex,SBrkr,Ex,Typ,Gd,Fin,TA,Y,,
0,0,0,1,5,0.0,0,0,784,6130,784,0,1,84,0,2,109500,116,1,0,0,0,0,0,50.0,784,0,6,0,45,RM,Lvl,Inside,BrkSide,Norm,1Fam,1.5Unf,Gable,CompShg,MetalSd,MetalSd,,BrkTil,GasA,Y,,,WD,Normal,Reg,Gtl,TA,TA,TA,TA,No,ALQ,Unf,Gd,SBrkr,Gd,Typ,,,,Y,,
0,0,0,0,7,0.0,0,2,1454,8529,20,39,1,8,1434,3,189000,0,2,1,0,0,0,290,65.0,1434,0,5,0,20,RL,Lvl,Inside,SawyerW,Norm,1Fam,1Story,Gable,CompShg,VinylSd,VinylSd,,PConc,GasA,Y,Attchd,,WD,Normal,IR1,Gtl,Gd,TA,Gd,TA,No,GLQ,Unf,Ex,SBrkr,Gd,Typ,TA,RFn,TA,Y,,
1,764,1,0,5,0.0,0,2,1013,28698,249,0,1,42,0,3,185000,0,2,0,0,966,225,486,70.0,2126,0,5,0,60,RL,Low,CulDSac,ClearCr,Norm,1Fam,2Story,Flat,Tar&Grv,Plywood,Plywood,,PConc,GasA,Y,Attchd,,WD,Abnorml,IR2,Sev,TA,TA,TA,Gd,Gd,LwQ,ALQ,TA,SBrkr,TA,Min2,,Fin,TA,Y,,
0,0,1,0,7,0.0,80,2,600,2544,0,166,1,1,600,2,147400,0,2,0,0,623,0,0,24.0,1223,0,5,0,160,FV,Lvl,Inside,Somerst,Norm,Twnhs,2Story,Gable,CompShg,MetalSd,MetalSd,,PConc,GasA,Y,Detchd,,WD,Normal,Reg,Gtl,Gd,TA,Gd,TA,No,Unf,Unf,Ex,SBrkr,Gd,Typ,,RFn,TA,Y,,
0,0,1,1,6,387.0,0,2,1392,11900,1040,0,1,51,352,3,166000,0,1,2,0,0,192,0,80.0,1392,0,5,0,20,RL,Lvl,Corner,NAmes,Norm,1Fam,1Story,Gable,CompShg,HdBoard,HdBoard,BrkFace,CBlock,GasA,Y,Attchd,,WD,Normal,IR1,Gtl,TA,TA,TA,TA,No,Rec,Unf,TA,FuseA,TA,Typ,Gd,RFn,TA,Y,,
0,0,1,0,7,0.0,80,2,600,3180,0,166,1,1,600,2,151000,0,2,0,0,600,0,0,30.0,1200,0,5,0,160,FV,Lvl,Inside,Somerst,Norm,TwnhsE,2Story,Gable,CompShg,MetalSd,MetalSd,,PConc,GasA,Y,Detchd,,WD,Normal,Reg,Gtl,TA,TA,Gd,TA,No,Unf,Unf,Ex,SBrkr,Gd,Typ,,RFn,TA,Y,,
0,0,1,1,7,223.0,0,2,941,9548,483,39,1,7,458,3,237000,0,2,1,0,888,0,192,44.0,1829,0,6,0,60,RL,Lvl,CulDSac,CollgCr,Norm,1Fam,2Story,Gable,CompShg,VinylSd,VinylSd,BrkFace,PConc,GasA,Y,Attchd,,WD,Normal,IR1,Gtl,Gd,TA,Gd,TA,No,GLQ,Unf,Ex,SBrkr,Gd,Typ,TA,RFn,TA,Y,,
0,345,1,0,6,180.0,0,2,1516,10004,196,0,1,45,975,3,167000,0,1,0,0,0,152,0,100.0,1516,0,6,0,20,RL,Lvl,Inside,NAmes,Norm,1Fam,1Story,Gable,CompShg,HdBoard,Plywood,BrkFace,CBlock,GasA,Y,Attchd,,WD,Normal,Reg,Gtl,TA,TA,TA,TA,No,Rec,BLQ,TA,SBrkr,TA,Typ,,RFn,TA,Y,,
0,0,0,1,5,136.0,0,2,1144,7875,572,0,1,47,572,3,139950,0,1,0,0,0,0,0,75.0,1144,0,6,0,20,RL,Lvl,Inside,NAmes,Norm,1Fam,1Story,Gable,CompShg,VinylSd,VinylSd,BrkFace,CBlock,GasA,Y,Attchd,,WD,Normal,Reg,Gtl,TA,TA,TA,TA,No,Rec,Unf,Gd,SBrkr,TA,Typ,,Unf,TA,Y,,GdWo
0,0,0,0,4,0.0,0,2,1067,9600,442,0,1,60,625,2,128000,0,2,0,0,0,0,290,60.0,1067,0,7,0,20,RL,Lvl,Inside,Sawyer,Norm,1Fam,1Story,Gable,CompShg,VinylSd,HdBoard,,CBlock,GasA,Y,Attchd,,WD,Normal,Reg,Gtl,TA,TA,Gd,TA,No,BLQ,Unf,TA,SBrkr,Gd,Min2,,Unf,TA,Y,,
0,0,0,1,5,0.0,0,2,1559,8100,338,116,1,59,1221,2,153500,230,1,0,0,0,0,0,90.0,1559,0,6,0,30,RM,Lvl,Inside,OldTown,Norm,1Fam,1Story,Gable,CompShg,VinylSd,VinylSd,,BrkTil,GasA,Y,Detchd,,COD,Normal,Reg,Gtl,TA,TA,TA,TA,No,Rec,Unf,Gd,SBrkr,TA,Min2,,Unf,TA,Y,,GdWo
0,0,1,1,6,158.0,0,1,483,1680,330,0,1,35,153,2,100000,0,1,0,0,504,0,0,21.0,987,0,5,0,160,RM,Lvl,Inside,BrDale,Norm,Twnhs,2Story,Gable,CompShg,HdBoard,HdBoard,BrkFace,CBlock,GasA,Y,Detchd,,WD,Normal,Reg,Gtl,TA,TA,TA,TA,No,BLQ,Unf,TA,SBrkr,TA,Typ,,Unf,TA,Y,,
0,0,1,0,5,0.0,0,1,1099,9525,0,0,1,13,1099,3,144000,0,1,0,0,0,0,278,75.0,1099,0,6,0,20,RL,Lvl,Inside,CollgCr,Norm,1Fam,1Story,Gable,CompShg,VinylSd,VinylSd,,PConc,GasA,Y,Attchd,,WD,Normal,Reg,Gtl,TA,TA,Gd,TA,No,Unf,Unf,Ex,SBrkr,Gd,Typ,,Unf,TA,Y,,
0,0,0,0,5,0.0,0,1,768,11767,352,0,1,62,416,3,130500,0,1,0,0,432,0,0,70.0,1200,0,6,0,50,RL,Lvl,Inside,Edwards,Norm,1Fam,1.5Fin,Gable,CompShg,MetalSd,MetalSd,,CBlock,GasA,Y,Detchd,,WD,Normal,Reg,Gtl,TA,TA,TA,TA,No,BLQ,Unf,Ex,SBrkr,TA,Typ,,Unf,TA,Y,,
0,0,0,0,6,0.0,0,1,672,12155,156,0,1,83,516,4,140000,254,2,0,0,672,0,0,70.0,1482,0,8,0,70,RH,Lvl,Inside,SWISU,Norm,1Fam,2Story,Gable,CompShg,Wd Sdng,Wd Sdng,,BrkTil,GasA,N,Detchd,,WD,Normal,IR1,Gtl,TA,TA,TA,TA,No,BLQ,Unf,TA,SBrkr,Fa,Typ,,Unf,TA,P,,
0,0,0,0,5,0.0,0,2,650,10440,0,78,1,104,650,3,157500,68,2,1,0,581,0,70,60.0,1539,0,8,0,70,RM,Lvl,Inside,OldTown,Norm,1Fam,2Story,Gable,CompShg,MetalSd,MetalSd,,PConc,GasA,Y,Detchd,,WD,Normal,Reg,Gtl,TA,TA,TA,TA,No,Unf,Unf,Gd,SBrkr,Gd,Typ,Po,Unf,Gd,P,,
0,539,1,1,6,183.0,0,2,1127,9020,312,129,1,42,276,3,174900,0,1,0,0,0,0,0,82.0,1165,0,7,0,80,RL,Lvl,Inside,NAmes,Norm,1Fam,SLvl,Gable,CompShg,HdBoard,HdBoard,BrkFace,CBlock,GasA,Y,Attchd,,WD,Normal,Reg,Gtl,TA,TA,TA,TA,Gd,Rec,ALQ,TA,SBrkr,TA,Typ,,RFn,Gd,Y,,GdPrv
0,0,0,0,5,0.0,0,0,1800,8000,0,0,2,46,1800,6,141000,0,2,0,0,0,0,0,80.0,1800,0,4,0,90,RL,Lvl,Corner,NAmes,Artery,Duplex,1Story,Gable,CompShg,BrkFace,BrkFace,,CBlock,GasA,N,,,WD,Normal,Reg,Gtl,TA,TA,TA,TA,No,Unf,Unf,Ex,SBrkr,TA,Typ,,,,Y,,
0,0,1,0,5,0.0,0,3,876,12665,0,0,1,93,876,4,153900,194,1,1,0,540,0,418,100.0,1416,0,8,0,50,RM,Lvl,Inside,OldTown,Artery,1Fam,1.5Fin,Gable,CompShg,Wd Sdng,Wd Sdng,,BrkTil,GasA,Y,Detchd,,WD,Normal,IR1,Gtl,TA,TA,TA,TA,Mn,Unf,Unf,Gd,SBrkr,TA,Typ,Gd,Unf,TA,Y,,
0,0,0,1,5,0.0,0,2,1390,16647,1390,0,1,32,0,3,171000,0,2,2,0,0,0,0,70.0,1701,0,5,0,85,RL,Lvl,CulDSac,Sawyer,RRAe,1Fam,SFoyer,Gable,CompShg,HdBoard,HdBoard,,CBlock,GasA,Y,Basment,,WD,Normal,IR1,Gtl,TA,TA,Gd,TA,Gd,ALQ,Unf,TA,SBrkr,TA,Min2,TA,Fin,TA,Y,,
0,0,1,1,7,137.0,0,2,740,9317,513,72,1,16,227,3,213000,192,2,1,0,769,0,234,75.0,1775,0,5,0,60,RL,Lvl,Inside,SawyerW,Norm,1Fam,2Story,Gable,CompShg,HdBoard,HdBoard,BrkFace,PConc,GasA,Y,Attchd,,WD,Normal,Reg,Gtl,Gd,TA,Gd,TA,No,ALQ,Unf,Ex,SBrkr,Gd,Typ,TA,Unf,TA,Y,,
0,0,0,1,5,0.0,0,1,864,15523,460,0,1,37,404,3,133500,0,1,1,0,0,0,0,36.0,864,0,6,0,20,RL,Lvl,CulDSac,CollgCr,Norm,1Fam,1Story,Gable,CompShg,HdBoard,Plywood,,CBlock,GasA,Y,Attchd,,WD,Normal,IR1,Gtl,TA,TA,TA,TA,Av,BLQ,Unf,Ex,SBrkr,TA,Typ,Fa,Unf,TA,Y,,
0,0,0,0,6,0.0,0,2,907,45600,0,40,1,100,907,5,240000,0,3,1,0,1051,175,486,75.0,2358,0,8,0,50,RL,Bnk,Inside,ClearCr,Norm,1Fam,1.5Fin,Gable,CompShg,Wd Sdng,Wd Sdng,,BrkTil,GasA,Y,Detchd,,WD,Normal,IR2,Gtl,TA,TA,TA,TA,No,Unf,Unf,TA,SBrkr,TA,Typ,Gd,Unf,Fa,Y,,
0,0,1,0,6,360.0,0,2,528,9600,0,100,1,31,528,3,187000,0,2,1,0,761,0,113,80.0,1855,0,7,0,80,RL,Lvl,FR2,Veenker,Feedr,1Fam,SLvl,Hip,CompShg,Plywood,Plywood,BrkFace,CBlock,GasA,Y,Attchd,,WD,Normal,Reg,Gtl,Gd,Gd,TA,TA,No,Unf,Unf,Ex,SBrkr,TA,Typ,TA,RFn,TA,Y,,
0,0,0,1,6,170.0,0,2,848,4435,659,0,1,4,189,1,131500,0,1,0,0,0,0,140,36.0,848,0,5,0,120,RM,Lvl,Inside,CollgCr,Norm,TwnhsE,1Story,Gable,CompShg,VinylSd,VinylSd,BrkFace,PConc,GasA,Y,Attchd,,WD,Normal,Reg,Gtl,Gd,TA,Gd,TA,Av,GLQ,Unf,Ex,SBrkr,Gd,Typ,,Fin,TA,Y,,
0,0,0,0,8,40.0,0,2,1273,3196,0,20,1,3,1273,2,215000,0,2,1,0,0,0,143,70.0,1456,0,5,0,120,RL,Lvl,Inside,Blmngtn,Norm,TwnhsE,1Story,Gable,CompShg,VinylSd,VinylSd,BrkFace,PConc,GasA,Y,Attchd,,WD,Normal,Reg,Gtl,Gd,TA,Gd,TA,Gd,Unf,Unf,Ex,SBrkr,Gd,Typ,TA,Fin,TA,Y,,
0,0,0,0,7,0.0,0,1,918,7128,364,0,1,66,554,4,164000,0,2,2,0,728,126,0,53.0,1646,0,5,0,75,RL,Lvl,Inside,Crawfor,Norm,1Fam,2.5Unf,Gable,CompShg,MetalSd,MetalSd,,CBlock,GasA,Y,Detchd,,WD,Normal,Reg,Gtl,TA,Gd,TA,TA,No,Rec,Unf,Gd,SBrkr,TA,Typ,Gd,Unf,TA,Y,,MnPrv
0,0,1,0,6,115.0,0,2,1127,12095,564,0,1,45,563,3,158000,0,1,1,0,0,0,180,70.0,1445,0,6,0,80,RL,Lvl,Corner,NAmes,Norm,1Fam,SLvl,Gable,CompShg,MetalSd,HdBoard,BrkFace,CBlock,GasA,Y,Attchd,,WD,Normal,IR1,Gtl,TA,Gd,TA,TA,Gd,Rec,Unf,TA,SBrkr,TA,Typ,Fa,RFn,TA,Y,,MnPrv
0,1085,1,1,5,0.0,0,2,1763,17920,306,418,1,51,372,3,170000,0,1,1,0,0,312,0,102.0,1779,0,4,0,20,RL,Lvl,Inside,Sawyer,Norm,1Fam,1Story,Hip,CompShg,Wd Sdng,Plywood,,CBlock,GasA,Y,Attchd,,WD,Abnorml,Reg,Gtl,TA,TA,TA,TA,Mn,ALQ,Rec,TA,SBrkr,TA,Typ,Gd,Unf,TA,Y,,
0,0,1,1,5,0.0,0,1,1040,6897,659,104,1,48,381,3,127000,0,1,0,0,0,0,0,70.0,1040,0,8,0,20,RL,Lvl,Corner,Sawyer,Norm,1Fam,1Story,Gable,CompShg,HdBoard,HdBoard,,CBlock,GasA,Y,Detchd,,WD,Normal,IR1,Gtl,TA,Gd,TA,TA,No,ALQ,Unf,Ex,SBrkr,TA,Typ,,Unf,TA,Y,,
0,435,0,1,6,0.0,0,2,940,10970,505,0,1,30,0,3,147000,34,1,0,0,0,0,0,70.0,1026,0,6,0,80,RL,Low,Inside,CollgCr,Norm,1Fam,SLvl,Gable,CompShg,Plywood,HdBoard,,CBlock,GasA,Y,Detchd,,WD,Normal,IR1,Mod,TA,TA,Gd,Gd,Gd,GLQ,LwQ,TA,SBrkr,TA,Typ,,Unf,TA,Y,,MnPrv
0,0,1,0,6,0.0,0,2,702,8125,0,36,1,15,702,3,174000,0,2,1,0,779,0,0,65.0,1481,0,5,0,60,RL,Lvl,Inside,Gilbert,Norm,1Fam,2Story,Gable,CompShg,HdBoard,HdBoard,,PConc,GasA,Y,Attchd,,WD,Normal,Reg,Gtl,TA,TA,Gd,TA,No,Unf,Unf,Gd,SBrkr,TA,Typ,TA,Fin,TA,Y,,
0,0,0,0,7,189.0,0,2,1090,10400,0,0,1,33,1090,3,152000,0,2,1,0,0,0,0,80.0,1370,0,5,0,20,RL,Lvl,Inside,NWAmes,Norm,1Fam,1Story,Gable,CompShg,HdBoard,HdBoard,BrkFace,CBlock,GasA,Y,Attchd,,WD,Family,Reg,Gtl,TA,TA,Gd,TA,No,Unf,Unf,TA,SBrkr,TA,Typ,TA,RFn,TA,Y,,MnPrv
0,0,1,1,6,220.0,0,2,1054,11029,619,65,1,38,435,4,250000,0,2,1,0,1142,222,0,70.0,2654,0,7,0,60,RL,Lvl,Corner,NWAmes,PosA,1Fam,2Story,Gable,CompShg,HdBoard,HdBoard,BrkFace,CBlock,GasA,Y,Attchd,,WD,Normal,IR1,Gtl,TA,TA,TA,TA,Mn,BLQ,Unf,TA,SBrkr,Gd,Typ,Gd,Unf,TA,Y,,
0,0,1,0,7,0.0,0,1,912,7642,0,240,1,89,912,3,189950,0,1,1,0,514,0,0,55.0,1426,0,8,0,50,RL,Lvl,Corner,Crawfor,Norm,1Fam,1.5Fin,Gable,CompShg,Wd Sdng,Wd Sdng,,BrkTil,GasA,Y,Detchd,,WD,Normal,Reg,Gtl,Gd,TA,TA,TA,No,Unf,Unf,Gd,SBrkr,Gd,Typ,Gd,Unf,TA,Y,,GdPrv
0,0,1,1,5,0.0,0,2,1039,11625,841,0,1,45,198,3,131500,0,1,0,0,0,0,0,75.0,1039,0,4,0,190,RL,Lvl,Inside,Sawyer,Norm,2fmCon,1Story,Hip,CompShg,Plywood,HdBoard,,PConc,GasA,Y,Attchd,,WD,Normal,Reg,Gtl,TA,TA,TA,TA,Mn,BLQ,Unf,Ex,SBrkr,TA,Typ,,Unf,TA,Y,,
0,0,0,0,6,0.0,0,2,1040,9672,338,0,1,26,702,3,152000,0,2,0,0,0,0,0,81.0,1097,0,5,0,20,RL,Lvl,Corner,SawyerW,Norm,1Fam,1Story,Hip,CompShg,HdBoard,Plywood,,PConc,GasA,Y,Attchd,,WD,Normal,Reg,Gtl,TA,TA,Gd,TA,No,GLQ,Unf,TA,SBrkr,TA,Typ,,Unf,TA,Y,,GdPrv
0,0,0,1,5,0.0,0,1,1148,7931,1148,0,1,50,0,3,132500,0,1,0,0,0,0,0,70.0,1148,0,5,0,20,RL,Lvl,Inside,NAmes,Norm,1Fam,1Story,Hip,CompShg,BrkFace,Plywood,,CBlock,GasA,Y,Attchd,,WD,Normal,Reg,Gtl,TA,TA,TA,TA,No,BLQ,Unf,TA,SBrkr,TA,Typ,,Unf,TA,Y,,GdPrv
0,0,0,0,7,0.0,0,2,1372,8640,0,140,1,1,1372,3,250580,0,2,0,0,0,0,0,72.0,1372,0,5,0,20,FV,Lvl,Inside,Somerst,Norm,1Fam,1Story,Gable,CompShg,VinylSd,VinylSd,,PConc,GasA,Y,Attchd,,New,Partial,Reg,Gtl,Gd,TA,Ex,TA,No,Unf,Unf,Ex,SBrkr,Gd,Typ,,Fin,TA,Y,,
0,0,0,1,5,76.0,0,2,1002,8750,828,0,1,39,174,3,148500,0,1,0,0,0,0,0,70.0,1002,0,6,0,20,RL,Lvl,Inside,NAmes,Norm,1Fam,1Story,Gable,CompShg,MetalSd,MetalSd,BrkFace,CBlock,GasA,Y,Detchd,,WD,Normal,IR1,Gtl,TA,TA,TA,TA,No,BLQ,Unf,TA,SBrkr,TA,Typ,,Unf,TA,Y,,MnPrv
0,0,0,0,8,274.0,0,3,1638,10656,0,80,1,1,1638,3,248900,0,2,1,0,0,0,192,67.0,1646,0,5,0,20,RL,HLS,Inside,Timber,Norm,1Fam,1Story,Gable,CompShg,VinylSd,VinylSd,Stone,PConc,GasA,Y,Attchd,,New,Partial,IR1,Gtl,Gd,TA,Gd,TA,Av,Unf,Unf,Ex,SBrkr,Gd,Typ,Gd,RFn,TA,Y,,
0,0,1,1,4,0.0,0,2,1040,6970,932,0,1,46,108,3,129000,0,1,0,400,0,0,168,85.0,1120,0,5,0,20,RL,Lvl,Corner,Sawyer,Feedr,1Fam,1Story,Gable,CompShg,VinylSd,VinylSd,,CBlock,GasA,Y,Attchd,Shed,WD,Normal,Reg,Gtl,TA,TA,TA,TA,No,ALQ,Unf,TA,SBrkr,Fa,Typ,,RFn,TA,Y,,
0,0,0,0,5,0.0,53,2,0,14762,0,144,1,58,0,2,169000,0,2,1,0,720,0,120,70.0,2320,0,6,0,60,RL,Lvl,Corner,Gilbert,Feedr,1Fam,2Story,Gable,CompShg,Plywood,Plywood,,Slab,GasA,Y,Attchd,,WD,Normal,IR2,Gtl,TA,TA,,,,,,Gd,SBrkr,TA,Typ,TA,Unf,TA,P,,
0,0,1,1,7,246.0,0,2,1050,9938,750,90,1,17,300,3,236000,0,2,1,0,887,0,156,80.0,1949,0,5,0,60,RL,Lvl,Inside,SawyerW,Norm,1Fam,2Story,Gable,CompShg,MetalSd,MetalSd,BrkFace,PConc,GasA,Y,Attchd,,WD,Normal,Reg,Gtl,Gd,TA,Gd,TA,No,GLQ,Unf,Ex,SBrkr,Gd,Typ,TA,Fin,TA,Y,,GdPrv
0,0,0,0,5,0.0,0,1,894,6600,0,0,1,47,894,2,109500,0,1,0,0,0,0,0,60.0,894,0,5,0,20,RL,Lvl,Inside,NAmes,PosN,1Fam,1Story,Hip,CompShg,MetalSd,MetalSd,,CBlock,GasA,N,Detchd,,WD,Normal,Reg,Gtl,TA,TA,TA,TA,No,Unf,Unf,Gd,SBrkr,TA,Typ,,Unf,TA,Y,,
0,0,1,0,6,116.0,0,2,804,8750,505,77,1,12,299,3,200500,0,2,0,0,878,0,0,70.0,1682,0,5,0,60,RL,Lvl,Inside,CollgCr,Norm,1Fam,2Story,Gable,CompShg,VinylSd,VinylSd,BrkFace,PConc,GasA,Y,Attchd,,WD,Normal,Reg,Gtl,TA,TA,Gd,TA,No,GLQ,Unf,Ex,SBrkr,Gd,Typ,,RFn,TA,Y,,
0,0,0,0,5,0.0,0,2,105,8892,0,0,1,55,105,3,116000,150,1,0,0,0,0,196,74.0,910,0,7,0,20,RL,Lvl,Corner,NAmes,Norm,1Fam,1Story,Gable,CompShg,WdShing,Wd Shng,,Stone,GasA,Y,Attchd,,WD,Normal,Reg,Gtl,Gd,TA,TA,TA,Av,Unf,Unf,Gd,SBrkr,Gd,Typ,,Unf,TA,Y,,GdWo
0,0,0,0,5,0.0,232,1,832,12144,375,28,1,60,457,3,133000,0,1,1,0,0,0,0,60.0,1268,0,7,0,40,RL,Lvl,Inside,NAmes,Norm,1Fam,1Story,Gable,CompShg,HdBoard,HdBoard,,CBlock,GasA,Y,Attchd,Othr,WD,Normal,Reg,Gtl,Gd,TA,TA,TA,No,Rec,Unf,Gd,SBrkr,TA,Typ,Gd,Unf,TA,Y,,
0,0,1,0,5,0.0,0,1,676,5720,0,0,1,68,676,3,66500,0,1,0,0,455,0,26,52.0,1131,0,6,0,50,RM,Lvl,Inside,OldTown,Artery,1Fam,1.5Fin,Gable,CompShg,Wd Sdng,Wd Sdng,,CBlock,GasA,Y,Detchd,,WD,Abnorml,Reg,Gtl,TA,TA,TA,TA,No,Unf,Unf,Ex,SBrkr,TA,Typ,,Unf,TA,Y,,
0,0,1,0,8,0.0,0,2,1184,9000,64,364,1,0,1120,4,303477,0,2,1,0,1426,0,208,75.0,2610,0,5,0,60,FV,Lvl,Inside,Somerst,Norm,1Fam,2Story,Gable,CompShg,CemntBd,CmentBd,,PConc,GasA,Y,BuiltIn,,New,Partial,Reg,Gtl,Gd,TA,Gd,TA,Av,GLQ,Unf,Ex,SBrkr,Ex,Typ,Gd,Fin,TA,Y,,
0,0,0,1,4,0.0,0,2,1064,25286,633,0,1,44,431,3,132250,0,1,0,0,0,0,0,94.0,1040,0,5,0,20,RL,HLS,Inside,Mitchel,Norm,1Fam,1Story,Gable,CompShg,HdBoard,Plywood,,PConc,GasA,Y,Attchd,,WD,Normal,Reg,Mod,TA,TA,TA,TA,Gd,ALQ,Unf,Gd,SBrkr,TA,Typ,,Unf,TA,Y,,
0,0,1,1,9,216.0,0,3,1462,8834,1170,0,1,5,292,4,350000,0,2,1,0,762,0,184,74.0,2224,0,5,0,60,RL,Lvl,Inside,NridgHt,Norm,1Fam,2Story,Hip,CompShg,VinylSd,VinylSd,Stone,PConc,GasA,Y,Attchd,,WD,Normal,Reg,Gtl,Gd,TA,Ex,TA,No,GLQ,Unf,Ex,SBrkr,Ex,Typ,Gd,Fin,TA,Y,,
0,0,0,1,5,0.0,0,2,1109,11782,899,0,1,49,210,3,148000,0,1,0,400,0,0,192,88.0,1155,0,7,0,85,RL,Lvl,Inside,Sawyer,Norm,1Fam,SFoyer,Gable,CompShg,HdBoard,HdBoard,,CBlock,GasA,Y,Detchd,Shed,WD,Normal,IR1,Gtl,TA,TA,TA,TA,Av,ALQ,Unf,TA,SBrkr,Gd,Min2,,Unf,TA,Y,,MnPrv
0,0,0,1,5,90.0,0,1,864,7000,646,0,1,31,218,3,136500,0,1,0,0,0,0,0,70.0,864,0,8,0,20,RL,Lvl,CulDSac,CollgCr,Norm,1Fam,1Story,Gable,CompShg,VinylSd,VinylSd,BrkFace,CBlock,GasA,Y,Attchd,,WD,Normal,IR1,Gtl,Gd,Gd,TA,TA,No,ALQ,Unf,Ex,SBrkr,TA,Typ,,Unf,TA,Y,,GdWo
0,0,1,1,5,0.0,0,2,1090,7024,980,49,1,2,110,2,157000,0,1,0,0,0,0,0,60.0,1090,0,5,0,20,RL,Lvl,Inside,Edwards,Norm,1Fam,1Story,Gable,CompShg,VinylSd,VinylSd,,PConc,GasA,Y,Attchd,,WD,Normal,Reg,Gtl,TA,TA,Ex,Gd,No,ALQ,Unf,Gd,SBrkr,TA,Typ,,Fin,TA,Y,,
0,0,1,0,7,117.0,0,2,1156,13758,902,36,1,17,254,3,187500,0,2,1,0,530,0,168,44.0,1717,0,5,0,50,RL,Lvl,CulDSac,Timber,Norm,1Fam,1.5Fin,Gable,CompShg,HdBoard,HdBoard,BrkFace,CBlock,GasA,Y,Attchd,,WD,Normal,IR1,Gtl,Gd,Gd,Gd,TA,Mn,LwQ,Unf,Ex,SBrkr,Gd,Typ,TA,RFn,TA,Y,,
0,0,1,0,6,0.0,0,2,808,9636,0,40,1,17,808,3,178000,0,2,1,0,785,0,342,70.0,1593,0,5,0,60,RL,Lvl,Corner,Gilbert,Norm,1Fam,2Story,Gable,CompShg,VinylSd,VinylSd,,PConc,GasA,Y,BuiltIn,,WD,Normal,IR1,Gtl,TA,TA,Gd,TA,No,Unf,Unf,Gd,SBrkr,TA,Typ,TA,RFn,TA,Y,,MnPrv
0,0,0,1,4,0.0,481,1,795,6204,0,188,1,94,795,5,118500,0,1,0,0,795,0,0,60.0,2230,0,5,0,75,RL,Bnk,Inside,SWISU,Norm,1Fam,2.5Fin,Gable,CompShg,Wd Sdng,Wd Sdng,,PConc,GasA,N,Detchd,,WD,Normal,Reg,Gtl,Gd,TA,TA,Fa,No,Unf,Unf,TA,SBrkr,TA,Typ,,Unf,TA,Y,,
0,0,0,0,5,60.0,0,1,892,7150,432,0,1,42,460,3,100000,0,1,0,0,0,0,0,65.0,892,0,5,0,20,RL,Lvl,Inside,NAmes,Norm,1Fam,1Story,Gable,CompShg,HdBoard,HdBoard,BrkFace,CBlock,GasA,Y,Attchd,,WD,Normal,Reg,Gtl,TA,TA,TA,TA,No,BLQ,Unf,TA,SBrkr,TA,Typ,,RFn,TA,Y,,GdWo
0,0,0,1,9,60.0,0,2,1698,5119,1238,65,1,9,460,2,328900,0,2,1,0,0,0,97,50.0,1709,0,5,0,120,FV,Lvl,CulDSac,Somerst,Norm,TwnhsE,1Story,Gable,CompShg,MetalSd,MetalSd,BrkFace,PConc,GasA,Y,Attchd,,CWD,Abnorml,IR1,Gtl,Gd,TA,Ex,TA,Av,GLQ,Unf,Ex,SBrkr,Gd,Typ,TA,Fin,TA,Y,,
0,0,0,0,5,122.0,0,2,1626,8393,528,54,2,47,1098,4,145000,0,2,0,0,0,0,272,70.0,1712,0,5,0,90,RL,Lvl,Corner,NAmes,Norm,Duplex,1Story,Gable,CompShg,MetalSd,MetalSd,BrkFace,CBlock,GasA,Y,Attchd,,WD,Family,Reg,Gtl,TA,TA,TA,TA,No,LwQ,Unf,Ex,SBrkr,TA,Typ,,Fin,TA,Y,,
0,0,1,0,5,0.0,0,1,816,16466,0,0,1,53,816,3,135500,0,1,0,0,521,265,121,59.0,1393,0,7,0,50,RL,Lvl,Inside,Edwards,Norm,1Fam,1.5Fin,Gable,CompShg,MetalSd,MetalSd,,PConc,GasA,Y,Attchd,,WD,Normal,IR1,Gtl,TA,Gd,TA,TA,No,Unf,Unf,TA,SBrkr,TA,Typ,,Unf,TA,Y,,
0,823,0,1,8,0.0,0,2,2217,15865,351,207,1,37,1043,4,268000,0,2,1,0,0,224,81,95.0,2217,0,6,0,20,RL,Lvl,Inside,NAmes,Norm,1Fam,1Story,Flat,Tar&Grv,Wd Sdng,Wd Sdng,,PConc,GasA,Y,Attchd,,WD,Normal,IR1,Mod,Gd,Gd,TA,Gd,Gd,ALQ,Rec,Ex,SBrkr,Gd,Typ,TA,Unf,TA,Y,,
0,0,0,1,6,90.0,0,2,1505,12160,1024,0,1,56,481,2,149500,0,1,1,0,0,0,0,128.0,1505,162,4,0,20,RL,Lvl,Inside,NAmes,Feedr,1Fam,1Story,Hip,CompShg,Wd Sdng,Wd Sdng,BrkFace,CBlock,GasA,Y,Attchd,,WD,Normal,Reg,Gtl,TA,TA,TA,TA,No,BLQ,Unf,Ex,SBrkr,TA,Typ,TA,RFn,TA,Y,,
0,0,0,0,5,0.0,0,2,672,8064,0,0,1,58,672,3,122900,0,1,1,2000,252,0,0,60.0,924,0,7,0,50,RL,Lvl,Corner,NAmes,Artery,1Fam,1.5Fin,Gable,CompShg,MetalSd,MetalSd,,CBlock,GasA,Y,Detchd,Shed,WD,Normal,Reg,Gtl,TA,Gd,TA,TA,Mn,Unf,Unf,Ex,SBrkr,TA,Typ,Po,Unf,TA,Y,,MnPrv
0,500,1,0,6,92.0,0,2,918,11184,226,0,1,31,192,3,172500,0,2,1,0,765,0,243,70.0,1683,0,5,0,60,RL,Lvl,Inside,Sawyer,Norm,1Fam,2Story,Hip,CompShg,HdBoard,HdBoard,BrkFace,CBlock,GasA,Y,Attchd,,WD,Normal,Reg,Gtl,TA,TA,TA,TA,No,LwQ,Rec,Gd,SBrkr,TA,Typ,TA,RFn,TA,Y,,
1,0,0,0,6,0.0,0,1,1059,8414,663,0,1,43,396,3,154500,0,1,0,0,0,0,192,70.0,1068,0,8,0,20,RL,Lvl,Inside,Sawyer,Norm,1Fam,1Story,Hip,CompShg,HdBoard,HdBoard,,CBlock,GasA,Y,Attchd,,WD,Normal,Reg,Gtl,TA,TA,TA,TA,No,GLQ,Unf,TA,SBrkr,TA,Typ,,RFn,TA,Y,,MnPrv
0,0,0,1,5,0.0,0,1,1383,13284,1064,116,1,54,319,3,165000,0,1,1,0,0,0,511,70.0,1383,0,5,0,20,RL,Lvl,Inside,Sawyer,PosN,1Fam,1Story,Gable,CompShg,Wd Sdng,Plywood,,PConc,GasA,Y,Attchd,,WD,Normal,Reg,Gtl,TA,TA,Gd,TA,Mn,BLQ,Unf,TA,SBrkr,TA,Typ,Gd,Unf,TA,Y,,GdPrv
0,0,0,0,5,0.0,0,2,0,7018,0,0,2,30,0,4,118858,0,2,0,0,0,0,0,64.0,1535,0,5,0,90,RL,Bnk,Inside,SawyerW,Norm,Duplex,1Story,Gable,CompShg,Plywood,Plywood,,Slab,GasA,Y,Attchd,,WD,Alloca,Reg,Gtl,TA,TA,,,,,,TA,SBrkr,TA,Typ,,Unf,TA,Y,,
0,0,1,1,6,415.0,0,2,780,7056,400,50,1,45,380,4,140000,0,1,1,0,813,0,0,71.0,1796,0,5,0,60,RL,Lvl,Inside,NAmes,Norm,1Fam,2Story,Hip,CompShg,HdBoard,HdBoard,BrkFace,CBlock,GasA,Y,Attchd,,WD,Normal,Reg,Gtl,TA,TA,TA,TA,No,BLQ,Unf,TA,SBrkr,TA,Typ,TA,RFn,TA,Y,,
0,0,0,0,4,0.0,0,1,951,8765,285,28,1,70,666,2,106500,0,1,0,0,0,0,0,50.0,951,0,6,0,30,RM,Lvl,Inside,IDOTRR,Norm,1Fam,1Story,Gable,CompShg,Wd Sdng,Wd Sdng,,BrkTil,GasA,N,Detchd,,WD,Abnorml,Reg,Gtl,TA,TA,TA,TA,No,ALQ,Unf,Ex,SBrkr,TA,Typ,,Unf,TA,Y,,
0,0,0,0,5,0.0,0,2,0,7018,0,0,2,30,0,6,142953,0,2,0,0,1120,0,154,64.0,2240,0,5,0,90,RL,Lvl,Inside,SawyerW,Feedr,Duplex,2Story,Gable,CompShg,Plywood,Plywood,,Slab,GasA,Y,Detchd,,WD,Alloca,Reg,Gtl,TA,TA,,,,,,TA,SBrkr,TA,Typ,,Unf,TA,Y,,
0,0,1,1,9,760.0,0,3,2330,12919,2188,67,1,1,142,2,611657,0,2,2,0,0,0,0,100.0,2364,0,5,0,20,RL,Lvl,Inside,NridgHt,Norm,1Fam,1Story,Hip,CompShg,VinylSd,VinylSd,Stone,PConc,GasA,Y,Attchd,,New,Partial,IR1,Gtl,Ex,TA,Ex,TA,Gd,GLQ,Unf,Ex,SBrkr,Ex,Typ,Gd,Fin,TA,Y,,
0,0,0,0,5,0.0,0,1,912,6993,465,0,1,45,447,3,135000,0,1,1,0,0,0,0,65.0,1236,0,7,0,20,RL,Lvl,Inside,Sawyer,Feedr,1Fam,1Story,Gable,CompShg,HdBoard,Plywood,,CBlock,GasA,Y,Attchd,,WD,Normal,Reg,Gtl,TA,TA,TA,TA,No,BLQ,Unf,TA,SBrkr,TA,Typ,TA,Unf,TA,Y,,
0,0,0,0,4,0.0,0,1,858,7340,322,0,1,36,536,2,110000,0,1,0,0,0,0,0,70.0,858,0,6,0,20,RL,Lvl,Inside,NAmes,Norm,1Fam,1Story,Gable,CompShg,HdBoard,HdBoard,,CBlock,GasA,Y,Detchd,,WD,Normal,IR1,Gtl,TA,TA,TA,TA,No,ALQ,Unf,TA,SBrkr,TA,Typ,,Unf,TA,Y,,
0,0,0,1,5,0.0,0,1,992,8712,860,0,1,52,132,2,153000,0,1,0,0,0,0,0,64.0,1306,0,7,0,20,RL,Lvl,Inside,NAmes,Norm,1Fam,1Story,Hip,CompShg,MetalSd,MetalSd,,CBlock,GasA,Y,Detchd,,WD,Normal,IR1,Gtl,TA,Gd,TA,TA,Mn,BLQ,Unf,TA,SBrkr,TA,Typ,,Unf,TA,Y,,
0,0,1,0,7,0.0,0,2,783,7875,0,75,1,3,783,3,180000,0,2,1,0,702,0,0,63.0,1509,0,5,0,60,RL,Lvl,Inside,Gilbert,Norm,1Fam,2Story,Gable,CompShg,VinylSd,VinylSd,,PConc,GasA,Y,Attchd,,WD,Normal,Reg,Gtl,Gd,TA,Gd,TA,No,Unf,Unf,Ex,SBrkr,Gd,Typ,Gd,Fin,TA,Y,,
0,0,0,0,7,27.0,0,3,1670,14859,0,60,1,0,1670,3,240000,0,2,1,0,0,0,144,50.0,1670,0,5,0,20,RL,HLS,CulDSac,Gilbert,Norm,1Fam,1Story,Hip,CompShg,VinylSd,VinylSd,BrkFace,PConc,GasA,Y,Attchd,,New,Partial,IR1,Gtl,Gd,TA,Gd,TA,No,Unf,Unf,Ex,SBrkr,Gd,Typ,Gd,RFn,TA,Y,,
0,0,0,0,5,75.0,0,1,876,6173,599,0,1,40,277,3,125500,0,1,0,0,0,0,0,70.0,902,0,6,0,20,RL,Lvl,Inside,Sawyer,Norm,1Fam,1Story,Gable,CompShg,HdBoard,Wd Sdng,BrkFace,CBlock,GasA,Y,Attchd,,WD,Normal,IR1,Gtl,TA,TA,TA,TA,No,GLQ,Unf,TA,SBrkr,TA,Typ,,Unf,TA,Y,,MnPrv
0,290,0,1,5,110.0,0,1,1056,9920,354,0,1,56,412,3,128000,164,1,0,0,0,0,0,80.0,1063,0,5,0,20,RL,Lvl,Inside,NAmes,Norm,1Fam,1Story,Gable,CompShg,HdBoard,HdBoard,Stone,CBlock,GasA,Y,Attchd,,WD,Normal,Reg,Gtl,TA,TA,TA,TA,No,Rec,LwQ,TA,SBrkr,TA,Typ,,RFn,TA,Y,,MnPrv
0,0,0,1,8,208.0,0,3,1623,13501,63,60,1,1,1560,3,255000,0,2,1,0,0,0,0,116.0,1636,0,5,0,20,RL,Lvl,Corner,Somerst,Norm,1Fam,1Story,Gable,CompShg,VinylSd,VinylSd,Stone,PConc,GasA,Y,Attchd,,WD,Normal,IR1,Gtl,Gd,TA,Gd,TA,No,GLQ,Unf,Ex,SBrkr,Gd,Typ,Gd,RFn,TA,Y,,
0,0,1,0,7,0.0,0,1,1017,11500,223,0,1,70,794,3,250000,0,1,1,0,1037,322,0,86.0,2057,0,7,0,50,RL,Lvl,Inside,Crawfor,Norm,1Fam,1.5Fin,Gable,CompShg,BrkFace,BrkFace,,CBlock,GasA,Y,Attchd,,WD,Normal,IR1,Gtl,Gd,TA,Gd,TA,No,Rec,Unf,Gd,SBrkr,Gd,Typ,Gd,Fin,Fa,Y,,
0,324,0,1,5,0.0,0,2,864,8885,301,0,1,23,239,2,131000,0,1,0,0,0,0,164,70.0,902,0,5,0,20,RL,Low,Inside,Mitchel,Norm,1Fam,1Story,Gable,CompShg,HdBoard,HdBoard,,CBlock,GasA,Y,Attchd,,WD,Normal,IR1,Mod,TA,TA,Gd,TA,Av,BLQ,ALQ,TA,SBrkr,TA,Typ,,Unf,TA,Y,,MnPrv
0,0,1,0,6,0.0,0,2,742,12589,0,24,1,4,742,3,174000,0,2,1,0,742,0,36,149.0,1484,0,5,0,60,RL,Lvl,Inside,Gilbert,Norm,1Fam,2Story,Gable,CompShg,VinylSd,VinylSd,,PConc,GasA,Y,Attchd,,WD,Normal,IR2,Gtl,Gd,TA,Gd,TA,No,Unf,Unf,Ex,SBrkr,Gd,Typ,Gd,Fin,TA,Y,,
0,0,0,0,5,361.0,0,2,1105,11600,443,0,2,50,662,5,154300,0,2,0,0,1169,0,0,80.0,2274,0,5,0,90,RL,Lvl,Corner,NAmes,Feedr,Duplex,2Story,Gable,CompShg,MetalSd,MetalSd,BrkFace,CBlock,GasA,Y,Detchd,,WD,Normal,Reg,Gtl,TA,TA,TA,TA,No,Rec,Unf,TA,FuseA,TA,Typ,,Unf,TA,Y,,
0,0,1,0,5,0.0,0,1,1268,9286,196,0,1,32,1072,3,143500,0,1,0,0,0,0,173,70.0,1268,0,7,0,20,RL,Lvl,CulDSac,CollgCr,Norm,1Fam,1Story,Gable,CompShg,HdBoard,Plywood,,CBlock,GasA,Y,Detchd,,WD,Normal,IR1,Mod,TA,TA,Gd,Gd,Av,ALQ,Unf,TA,SBrkr,Gd,Typ,,Unf,TA,Y,,
0,0,0,0,5,0.0,0,1,768,6120,489,0,1,81,279,3,88000,112,1,0,620,0,120,0,51.0,1015,0,7,0,30,RM,Lvl,Inside,BrkSide,Norm,1Fam,1Story,Gable,CompShg,MetalSd,MetalSd,,BrkTil,GasA,N,Detchd,Shed,WD,Abnorml,Reg,Gtl,TA,TA,TA,TA,No,Rec,Unf,TA,SBrkr,TA,Min1,,Unf,TA,Y,,MnPrv
0,0,0,0,5,0.0,0,3,1001,6270,284,0,2,58,717,4,145000,0,2,0,0,1001,0,0,82.0,2002,0,6,0,90,RH,HLS,Inside,Crawfor,Norm,Duplex,2Story,Gable,CompShg,MetalSd,MetalSd,,CBlock,GasA,N,2Types,,WD,Normal,Reg,Gtl,TA,TA,TA,TA,No,BLQ,Unf,TA,FuseA,TA,Typ,,Unf,TA,Y,,
0,0,1,0,6,76.0,0,2,612,3000,294,234,1,0,318,2,173733,0,2,0,0,612,0,0,30.0,1224,0,5,0,160,FV,Lvl,Inside,Somerst,Norm,TwnhsE,2Story,Gable,CompShg,VinylSd,VinylSd,Stone,PConc,GasA,Y,Detchd,,New,Partial,Reg,Gtl,Gd,TA,Gd,TA,Av,GLQ,Unf,Ex,SBrkr,Gd,Typ,,RFn,TA,Y,,
0,0,1,0,4,80.0,0,1,546,2001,0,0,1,37,546,3,75000,0,1,0,0,546,0,0,21.0,1092,0,5,0,160,RM,Lvl,Inside,MeadowV,Norm,Twnhs,2Story,Gable,CompShg,CemntBd,CmentBd,BrkFace,CBlock,GasA,Y,Attchd,,WD,Normal,Reg,Gtl,TA,TA,TA,TA,No,Unf,Unf,Fa,SBrkr,TA,Typ,,Unf,TA,Y,,
0,0,0,1,2,0.0,0,1,480,9000,50,0,1,57,430,1,35311,0,0,0,0,0,0,0,50.0,480,0,3,0,20,C (all),Lvl,Inside,IDOTRR,Norm,1Fam,1Story,Gable,CompShg,AsbShng,AsbShng,,CBlock,GasA,N,Detchd,,WD,Abnorml,Reg,Gtl,TA,TA,TA,TA,Av,BLQ,Unf,TA,FuseA,TA,Typ,,Unf,TA,Y,,
0,0,0,0,4,0.0,0,1,1134,17140,1059,0,1,53,75,3,135000,0,1,0,0,0,0,0,70.0,1229,0,6,0,20,RL,Lvl,Inside,Edwards,Norm,1Fam,1Story,Gable,CompShg,VinylSd,VinylSd,,CBlock,GasA,Y,Attchd,,WD,Normal,Reg,Gtl,TA,TA,TA,TA,No,ALQ,Unf,Ex,FuseA,TA,Typ,,RFn,TA,Y,,
0,634,1,1,7,0.0,0,3,1104,13125,48,192,1,16,422,4,238000,224,2,1,0,1215,0,72,103.0,2127,0,5,0,60,RL,Lvl,Corner,SawyerW,Norm,1Fam,2Story,Gable,CompShg,HdBoard,HdBoard,,PConc,GasA,Y,Attchd,,WD,Normal,IR1,Gtl,Gd,TA,Ex,TA,Mn,BLQ,GLQ,Ex,SBrkr,Gd,Typ,TA,RFn,TA,Y,,GdPrv
0,411,0,1,6,0.0,0,2,1184,11029,528,51,1,50,245,3,176500,0,1,1,0,0,190,0,87.0,1414,0,8,0,20,RL,Lvl,Corner,NAmes,Norm,1Fam,1Story,Hip,CompShg,MetalSd,MetalSd,,CBlock,GasA,Y,Attchd,,WD,Normal,IR1,Gtl,Ex,TA,Gd,TA,No,ALQ,BLQ,Ex,SBrkr,TA,Min1,TA,Unf,TA,Y,,
1,0,1,0,6,105.0,0,2,928,8462,814,87,1,13,114,3,201000,0,2,0,0,785,0,300,70.0,1721,0,5,0,60,RL,Lvl,Inside,SawyerW,Norm,1Fam,2Story,Gable,CompShg,HdBoard,HdBoard,BrkFace,PConc,GasA,Y,Attchd,,WD,Normal,IR1,Gtl,Gd,Gd,Gd,Gd,No,GLQ,Unf,Ex,SBrkr,Gd,Typ,,RFn,TA,Y,,
0,0,2,2,5,0.0,0,0,1272,8777,1084,70,2,108,188,4,145900,0,2,0,0,928,0,0,67.0,2200,0,7,0,90,RL,Lvl,Inside,Edwards,Feedr,Duplex,1.5Fin,Gable,CompShg,MetalSd,MetalSd,,CBlock,GasA,Y,,,WD,Normal,Reg,Gtl,TA,TA,TA,TA,No,ALQ,Unf,Gd,SBrkr,TA,Typ,,,,N,,GdPrv
0,0,0,0,6,0.0,0,2,1316,10237,28,0,1,1,1288,3,169990,0,2,1,0,0,0,100,65.0,1316,23,5,0,20,RL,Lvl,Inside,Gilbert,RRAn,1Fam,1Story,Gable,CompShg,VinylSd,VinylSd,,PConc,GasA,Y,Attchd,,New,Partial,Reg,Gtl,Gd,TA,Gd,TA,No,GLQ,Unf,Ex,SBrkr,Gd,Typ,Gd,Fin,TA,Y,,
0,841,0,1,6,0.0,0,2,1604,8012,165,69,1,15,598,2,193000,0,2,1,0,0,0,0,50.0,1617,0,5,0,120,RL,Lvl,Inside,SawyerW,Norm,TwnhsE,1Story,Gable,CompShg,Plywood,Plywood,,PConc,GasA,Y,Attchd,,WD,Normal,Reg,Gtl,Gd,TA,Gd,TA,No,LwQ,GLQ,Ex,SBrkr,Gd,Typ,Fa,RFn,TA,Y,,
0,1061,0,1,6,157.0,0,2,1686,10240,625,131,1,26,0,3,207500,0,2,1,0,0,0,384,79.0,1686,0,6,0,20,RL,Lvl,Inside,NWAmes,Norm,1Fam,1Story,Gable,CompShg,Plywood,Plywood,BrkFace,CBlock,GasA,Y,Attchd,,WD,Normal,Reg,Gtl,TA,Gd,Gd,TA,No,BLQ,LwQ,TA,SBrkr,TA,Typ,TA,Unf,TA,Y,,
1,93,0,0,5,0.0,0,2,1126,15611,767,0,1,31,266,3,175000,0,2,0,0,0,0,180,70.0,1126,0,6,0,20,RL,Lvl,Corner,NWAmes,Norm,1Fam,1Story,Gable,CompShg,VinylSd,VinylSd,,PConc,GasA,Y,Attchd,,WD,Abnorml,IR1,Gtl,TA,TA,Gd,TA,Av,ALQ,LwQ,TA,SBrkr,Ex,Typ,,RFn,TA,Y,,
0,0,1,0,8,340.0,0,3,1181,11999,0,100,1,4,1181,4,285000,0,2,1,0,1140,0,104,93.0,2374,0,5,0,60,RL,Lvl,Inside,NridgHt,Norm,1Fam,2Story,Hip,CompShg,VinylSd,VinylSd,BrkFace,PConc,GasA,Y,BuiltIn,,WD,Normal,Reg,Gtl,Gd,TA,Gd,TA,No,Unf,Unf,Ex,SBrkr,Ex,Typ,Gd,Fin,TA,Y,,
0,0,1,0,7,342.0,0,2,832,9900,552,43,1,40,280,4,176000,0,2,1,0,880,0,0,70.0,1978,0,5,0,60,RL,Lvl,Inside,NWAmes,Feedr,1Fam,2Story,Gable,CompShg,MetalSd,MetalSd,BrkFace,CBlock,GasA,Y,Attchd,,WD,Normal,Reg,Gtl,TA,TA,TA,TA,No,BLQ,Unf,Gd,SBrkr,TA,Typ,Gd,RFn,TA,Y,,GdPrv
0,0,0,0,8,0.0,0,2,1753,11838,0,151,1,8,1753,3,236500,0,2,1,0,0,0,202,70.0,1788,0,5,0,20,RL,Lvl,Inside,CollgCr,Norm,1Fam,1Story,Hip,CompShg,VinylSd,VinylSd,,PConc,GasA,Y,Attchd,,WD,Normal,Reg,Gtl,Gd,TA,Gd,TA,Av,Unf,Unf,Ex,SBrkr,Ex,Typ,TA,RFn,TA,Y,,
0,0,1,0,7,285.0,0,2,964,13006,0,0,1,9,964,4,222000,0,2,1,0,1243,0,0,70.0,2236,0,5,0,60,RL,Lvl,Corner,Gilbert,Norm,1Fam,2Story,Gable,CompShg,HdBoard,HdBoard,BrkFace,PConc,GasA,Y,BuiltIn,,WD,Normal,IR1,Gtl,TA,TA,Gd,TA,No,Unf,Unf,Gd,SBrkr,Gd,Typ,TA,Fin,TA,Y,,
0,0,0,0,8,0.0,0,3,1466,8925,16,18,1,2,1450,3,201000,0,2,0,0,0,0,100,73.0,1466,0,5,0,20,RL,HLS,Inside,Timber,Norm,1Fam,1Story,Gable,CompShg,VinylSd,VinylSd,,PConc,GasA,Y,Attchd,,WD,Normal,IR1,Gtl,Gd,TA,Gd,TA,Av,GLQ,Unf,Ex,SBrkr,Gd,Typ,,Fin,TA,Y,,
1,466,0,0,5,0.0,0,1,925,9100,338,0,1,44,121,2,117500,0,1,0,0,0,0,0,70.0,925,0,6,0,20,RL,Lvl,Inside,NAmes,Norm,1Fam,1Story,Gable,CompShg,VinylSd,VinylSd,,CBlock,GasA,Y,Detchd,,WD,Normal,Reg,Gtl,TA,TA,TA,TA,No,BLQ,Rec,Ex,SBrkr,TA,Typ,,Unf,TA,Y,,GdWo
0,0,0,0,9,302.0,0,3,1905,11670,0,191,1,1,1905,3,320000,0,2,1,0,0,0,0,84.0,1905,0,5,0,20,RL,Lvl,Corner,Somerst,RRNn,1Fam,1Story,Hip,CompShg,VinylSd,ImStucc,Stone,PConc,GasA,Y,Attchd,,WD,Normal,IR1,Gtl,Ex,TA,Ex,Gd,No,Unf,Unf,Ex,SBrkr,Ex,Typ,Gd,Fin,TA,Y,,
0,0,0,0,7,210.0,0,2,1500,8487,20,36,1,5,1480,3,190000,0,2,0,0,0,0,192,63.0,1500,0,5,0,20,RL,Lvl,FR2,CollgCr,Norm,1Fam,1Story,Gable,CompShg,VinylSd,VinylSd,BrkFace,PConc,GasA,Y,Attchd,,WD,Normal,Reg,Gtl,Gd,TA,Gd,TA,Av,GLQ,Unf,Ex,SBrkr,Gd,Typ,,RFn,TA,Y,,
0,0,0,1,7,0.0,0,2,585,27650,425,0,1,48,160,4,242000,0,2,1,0,0,0,0,313.0,2069,0,7,0,20,RL,HLS,Inside,NAmes,PosA,1Fam,1Story,Flat,Tar&Grv,Wd Sdng,Wd Sdng,,CBlock,GasA,Y,Attchd,,WD,Normal,IR2,Mod,TA,TA,Gd,TA,Gd,GLQ,Unf,Ex,SBrkr,Gd,Typ,Gd,RFn,TA,Y,,
0,0,0,0,4,108.0,0,2,600,5825,0,0,1,80,600,1,79900,32,1,0,0,0,0,0,52.0,747,0,5,0,30,RL,Lvl,Inside,BrkSide,Norm,1Fam,1Story,Gable,CompShg,MetalSd,MetalSd,BrkFace,PConc,GasA,Y,Detchd,,WD,Normal,IR1,Gtl,TA,Gd,Fa,TA,Mn,Unf,Unf,Gd,SBrkr,TA,Typ,,Unf,TA,Y,,
0,0,1,0,7,0.0,0,2,1113,9675,341,48,1,4,772,3,253000,0,2,1,0,858,0,0,75.0,1971,0,5,0,60,RL,Lvl,Inside,Somerst,Norm,1Fam,2Story,Gable,CompShg,VinylSd,VinylSd,,PConc,GasA,Y,Attchd,,WD,Normal,Reg,Gtl,Gd,TA,Gd,TA,Mn,GLQ,Unf,Ex,SBrkr,Gd,Typ,Gd,RFn,TA,Y,,
0,0,1,0,7,0.0,0,3,1391,8760,464,90,1,0,927,3,239799,0,2,0,0,571,0,0,73.0,1962,0,5,0,60,RL,Lvl,Inside,CollgCr,Norm,1Fam,2Story,Gable,CompShg,VinylSd,VinylSd,,PConc,GasA,Y,Attchd,,New,Partial,Reg,Gtl,Gd,TA,Gd,Gd,Mn,GLQ,Unf,Ex,SBrkr,Gd,Typ,,RFn,TA,Y,,
0,0,0,0,7,0.0,0,1,1032,24090,0,0,1,70,1032,4,244400,318,2,2,0,1196,0,56,70.0,2403,0,7,0,70,RL,Lvl,Inside,ClearCr,Norm,1Fam,2Story,Gable,CompShg,MetalSd,MetalSd,,CBlock,GasA,Y,Attchd,,COD,Normal,Reg,Gtl,TA,Gd,TA,TA,Mn,Unf,Unf,Ex,SBrkr,TA,Typ,TA,Unf,TA,Y,,
0,396,0,0,6,0.0,0,2,1728,12640,936,0,2,30,396,4,150900,0,2,0,0,0,0,40,55.0,1728,0,5,0,90,RL,Lvl,Inside,Mitchel,Norm,Duplex,1Story,Gable,CompShg,Plywood,Plywood,,CBlock,GasA,Y,Attchd,,WD,Normal,IR1,Gtl,TA,TA,TA,TA,Gd,Rec,LwQ,TA,SBrkr,TA,Typ,,Unf,TA,Y,,
0,0,1,1,7,298.0,0,2,992,8755,772,0,1,10,220,3,214000,0,2,1,0,1038,0,0,70.0,2060,168,5,0,60,RL,Lvl,FR2,Gilbert,RRNn,1Fam,2Story,Gable,CompShg,VinylSd,VinylSd,BrkFace,PConc,GasA,Y,BuiltIn,,WD,Normal,IR1,Gtl,Gd,TA,Gd,TA,No,ALQ,Unf,Ex,SBrkr,Gd,Typ,TA,RFn,TA,Y,,GdPrv
0,0,0,2,4,0.0,0,0,1440,7711,1440,0,2,30,0,4,150000,0,2,0,0,0,0,321,42.0,1440,0,3,0,90,RL,Lvl,Inside,Edwards,Norm,Duplex,1Story,Gable,CompShg,MetalSd,MetalSd,,PConc,GasA,Y,,,Oth,Abnorml,IR1,Gtl,TA,TA,Gd,TA,Gd,GLQ,Unf,TA,SBrkr,TA,Typ,,,,N,,
0,0,0,0,5,0.0,0,2,1632,25000,0,0,2,40,1632,4,143000,0,2,0,0,0,0,0,100.0,1632,0,4,0,90,RL,Low,Inside,Mitchel,Norm,Duplex,1Story,Gable,CompShg,HdBoard,Plywood,,CBlock,GasA,Y,Attchd,,WD,Normal,Reg,Gtl,TA,TA,TA,TA,Av,Unf,Unf,TA,SBrkr,TA,Typ,,Unf,TA,P,,
1,354,0,0,6,541.0,0,2,819,14375,111,118,1,51,354,3,137500,0,1,1,0,0,233,0,70.0,1344,0,6,0,20,RL,Lvl,CulDSac,Timber,Norm,1Fam,SLvl,Gable,CompShg,HdBoard,HdBoard,BrkFace,CBlock,GasA,Y,Basment,,COD,Abnorml,IR1,Gtl,TA,TA,TA,TA,No,GLQ,Rec,Gd,FuseA,Gd,Typ,Gd,RFn,TA,Y,,
0,0,0,0,5,0.0,120,2,1088,8820,1088,0,1,119,0,2,124900,244,1,0,0,561,0,48,98.0,1869,0,6,0,50,RM,Lvl,Corner,OldTown,Norm,1Fam,1.5Fin,Hip,CompShg,VinylSd,VinylSd,,BrkTil,GasA,Y,Detchd,,WD,Normal,Reg,Gtl,TA,TA,TA,TA,No,LwQ,Unf,TA,SBrkr,TA,Typ,,Unf,TA,Y,,MnWw
0,294,0,1,5,128.0,0,1,1144,8163,748,0,1,47,102,3,143000,0,1,1,0,0,0,86,70.0,1144,0,6,0,80,RL,Lvl,Inside,NAmes,Norm,1Fam,SLvl,Gable,CompShg,HdBoard,HdBoard,BrkFace,CBlock,GasA,Y,Attchd,,WD,Normal,Reg,Gtl,TA,Gd,TA,TA,Av,ALQ,BLQ,TA,SBrkr,TA,Typ,TA,RFn,TA,Y,,
0,0,0,1,8,236.0,0,3,1616,14536,1300,252,1,5,316,3,270000,0,2,1,0,0,0,0,85.0,1629,0,5,0,20,RL,Lvl,Inside,Timber,Norm,1Fam,1Story,Hip,CompShg,VinylSd,VinylSd,BrkFace,PConc,GasA,Y,Attchd,,WD,Normal,Reg,Gtl,Gd,TA,Gd,TA,Av,GLQ,Unf,Ex,SBrkr,Gd,Typ,Gd,Fin,TA,Y,,
0,0,1,0,7,144.0,0,2,936,14006,0,96,1,4,936,3,192500,0,2,1,0,840,0,144,65.0,1776,0,5,0,60,RL,Lvl,Inside,CollgCr,Norm,1Fam,2Story,Gable,CompShg,VinylSd,VinylSd,BrkFace,PConc,GasA,Y,Attchd,,WD,Normal,IR1,Gtl,Gd,TA,Gd,TA,,Unf,Unf,Ex,SBrkr,Gd,Typ,TA,RFn,TA,Y,,
0,0,1,1,6,0.0,0,2,1161,9360,982,0,1,38,179,3,197500,0,1,1,0,0,0,0,78.0,1381,0,7,0,20,RL,Lvl,Inside,NWAmes,Norm,1Fam,1Story,Hip,CompShg,Plywood,Plywood,,CBlock,GasA,Y,Attchd,,WD,Normal,Reg,Gtl,TA,TA,TA,TA,No,ALQ,Unf,TA,SBrkr,Gd,Typ,TA,RFn,TA,Y,,
0,149,0,1,5,0.0,0,2,864,7200,398,0,1,57,317,3,129000,0,1,0,0,0,0,194,60.0,864,0,8,0,20,RL,Lvl,Inside,NAmes,Norm,1Fam,1Story,Gable,CompShg,VinylSd,VinylSd,,CBlock,GasA,Y,Detchd,,WD,Normal,Reg,Gtl,TA,TA,TA,TA,No,ALQ,BLQ,Gd,SBrkr,Gd,Typ,,RFn,TA,Y,,
0,0,0,1,5,0.0,0,1,828,7800,641,0,1,41,187,3,119900,0,1,0,0,0,0,421,60.0,965,0,5,0,20,RH,Lvl,Corner,SawyerW,Norm,1Fam,1Story,Gable,CompShg,VinylSd,VinylSd,,CBlock,GasA,Y,Detchd,,WD,Abnorml,Reg,Gtl,TA,TA,TA,TA,No,BLQ,Unf,Gd,SBrkr,TA,Typ,,Unf,TA,Y,,MnPrv
1,0,0,0,5,0.0,0,1,768,7200,660,0,1,37,108,2,133900,0,1,0,0,0,0,192,60.0,768,0,8,0,85,RL,Lvl,Inside,CollgCr,Norm,1Fam,SFoyer,Gable,CompShg,WdShing,HdBoard,,CBlock,GasA,Y,Detchd,,WD,Normal,Reg,Gtl,TA,Gd,Gd,TA,Av,GLQ,Unf,Gd,SBrkr,TA,Typ,,Fin,TA,Y,,MnPrv
1,193,1,0,5,232.0,0,2,784,11075,562,189,1,39,29,4,172000,0,2,1,400,800,0,305,70.0,1968,0,4,0,60,RL,Lvl,Inside,Mitchel,Norm,1Fam,2Story,Gable,CompShg,HdBoard,HdBoard,BrkFace,CBlock,GasA,Y,Attchd,Shed,WD,Normal,IR1,Mod,TA,TA,TA,TA,Av,ALQ,LwQ,Ex,SBrkr,TA,Min2,Po,RFn,TA,Y,,MnPrv
2,0,0,0,6,250.0,0,0,945,9400,945,0,0,31,0,4,127500,0,2,0,0,0,0,0,35.0,980,0,5,0,90,RL,Lvl,CulDSac,Edwards,Norm,Duplex,SFoyer,Flat,Tar&Grv,WdShing,Plywood,BrkFace,CBlock,GasA,Y,,,WD,AdjLand,IR1,Gtl,TA,TA,Gd,Gd,Gd,GLQ,Unf,TA,SBrkr,TA,Typ,,,,Y,,
0,0,0,0,6,423.0,0,2,979,7136,484,0,2,61,495,4,145000,0,2,0,0,979,0,0,82.0,1958,0,6,0,90,RH,HLS,Inside,Crawfor,Norm,Duplex,2Story,Gable,CompShg,MetalSd,MetalSd,BrkFace,CBlock,GasA,N,Attchd,,WD,Normal,IR1,Gtl,TA,TA,Gd,TA,No,Rec,Unf,TA,FuseF,TA,Typ,,Unf,TA,Y,,
0,0,1,0,6,0.0,0,2,561,1300,285,0,1,29,276,2,124000,0,1,1,0,668,0,150,24.0,1229,0,6,0,160,RM,Lvl,Inside,Blueste,Norm,TwnhsE,2Story,Gable,CompShg,MetalSd,MetalSd,,CBlock,GasA,Y,Attchd,,WD,Normal,Reg,Gtl,TA,TA,Gd,TA,No,ALQ,Unf,TA,SBrkr,TA,Typ,TA,Fin,TA,Y,,GdPrv
0,0,0,0,5,0.0,0,2,1057,7420,417,0,1,45,640,3,132000,0,1,0,0,0,0,0,70.0,1057,0,5,0,20,RL,Lvl,Inside,Sawyer,Norm,1Fam,1Story,Hip,CompShg,MetalSd,MetalSd,,CBlock,GasA,Y,Detchd,,WD,Normal,Reg,Gtl,TA,TA,TA,TA,No,Rec,Unf,TA,SBrkr,TA,Typ,,Fin,TA,Y,,
0,0,0,1,7,0.0,0,2,1337,8450,699,39,1,4,638,3,185000,0,2,0,0,0,0,0,65.0,1337,0,5,0,20,RL,Lvl,Inside,CollgCr,Norm,1Fam,1Story,Gable,CompShg,VinylSd,VinylSd,,PConc,GasA,Y,Attchd,,WD,Normal,Reg,Gtl,Gd,TA,Gd,TA,Mn,GLQ,Unf,Ex,SBrkr,Gd,Typ,,RFn,TA,Y,,
0,0,1,1,7,0.0,0,2,696,2572,604,44,1,11,92,3,155000,0,2,0,0,720,0,0,24.0,1416,0,5,0,160,FV,Lvl,FR2,Somerst,Norm,Twnhs,2Story,Hip,CompShg,MetalSd,MetalSd,,PConc,GasA,Y,Detchd,,WD,Normal,Reg,Gtl,Gd,TA,Gd,TA,No,ALQ,Unf,Ex,SBrkr,Gd,Typ,,Unf,TA,Y,,
0,0,0,1,5,0.0,0,0,858,7207,696,0,1,52,162,2,116500,0,1,0,0,0,0,117,50.0,858,0,7,0,20,RL,Lvl,Inside,BrkSide,Norm,1Fam,1Story,Gable,CompShg,Wd Sdng,Plywood,,CBlock,GasA,Y,,,WD,Normal,IR1,Gtl,TA,Gd,TA,TA,Gd,BLQ,Unf,Gd,SBrkr,TA,Typ,,,,Y,,
0,0,1,1,6,424.0,0,2,1330,12227,896,282,1,31,434,4,272000,0,2,1,0,1330,0,550,70.0,2872,0,7,0,60,RL,Lvl,Corner,NWAmes,PosN,1Fam,2Story,Gable,CompShg,HdBoard,HdBoard,BrkFace,CBlock,GasA,Y,Attchd,,WD,Normal,IR1,Gtl,TA,Gd,Gd,Gd,No,ALQ,Unf,TA,SBrkr,TA,Typ,TA,Fin,TA,Y,,
0,0,1,1,6,0.0,0,2,804,2308,556,0,1,31,248,3,155000,0,2,1,0,744,0,48,24.0,1548,0,6,0,160,RL,Lvl,Corner,NPkVill,Norm,TwnhsE,2Story,Gable,CompShg,Plywood,Brk Cmn,,CBlock,GasA,Y,Detchd,,WD,Normal,Reg,Gtl,TA,TA,Gd,TA,No,ALQ,Unf,TA,SBrkr,Gd,Typ,TA,Unf,TA,Y,,
0,0,0,0,9,0.0,0,2,1800,11923,0,136,1,2,1800,2,239000,0,2,0,0,0,0,288,122.0,1800,0,5,0,20,RL,Lvl,Corner,CollgCr,Norm,1Fam,1Story,Gable,CompShg,VinylSd,VinylSd,,PConc,GasA,Y,Attchd,,WD,Normal,IR1,Gtl,Gd,TA,Ex,TA,No,Unf,Unf,Ex,SBrkr,Ex,Typ,,Fin,TA,Y,,
0,0,1,1,7,44.0,0,2,817,11316,624,40,1,8,193,4,214900,0,2,1,0,1070,0,0,80.0,1894,0,5,0,60,RL,Lvl,Corner,Timber,Norm,1Fam,2Story,Gable,CompShg,VinylSd,VinylSd,BrkFace,PConc,GasA,Y,BuiltIn,,WD,Normal,Reg,Gtl,Gd,TA,Gd,TA,No,GLQ,Unf,Ex,SBrkr,Gd,Typ,Gd,Fin,TA,Y,,
0,0,1,0,6,0.0,0,2,783,10237,0,72,1,2,783,3,178900,0,2,1,0,701,0,0,65.0,1484,0,5,0,60,RL,Lvl,Inside,Gilbert,RRAn,1Fam,2Story,Gable,CompShg,VinylSd,VinylSd,,PConc,GasA,Y,Attchd,,New,Partial,Reg,Gtl,Gd,TA,Gd,TA,No,Unf,Unf,Ex,SBrkr,Gd,Typ,Gd,Fin,TA,Y,,
0,0,1,1,5,0.0,0,1,728,9600,428,70,1,69,300,2,160000,0,1,2,0,332,0,0,130.0,1308,0,7,0,50,RL,HLS,Inside,Crawfor,Norm,1Fam,1.5Fin,Gable,CompShg,MetalSd,MetalSd,,BrkTil,GasA,Y,Detchd,,WD,Normal,IR1,Gtl,Gd,Gd,TA,Fa,No,Rec,Unf,Ex,SBrkr,TA,Min2,TA,Unf,TA,Y,,
0,0,0,1,5,151.0,0,1,1098,7390,902,0,1,53,196,3,135000,0,1,0,0,0,0,0,70.0,1098,0,7,0,20,RL,Lvl,Inside,NAmes,Norm,1Fam,1Story,Hip,CompShg,Wd Sdng,Wd Sdng,BrkFace,CBlock,GasA,Y,Attchd,,WD,Normal,IR1,Gtl,TA,TA,TA,TA,No,ALQ,Unf,TA,SBrkr,TA,Typ,,Unf,TA,Y,,
0,0,0,0,3,0.0,0,0,600,5925,0,0,1,99,600,2,37900,0,1,0,0,368,0,0,50.0,968,0,6,0,50,RM,Lvl,Inside,OldTown,Norm,1Fam,1.5Fin,Gable,CompShg,VinylSd,VinylSd,,BrkTil,Grav,N,,,WD,Abnorml,Reg,Gtl,TA,TA,TA,TA,No,Unf,Unf,Fa,SBrkr,TA,Typ,,,,Y,,GdWo
0,0,0,1,6,105.0,0,1,588,10382,513,0,1,48,75,2,140000,0,1,0,0,0,0,0,75.0,1095,0,5,0,190,RL,Lvl,Inside,NAmes,Norm,2fmCon,SLvl,Hip,CompShg,HdBoard,HdBoard,BrkFace,CBlock,GasA,Y,Attchd,,ConLD,Normal,Reg,Gtl,TA,Fa,TA,TA,Gd,ALQ,Unf,TA,SBrkr,TA,Typ,,RFn,TA,Y,,
0,0,1,0,4,0.0,0,0,720,10800,0,0,1,57,720,4,135000,0,1,0,0,472,0,0,60.0,1192,0,4,0,50,RL,Lvl,Inside,NAmes,Norm,1Fam,1.5Fin,Gable,CompShg,AsbShng,AsbShng,,CBlock,GasA,N,,,WD,Abnorml,Reg,Gtl,TA,TA,TA,TA,No,Unf,Unf,TA,FuseA,TA,Typ,,,,Y,,
0,0,0,0,7,106.0,0,2,764,2268,567,27,1,6,197,2,173000,0,2,0,0,862,0,0,36.0,1626,0,5,0,160,RL,Lvl,Inside,NridgHt,Norm,Twnhs,2Story,Gable,CompShg,VinylSd,Wd Shng,Stone,PConc,GasA,Y,BuiltIn,,WD,Normal,Reg,Gtl,Gd,TA,Gd,TA,No,GLQ,Unf,Ex,SBrkr,Gd,Typ,,RFn,TA,Y,,
0,0,0,0,6,0.0,0,1,918,7892,0,0,1,31,918,2,99500,0,2,1,0,0,0,28,55.0,918,0,5,0,120,RL,Lvl,Inside,SawyerW,Norm,TwnhsE,1Story,Gable,CompShg,Plywood,Plywood,,CBlock,GasA,Y,Attchd,,WD,Normal,Reg,Gtl,TA,TA,Gd,TA,No,Unf,Unf,TA,SBrkr,TA,Typ,TA,Unf,TA,Y,,
0,0,0,0,7,0.0,0,2,728,11414,0,135,1,99,728,3,167500,0,1,0,0,883,0,509,60.0,2019,0,8,0,70,RL,Lvl,Corner,BrkSide,RRAn,1Fam,2Story,Gable,CompShg,HdBoard,HdBoard,,BrkTil,GasA,N,Detchd,,WD,Normal,IR1,Gtl,TA,Gd,Gd,TA,No,Unf,Unf,TA,SBrkr,Gd,Typ,,Unf,TA,Y,,GdPrv
0,0,1,1,7,0.0,0,2,673,2651,641,50,1,6,32,3,165000,0,2,0,0,709,0,153,70.0,1382,0,5,0,160,FV,Lvl,FR2,Somerst,Norm,Twnhs,2Story,Gable,CompShg,MetalSd,MetalSd,,PConc,GasA,Y,Detchd,,WD,Normal,Reg,Gtl,Gd,TA,Gd,TA,No,GLQ,Unf,Ex,SBrkr,Gd,Typ,,Unf,TA,Y,,
0,0,0,0,4,0.0,0,0,440,5900,0,0,1,83,440,2,85500,0,1,0,0,0,0,0,51.0,869,0,7,0,30,RL,Bnk,Inside,BrkSide,Norm,1Fam,1Story,Gable,CompShg,Wd Sdng,Wd Sdng,,PConc,GasA,Y,,,WD,Normal,IR1,Gtl,TA,TA,Gd,TA,No,Unf,Unf,TA,FuseA,Fa,Typ,,,,Y,,
0,0,0,0,4,0.0,0,2,894,9450,552,0,1,53,342,3,110000,0,1,0,0,0,0,0,68.0,894,0,5,0,20,RL,Bnk,Inside,Edwards,Norm,1Fam,1Story,Gable,CompShg,MetalSd,MetalSd,,CBlock,GasA,Y,Detchd,,WD,Abnorml,Reg,Mod,TA,TA,TA,TA,No,LwQ,Unf,Ex,SBrkr,TA,Typ,,Unf,TA,Y,,
0,0,0,1,5,0.0,0,2,1121,8816,651,80,1,46,470,3,139000,0,1,0,0,0,0,0,80.0,1121,0,6,0,20,RL,Lvl,Corner,Sawyer,Feedr,1Fam,1Story,Gable,CompShg,VinylSd,VinylSd,,PConc,GasA,Y,Detchd,,WD,Normal,Reg,Gtl,TA,TA,TA,TA,No,Rec,Unf,TA,SBrkr,TA,Typ,,Unf,TA,Y,,MnPrv
0,0,0,1,7,210.0,0,2,944,12122,867,76,1,47,77,3,178400,0,1,0,0,0,0,144,70.0,999,0,9,0,85,RL,Lvl,Corner,NAmes,Norm,1Fam,SFoyer,Gable,CompShg,CemntBd,CmentBd,Stone,CBlock,GasA,Y,Attchd,,WD,Normal,IR1,Gtl,Ex,TA,TA,TA,Av,ALQ,Unf,Gd,SBrkr,Ex,Typ,,RFn,TA,Y,,
0,0,1,1,8,975.0,0,3,1225,12203,854,0,1,11,371,4,336000,0,2,1,0,1336,0,250,98.0,2612,0,5,0,60,RL,Lvl,Corner,NoRidge,Norm,1Fam,2Story,Hip,CompShg,VinylSd,VinylSd,BrkFace,PConc,GasA,Y,Attchd,,WD,Normal,IR1,Gtl,Gd,TA,Gd,TA,No,GLQ,Unf,Ex,SBrkr,Gd,Typ,TA,Fin,TA,Y,,
0,0,0,0,7,16.0,0,2,1266,3182,0,16,1,1,1266,2,159895,0,2,1,0,0,0,100,43.0,1266,0,5,0,20,RL,Lvl,Inside,Blmngtn,Norm,1Fam,1Story,Gable,CompShg,VinylSd,VinylSd,BrkFace,PConc,GasA,Y,Attchd,,WD,Normal,Reg,Gtl,Gd,TA,Gd,TA,Av,Unf,Unf,Ex,SBrkr,Gd,Typ,Gd,Fin,TA,Y,,
0,0,1,0,8,0.0,0,2,1128,11250,0,0,1,6,1128,4,255900,0,2,1,0,1141,0,0,70.0,2290,0,5,0,60,RL,Lvl,Corner,CollgCr,Norm,1Fam,2Story,Gable,CompShg,CemntBd,CmentBd,,PConc,GasA,Y,Attchd,,WD,Normal,Reg,Gtl,Gd,TA,Gd,TA,Mn,Unf,Unf,Ex,SBrkr,Gd,Typ,Gd,Unf,TA,Y,,
0,0,0,0,5,0.0,0,2,0,10125,0,0,2,32,0,4,126000,0,2,0,0,432,0,0,75.0,1734,0,5,0,90,RL,Lvl,Inside,Mitchel,Norm,Duplex,1.5Fin,Gable,CompShg,Plywood,Plywood,,CBlock,GasA,Y,Attchd,,COD,Normal,Reg,Gtl,TA,TA,,,,,,TA,SBrkr,Gd,Typ,,Unf,TA,Y,,
0,0,0,1,5,0.0,0,1,1164,10880,1040,48,1,58,124,3,125000,0,1,0,0,0,0,0,68.0,1164,0,5,0,190,RL,Lvl,Inside,Edwards,Norm,2fmCon,1Story,Gable,CompShg,MetalSd,MetalSd,,CBlock,GasW,N,Detchd,,ConLD,Normal,Reg,Gtl,TA,TA,TA,TA,No,ALQ,Unf,TA,SBrkr,TA,Typ,,Unf,TA,Y,,
0,0,0,0,6,0.0,0,1,485,5310,0,0,1,96,485,2,117000,0,1,0,0,634,0,394,59.0,1635,0,8,0,50,RM,Lvl,Corner,OldTown,Feedr,1Fam,1.5Fin,Hip,CompShg,VinylSd,VinylSd,,CBlock,GasA,Y,Attchd,,WD,Normal,Reg,Gtl,TA,Gd,TA,Fa,No,Unf,Unf,Gd,SBrkr,Gd,Typ,,Unf,Fa,Y,,
0,0,1,1,9,450.0,0,3,1930,10159,1646,95,1,1,284,3,395192,0,2,1,0,0,0,168,83.0,1940,0,5,0,20,RL,Lvl,Inside,NridgHt,Norm,1Fam,1Story,Hip,CompShg,VinylSd,VinylSd,Stone,PConc,GasA,Y,Attchd,,New,Partial,IR1,Gtl,Ex,TA,Ex,TA,Av,GLQ,Unf,Ex,SBrkr,Ex,Typ,Gd,Fin,TA,Y,,
0,0,1,0,6,298.0,0,2,848,12046,156,224,1,31,692,4,195000,0,2,1,0,912,0,0,70.0,2030,0,6,0,60,RL,Lvl,Inside,NWAmes,Norm,1Fam,2Story,Gable,CompShg,Plywood,Plywood,BrkFace,CBlock,GasA,Y,Attchd,,WD,Normal,IR1,Gtl,TA,TA,TA,TA,No,LwQ,Unf,TA,SBrkr,Gd,Typ,TA,Fin,TA,Y,,
0,0,1,0,7,0.0,0,2,770,8125,0,50,1,0,770,3,197000,0,2,0,0,798,0,0,65.0,1576,0,5,0,60,FV,Lvl,Inside,Somerst,Norm,1Fam,2Story,Gable,CompShg,VinylSd,VinylSd,,PConc,GasA,Y,Attchd,,New,Partial,Reg,Gtl,Gd,TA,Gd,Gd,No,Unf,Unf,Ex,SBrkr,Gd,Typ,,RFn,TA,Y,,
0,0,1,1,8,423.0,0,3,1396,9452,1074,70,1,9,322,3,348000,0,2,1,0,985,0,0,82.0,2392,0,5,0,60,RL,Lvl,Inside,NoRidge,Norm,1Fam,2Story,Gable,CompShg,VinylSd,VinylSd,BrkFace,PConc,GasA,Y,Attchd,,WD,Normal,Reg,Gtl,Gd,TA,Gd,TA,No,GLQ,Unf,Ex,SBrkr,Gd,Typ,TA,Fin,TA,Y,,
0,0,1,0,8,0.0,0,2,916,17671,216,169,1,127,700,4,168000,0,1,1,0,826,0,0,121.0,1742,0,9,0,70,RM,Lvl,Corner,OldTown,Artery,1Fam,2Story,Gable,CompShg,Wd Sdng,Wd Sdng,,BrkTil,GasA,Y,Attchd,,WD,Normal,Reg,Gtl,Gd,Gd,TA,TA,No,BLQ,Unf,Gd,SBrkr,Gd,Typ,Gd,Unf,TA,P,,
0,117,1,0,6,340.0,0,2,822,9760,536,42,1,43,169,3,187000,0,2,1,0,831,0,239,80.0,1851,0,8,0,60,RL,Lvl,Inside,NAmes,Norm,1Fam,2Story,Hip,CompShg,Wd Sdng,Wd Sdng,BrkFace,CBlock,GasA,Y,Attchd,,WD,Normal,Reg,Mod,TA,TA,TA,TA,Gd,BLQ,Rec,Gd,SBrkr,Gd,Typ,Fa,RFn,TA,Y,,MnWw
0,0,1,0,6,0.0,0,2,750,8846,0,35,1,1,750,3,173900,0,2,0,0,750,0,0,68.0,1500,0,5,0,60,RL,Lvl,Inside,CollgCr,Norm,1Fam,2Story,Gable,CompShg,VinylSd,VinylSd,,PConc,GasA,Y,Attchd,,New,Partial,Reg,Gtl,TA,TA,Gd,TA,No,Unf,Unf,Ex,SBrkr,Gd,Typ,,RFn,TA,Y,,
0,0,0,1,10,230.0,0,3,1700,12456,1172,48,1,3,528,3,337500,0,2,1,0,0,0,216,96.0,1718,0,5,0,20,RL,Lvl,FR2,NridgHt,Norm,1Fam,1Story,Hip,CompShg,CemntBd,CmentBd,Stone,PConc,GasA,Y,Attchd,,WD,Normal,Reg,Gtl,Ex,TA,Ex,TA,Gd,GLQ,Unf,Ex,SBrkr,Ex,Typ,Gd,Fin,TA,Y,,
0,0,1,1,4,0.0,0,1,747,4712,384,57,1,60,363,3,121600,0,1,0,0,456,63,0,51.0,1230,0,7,0,50,RL,Lvl,Inside,BrkSide,Feedr,1Fam,1.5Fin,Gable,CompShg,MetalSd,MetalSd,,CBlock,GasA,Y,Detchd,,WD,Abnorml,IR1,Mod,TA,TA,TA,TA,No,ALQ,Unf,TA,SBrkr,TA,Typ,,Unf,TA,Y,,MnPrv
0,0,0,1,5,0.0,0,1,1050,10659,915,319,1,45,135,3,136500,0,1,0,0,0,0,0,70.0,1050,0,6,0,20,RL,Lvl,Inside,NAmes,Norm,1Fam,1Story,Hip,CompShg,Wd Sdng,Wd Sdng,,CBlock,GasA,Y,Attchd,,COD,Normal,IR1,Gtl,TA,TA,TA,TA,No,Rec,Unf,TA,SBrkr,TA,Typ,,Unf,TA,Y,,
0,0,0,0,6,571.0,0,2,1442,11717,0,0,1,39,1442,2,185000,0,2,1,0,0,0,371,70.0,1442,0,6,0,20,RL,Lvl,Inside,NWAmes,PosA,1Fam,1Story,Hip,CompShg,HdBoard,HdBoard,BrkFace,CBlock,GasA,Y,Attchd,,WD,Normal,IR1,Gtl,TA,TA,TA,TA,No,Unf,Unf,TA,SBrkr,TA,Typ,TA,RFn,TA,Y,,
0,0,0,0,3,0.0,0,1,1007,9786,0,100,1,84,1007,3,91000,48,1,1,0,0,0,0,60.0,1077,0,4,0,30,RM,Lvl,Inside,IDOTRR,Norm,1Fam,1Story,Hip,CompShg,Wd Sdng,Wd Sdng,,BrkTil,GasA,N,Detchd,,WD,Normal,Reg,Gtl,TA,TA,TA,Fa,No,Unf,Unf,Fa,SBrkr,TA,Typ,Gd,Unf,TA,P,,
0,0,0,1,7,24.0,0,2,1187,6762,686,61,1,4,501,2,206000,0,2,0,0,0,0,105,64.0,1208,0,5,0,20,RL,Lvl,Inside,CollgCr,Norm,1Fam,1Story,Gable,CompShg,VinylSd,VinylSd,Stone,PConc,GasA,Y,Attchd,,WD,Normal,Reg,Gtl,Gd,TA,Gd,TA,Av,GLQ,Unf,Ex,SBrkr,Gd,Typ,,RFn,TA,Y,,
0,0,0,0,3,0.0,0,2,0,10206,0,0,1,57,0,2,82000,0,1,0,0,0,0,0,74.0,944,0,3,0,20,RL,Lvl,Corner,Edwards,Norm,1Fam,1Story,Flat,Tar&Grv,BrkComm,Brk Cmn,,Slab,GasW,N,Detchd,,WD,Normal,Reg,Gtl,TA,TA,,,,,,Fa,FuseF,Fa,Min1,,Unf,TA,Y,,
0,0,0,0,5,0.0,0,1,691,5400,0,20,1,87,691,2,86000,94,1,0,0,0,0,0,60.0,691,0,6,0,30,RL,Lvl,Corner,OldTown,Norm,1Fam,1Story,Gable,CompShg,Wd Sdng,Wd Sdng,,BrkTil,GasA,Y,Detchd,,WD,Abnorml,Reg,Gtl,TA,TA,Fa,TA,No,Unf,Unf,Ex,FuseA,Ex,Typ,,Unf,Fa,N,,
0,0,0,0,8,53.0,0,3,1574,11957,24,104,1,2,1550,3,232000,0,2,1,0,0,0,144,75.0,1574,0,5,0,20,RL,Lvl,Inside,Somerst,RRAn,1Fam,1Story,Gable,CompShg,VinylSd,VinylSd,BrkFace,PConc,GasA,Y,Attchd,,WD,Normal,IR1,Gtl,Gd,TA,Gd,TA,No,GLQ,Unf,Ex,SBrkr,Gd,Typ,Gd,RFn,TA,Y,,
0,0,0,0,5,164.0,0,2,1680,11500,0,0,2,31,1680,4,136905,0,2,0,0,0,0,0,70.0,1680,0,6,0,90,RL,Lvl,Corner,NWAmes,Feedr,Duplex,1Story,Gable,CompShg,VinylSd,VinylSd,BrkFace,CBlock,GasA,Y,Detchd,,WD,Normal,IR1,Gtl,TA,TA,TA,TA,No,Unf,Unf,Fa,SBrkr,TA,Typ,,Unf,TA,Y,,
0,0,0,0,7,16.0,0,2,1346,3182,16,0,1,4,1330,1,181000,0,2,1,0,0,0,156,43.0,1504,0,5,0,120,RL,Lvl,Inside,Blmngtn,Norm,TwnhsE,1Story,Gable,CompShg,VinylSd,VinylSd,BrkFace,PConc,GasA,Y,Attchd,,WD,Normal,Reg,Gtl,Gd,TA,Gd,TA,No,GLQ,Unf,Ex,SBrkr,Gd,Typ,Gd,Fin,TA,Y,,
0,0,0,0,5,220.0,0,1,985,8385,595,0,1,31,390,3,149900,0,2,0,0,0,0,210,65.0,985,0,8,0,80,RL,Lvl,Inside,CollgCr,Norm,1Fam,SLvl,Gable,CompShg,HdBoard,HdBoard,BrkFace,CBlock,GasA,Y,Attchd,,WD,Normal,Reg,Gtl,Gd,TA,Gd,Gd,Av,GLQ,Unf,TA,SBrkr,TA,Typ,,Unf,TA,Y,,
1,0,0,0,6,0.0,0,2,1657,12155,1237,0,1,37,420,3,163500,0,2,1,0,0,147,0,70.0,1657,0,3,0,20,RL,Lvl,Inside,NAmes,PosN,1Fam,1Story,Gable,CompShg,Plywood,Plywood,,CBlock,GasA,Y,Attchd,,WD,Normal,IR3,Gtl,TA,TA,Gd,TA,No,LwQ,Unf,Gd,SBrkr,TA,Typ,TA,Unf,TA,Y,,
0,273,1,0,4,0.0,0,1,546,2217,273,0,1,39,0,3,88000,0,1,0,0,546,0,238,21.0,1092,0,4,0,160,RM,Lvl,Inside,MeadowV,Norm,TwnhsE,2Story,Gable,CompShg,CemntBd,CmentBd,,CBlock,GasA,Y,Attchd,,WD,Normal,Reg,Gtl,TA,TA,TA,TA,No,BLQ,LwQ,TA,SBrkr,TA,Typ,,RFn,TA,Y,,
0,0,0,0,7,108.0,0,2,1710,12118,0,48,1,5,1710,3,240000,0,2,1,0,0,180,100,43.0,1710,0,5,0,20,RL,Lvl,CulDSac,Mitchel,Norm,1Fam,1Story,Hip,CompShg,VinylSd,VinylSd,Stone,PConc,GasA,Y,Attchd,,WD,Normal,IR1,Gtl,Gd,TA,Ex,TA,Mn,Unf,Unf,Ex,SBrkr,Gd,Typ,Gd,Fin,TA,Y,,
0,0,0,0,5,0.0,514,0,1008,6000,0,0,1,80,1008,4,102000,138,2,0,0,0,0,0,60.0,1522,0,5,0,50,RL,Lvl,Inside,SWISU,Norm,1Fam,1.5Fin,Gable,CompShg,Wd Sdng,Wd Sdng,,BrkTil,GasA,Y,,,WD,Normal,Reg,Gtl,TA,Fa,TA,TA,No,Unf,Unf,Ex,SBrkr,TA,Typ,,,,P,,
0,0,0,0,5,0.0,0,1,720,21286,0,0,1,60,720,4,135000,108,2,1,0,551,0,0,115.0,1271,0,5,0,50,RL,Lvl,Inside,Sawyer,Norm,1Fam,1.5Fin,Gable,CompShg,Wd Sdng,Wd Sdng,,CBlock,GasA,Y,Attchd,,WD,Normal,Reg,Gtl,TA,TA,TA,TA,No,Unf,Unf,TA,SBrkr,TA,Typ,Gd,Unf,TA,Y,,
0,0,0,0,5,0.0,0,0,0,9825,0,0,2,45,0,4,100000,0,2,0,0,0,0,0,75.0,1664,0,5,0,90,RL,Lvl,Inside,Edwards,Norm,Duplex,1Story,Hip,CompShg,AsphShn,AsphShn,,CBlock,GasA,N,,,WD,Normal,Reg,Gtl,TA,TA,,,,,,TA,SBrkr,TA,Typ,,,,Y,,
0,0,1,0,6,0.0,0,1,602,10592,0,0,1,84,602,3,165000,112,1,2,0,602,53,96,55.0,1502,0,7,0,70,RL,Lvl,Inside,Crawfor,Norm,1Fam,2Story,Hip,CompShg,Wd Sdng,Wd Sdng,,PConc,GasA,Y,Detchd,,WD,Normal,Reg,Gtl,TA,Gd,TA,Fa,No,Unf,Unf,TA,SBrkr,Gd,Typ,TA,Unf,TA,Y,,
0,465,0,1,5,0.0,0,1,1022,7200,247,30,1,99,310,2,85000,226,1,0,0,0,0,0,60.0,1022,0,4,0,30,RM,Lvl,Inside,OldTown,Norm,1Fam,1Story,Hip,CompShg,MetalSd,Stucco,,BrkTil,GasW,N,Detchd,,WD,Normal,Reg,Gtl,TA,TA,TA,TA,No,ALQ,Rec,TA,SBrkr,TA,Maj2,,Unf,TA,Y,,
0,0,0,0,6,206.0,0,1,1082,11664,336,130,1,59,746,2,119200,0,1,1,0,0,0,0,60.0,1082,0,5,0,20,RL,Lvl,Inside,NAmes,Artery,1Fam,1Story,Gable,CompShg,MetalSd,MetalSd,BrkFace,CBlock,GasA,Y,Detchd,,WD,Normal,Reg,Gtl,TA,TA,TA,Fa,No,BLQ,Unf,TA,SBrkr,TA,Typ,Gd,Unf,TA,Y,,
0,0,1,1,8,0.0,0,2,810,8400,643,45,1,8,167,3,227000,0,2,0,0,855,0,0,70.0,1665,0,6,0,60,RL,Lvl,Inside,NWAmes,Norm,1Fam,2Story,Gable,CompShg,VinylSd,VinylSd,,PConc,GasA,Y,Attchd,,WD,Normal,Reg,Gtl,Gd,TA,Gd,TA,No,GLQ,Unf,Ex,SBrkr,Gd,Typ,,Fin,TA,Y,,
0,0,0,1,7,196.0,0,2,1504,11883,690,66,1,13,814,3,203000,0,2,1,0,0,0,115,73.0,1504,0,5,0,20,RL,Lvl,Inside,CollgCr,Norm,1Fam,1Story,Hip,CompShg,VinylSd,VinylSd,BrkFace,PConc,GasA,Y,Attchd,,WD,Normal,Reg,Gtl,Gd,TA,Gd,TA,Gd,GLQ,Unf,Ex,SBrkr,Gd,Typ,TA,Fin,TA,Y,,
0,0,0,1,8,0.0,0,2,1220,5814,1036,0,1,25,184,1,187500,0,1,1,0,0,0,63,70.0,1360,0,5,0,120,RL,Lvl,CulDSac,StoneBr,Norm,TwnhsE,1Story,Gable,CompShg,HdBoard,HdBoard,,CBlock,GasA,Y,Attchd,,COD,Abnorml,IR1,Gtl,Gd,TA,Gd,TA,Av,GLQ,Unf,Gd,SBrkr,Gd,Typ,Ex,RFn,TA,Y,,
0,0,1,0,7,76.0,0,2,384,10784,0,0,1,16,384,3,160000,0,2,1,0,670,0,164,70.0,1472,0,5,0,80,RL,Lvl,FR2,Gilbert,Norm,1Fam,SLvl,Gable,CompShg,HdBoard,HdBoard,BrkFace,PConc,GasA,Y,Attchd,,WD,Normal,IR1,Gtl,Gd,TA,Gd,TA,No,Unf,Unf,Gd,SBrkr,Gd,Typ,TA,RFn,TA,Y,,
0,0,0,0,7,145.0,0,2,1362,3013,16,20,1,1,1346,2,213490,0,2,1,0,0,0,142,43.0,1506,0,5,0,120,RL,Lvl,Inside,Blmngtn,Norm,TwnhsE,1Story,Gable,CompShg,VinylSd,VinylSd,BrkFace,PConc,GasA,Y,Attchd,,WD,Normal,Reg,Gtl,Gd,TA,Gd,TA,Gd,GLQ,Unf,Ex,SBrkr,Gd,Typ,Gd,Fin,TA,Y,,
0,0,1,1,4,0.0,0,2,1132,7024,1024,64,1,3,108,2,176000,0,1,0,0,0,0,252,60.0,1132,0,5,0,20,RL,Lvl,Inside,Edwards,Norm,1Fam,1Story,Gable,CompShg,VinylSd,VinylSd,,PConc,GasA,Y,Attchd,,WD,Normal,Reg,Gtl,TA,TA,Gd,TA,No,GLQ,Unf,Ex,SBrkr,Gd,Typ,,Fin,TA,Y,,
0,0,0,1,7,84.0,0,2,1199,7406,684,54,1,0,515,2,194000,0,2,0,0,0,0,105,64.0,1220,0,5,0,20,RL,Lvl,Inside,CollgCr,Norm,1Fam,1Story,Gable,CompShg,VinylSd,VinylSd,Stone,PConc,GasA,Y,Attchd,,New,Partial,Reg,Gtl,Gd,TA,Gd,TA,Av,GLQ,Unf,Ex,SBrkr,Gd,Typ,,RFn,TA,Y,,
0,0,0,0,5,0.0,0,1,912,9439,324,0,1,77,588,2,87000,192,1,0,0,336,0,0,52.0,1248,0,5,0,50,RM,Lvl,Inside,OldTown,Norm,1Fam,1.5Fin,Gable,CompShg,Wd Sdng,Wd Sdng,,CBlock,GasA,Y,Detchd,,WD,Normal,Reg,Gtl,TA,TA,TA,TA,No,LwQ,Unf,Gd,FuseA,TA,Typ,,Unf,Fa,Y,,
0,0,0,0,7,14.0,0,2,1346,3182,16,20,1,3,1330,2,191000,0,2,1,0,0,0,156,43.0,1504,0,5,0,120,RL,Lvl,Inside,Blmngtn,Norm,TwnhsE,1Story,Gable,CompShg,VinylSd,VinylSd,BrkFace,PConc,GasA,Y,Attchd,,WD,Normal,Reg,Gtl,Gd,TA,Gd,Gd,No,GLQ,Unf,Ex,SBrkr,Gd,Typ,Gd,Fin,TA,Y,,
0,400,0,1,8,0.0,0,2,1565,15498,1165,72,1,32,0,2,287000,174,2,1,0,0,0,0,70.0,2898,0,6,0,20,RL,Lvl,Corner,Timber,Norm,1Fam,1Story,Hip,WdShake,Stone,HdBoard,,CBlock,GasA,Y,Attchd,,COD,Abnorml,IR1,Gtl,Gd,TA,Gd,TA,Av,ALQ,LwQ,TA,SBrkr,Gd,Typ,Gd,Fin,TA,Y,,
0,468,0,1,5,0.0,0,2,882,7700,138,0,1,35,276,3,112500,0,1,0,0,0,0,96,70.0,882,0,5,0,20,RL,Lvl,Corner,CollgCr,Norm,1Fam,1Story,Gable,CompShg,VinylSd,VinylSd,,CBlock,GasA,Y,Detchd,,WD,Normal,Reg,Gtl,TA,TA,TA,TA,No,LwQ,Rec,TA,SBrkr,TA,Typ,,Unf,TA,Y,,MnPrv
0,0,0,1,5,324.0,0,2,1268,9300,697,0,1,50,571,3,167500,0,1,2,0,0,143,0,73.0,1264,0,5,0,20,RL,Lvl,Inside,NAmes,Feedr,1Fam,1Story,Gable,CompShg,MetalSd,HdBoard,BrkFace,CBlock,GasA,Y,Attchd,,WD,Normal,Reg,Gtl,TA,TA,TA,TA,No,Rec,Unf,TA,SBrkr,TA,Typ,Gd,Unf,TA,Y,,
0,0,0,1,8,338.0,0,3,1638,9520,1513,44,1,1,125,3,293077,0,2,1,0,0,0,192,71.0,1646,0,5,0,20,RL,HLS,Inside,Timber,Norm,1Fam,1Story,Gable,CompShg,VinylSd,VinylSd,Stone,PConc,GasA,Y,Attchd,,New,Partial,IR1,Gtl,Gd,TA,Gd,TA,Gd,GLQ,Unf,Ex,SBrkr,Gd,Typ,Gd,RFn,TA,Y,,
0,41,0,1,5,0.0,0,1,768,9492,368,0,1,66,359,3,105000,0,1,1,0,408,0,0,79.0,1376,0,5,0,50,RL,Lvl,Inside,NAmes,Artery,1Fam,1.5Fin,Gable,CompShg,WdShing,Wd Shng,,CBlock,GasA,Y,Attchd,,WD,Normal,Reg,Gtl,TA,TA,TA,TA,No,Rec,BLQ,TA,SBrkr,TA,Typ,Gd,Unf,TA,Y,,
1,0,1,0,6,281.0,0,1,672,1680,317,28,1,34,355,3,118000,0,1,0,0,546,0,0,21.0,1218,0,7,0,160,RM,Lvl,Inside,BrDale,Norm,Twnhs,2Story,Gable,CompShg,HdBoard,HdBoard,BrkFace,CBlock,GasA,Y,Detchd,,WD,Normal,Reg,Gtl,TA,TA,TA,TA,No,BLQ,Unf,Gd,SBrkr,TA,Typ,,Unf,TA,Y,,
0,0,0,0,5,0.0,0,0,686,7082,0,0,2,90,686,5,160000,228,2,0,0,980,0,0,70.0,1928,0,8,0,190,RH,Lvl,Inside,SWISU,Norm,2fmCon,2Story,Gable,CompShg,VinylSd,VinylSd,,PConc,GasA,Y,,,WD,Normal,Reg,Gtl,TA,TA,TA,TA,Mn,Unf,Unf,Gd,SBrkr,TA,Typ,,,,N,,
0,0,1,1,7,0.0,397,2,824,15863,523,63,1,89,301,5,197000,0,2,2,0,998,0,136,102.0,3082,0,3,0,75,RL,Lvl,Corner,SWISU,Norm,1Fam,2.5Fin,Gable,CompShg,Wd Sdng,Plywood,,BrkTil,GasA,Y,Basment,,WD,Normal,Reg,Gtl,TA,TA,TA,TA,No,GLQ,Unf,Ex,SBrkr,TA,Typ,TA,Fin,TA,Y,,
0,0,1,1,8,0.0,0,3,1338,14541,1012,55,1,13,326,5,310000,0,2,1,0,1168,0,209,70.0,2520,0,7,0,60,RL,Lvl,Corner,NoRidge,Norm,1Fam,2Story,Gable,CompShg,MetalSd,MetalSd,,PConc,GasA,Y,Attchd,,WD,Abnorml,IR1,Gtl,Gd,Gd,Gd,Gd,No,GLQ,Unf,Ex,SBrkr,Gd,Typ,TA,RFn,TA,Y,,
0,0,0,1,7,295.0,0,3,1654,8125,986,136,1,4,668,3,230000,0,2,0,0,0,0,0,70.0,1654,0,5,0,20,RL,Lvl,Inside,CollgCr,Norm,1Fam,1Story,Gable,CompShg,VinylSd,VinylSd,Stone,PConc,GasA,Y,Attchd,,WD,Normal,Reg,Gtl,Gd,TA,Gd,TA,No,GLQ,Unf,Ex,SBrkr,Gd,Typ,,Unf,TA,Y,,
0,0,0,0,5,0.0,0,1,920,6305,0,0,1,69,920,2,119750,0,1,1,0,0,0,0,50.0,954,0,7,0,30,RL,Bnk,Inside,Crawfor,Norm,1Fam,1Story,Gable,CompShg,MetalSd,MetalSd,,PConc,GasA,Y,Basment,,WD,Normal,Reg,Gtl,TA,Gd,Fa,Fa,No,Unf,Unf,Ex,SBrkr,Fa,Typ,Gd,Unf,Fa,Y,,MnPrv
0,0,0,0,4,0.0,0,1,0,11500,0,0,1,52,0,3,84000,0,1,0,0,0,0,186,70.0,845,0,3,0,20,RL,Lvl,CulDSac,Edwards,Norm,1Fam,1Story,Gable,CompShg,Wd Sdng,Wd Sdng,,Slab,GasA,N,Detchd,,WD,Normal,IR1,Gtl,TA,Gd,,,,,,Ex,SBrkr,TA,Typ,,Unf,TA,N,,
0,0,0,1,9,70.0,0,3,1620,12898,1022,0,1,2,598,2,315500,0,2,1,0,0,0,228,89.0,1620,0,5,0,20,RL,HLS,Inside,Timber,Norm,1Fam,1Story,Hip,CompShg,VinylSd,VinylSd,Stone,PConc,GasA,Y,Attchd,,WD,Normal,IR1,Gtl,Gd,TA,Ex,TA,Gd,GLQ,Unf,Ex,SBrkr,Ex,Typ,Ex,Fin,TA,Y,,
0,0,1,0,8,396.0,0,2,1055,9240,0,45,1,7,1055,3,287000,0,2,1,0,1208,189,0,70.0,2263,0,5,0,60,RL,Lvl,Inside,CollgCr,Norm,1Fam,2Story,Gable,CompShg,VinylSd,VinylSd,BrkFace,PConc,GasA,Y,BuiltIn,,WD,Normal,Reg,Gtl,Gd,TA,Gd,TA,No,Unf,Unf,Ex,SBrkr,Gd,Typ,TA,Fin,TA,Y,,
0,0,1,0,4,0.0,0,0,546,1533,0,0,1,39,546,3,97000,0,1,1,0,546,0,0,21.0,1344,0,6,0,160,RM,Lvl,Inside,MeadowV,Norm,Twnhs,2Story,Gable,CompShg,CemntBd,CmentBd,,CBlock,GasA,Y,,,WD,Normal,Reg,Gtl,TA,TA,TA,TA,No,Unf,Unf,TA,SBrkr,TA,Typ,TA,,,Y,,
0,0,0,1,4,0.0,0,1,630,1477,509,0,1,39,121,1,80000,0,1,0,0,0,0,0,21.0,630,0,4,0,180,RM,Lvl,Inside,MeadowV,Norm,TwnhsE,SFoyer,Gable,CompShg,CemntBd,CmentBd,,CBlock,GasA,Y,Attchd,,WD,Normal,Reg,Gtl,TA,TA,Gd,TA,Av,GLQ,Unf,TA,SBrkr,TA,Typ,,Unf,TA,Y,,
0,682,0,1,5,67.0,0,2,1134,13125,168,0,1,49,284,3,155000,0,2,1,0,0,0,0,88.0,1803,0,4,0,20,RL,Lvl,Corner,Sawyer,Norm,1Fam,1Story,Gable,CompShg,Wd Sdng,Wd Sdng,BrkCmn,CBlock,GasA,Y,Attchd,,WD,Normal,Reg,Gtl,TA,TA,TA,TA,No,Rec,BLQ,Ex,SBrkr,TA,Maj1,TA,RFn,TA,Y,,GdPrv
1,64,1,0,6,252.0,0,2,800,9130,400,40,1,42,336,4,173000,0,1,0,0,832,0,0,70.0,1632,0,8,0,60,RL,Lvl,Inside,NWAmes,Feedr,1Fam,2Story,Hip,CompShg,HdBoard,HdBoard,BrkFace,CBlock,GasA,Y,Attchd,,WD,Normal,Reg,Gtl,TA,TA,TA,TA,No,GLQ,Rec,Gd,SBrkr,Gd,Typ,,Unf,TA,Y,,
0,0,0,1,6,135.0,0,2,1306,5381,900,63,1,4,406,1,196000,0,2,1,0,0,0,170,34.0,1306,0,5,0,120,RL,Lvl,Inside,NridgHt,Norm,Twnhs,1Story,Gable,CompShg,VinylSd,VinylSd,Stone,PConc,GasA,Y,Attchd,,WD,Normal,IR1,Gtl,Gd,TA,Gd,TA,Av,ALQ,Unf,Ex,SBrkr,Gd,Typ,Gd,RFn,TA,Y,,
0,0,1,1,7,99.0,0,2,1475,11839,1085,121,1,18,390,4,262280,0,2,1,0,797,0,192,86.0,2329,0,5,0,60,RL,Lvl,Inside,SawyerW,Norm,1Fam,2Story,Hip,CompShg,HdBoard,HdBoard,BrkFace,PConc,GasA,Y,Attchd,,WD,Normal,Reg,Gtl,TA,TA,Gd,TA,No,GLQ,Unf,Ex,SBrkr,Gd,Typ,Ex,Unf,TA,Y,,
0,0,1,1,8,0.0,0,2,2524,9600,1104,120,1,28,1420,4,278000,0,2,1,0,0,0,474,80.0,2524,0,5,0,20,RL,Lvl,Inside,NWAmes,PosN,1Fam,1Story,Hip,WdShngl,BrkFace,BrkFace,,PConc,GasA,Y,Attchd,,WD,Normal,Reg,Gtl,Gd,TA,Gd,TA,No,ALQ,Unf,TA,SBrkr,Gd,Typ,Gd,Fin,TA,Y,,MnPrv
0,0,0,0,3,0.0,0,2,0,13680,0,0,1,54,0,4,139600,0,2,1,0,0,0,0,70.0,1733,0,5,0,20,RL,Lvl,CulDSac,Edwards,Norm,1Fam,1Story,Hip,CompShg,BrkFace,Wd Sdng,,Slab,GasA,Y,Attchd,,WD,Normal,IR1,Gtl,TA,TA,,,,,,Ex,FuseA,TA,Min2,Gd,Unf,TA,Y,,
0,0,1,0,9,208.0,0,3,1992,16056,240,108,1,1,1752,4,556581,0,3,1,0,876,0,214,85.0,2868,0,5,0,60,RL,Lvl,Inside,StoneBr,Norm,1Fam,2Story,Hip,CompShg,CemntBd,CmentBd,Stone,PConc,GasA,Y,BuiltIn,,New,Partial,IR1,Gtl,Gd,TA,Ex,TA,Av,GLQ,Unf,Ex,SBrkr,Ex,Typ,Gd,Fin,TA,Y,,
1,0,0,0,5,0.0,0,2,990,9245,686,0,1,14,304,3,145000,0,1,0,0,0,0,0,57.0,990,0,5,0,20,RL,Lvl,Inside,CollgCr,Norm,1Fam,1Story,Gable,CompShg,VinylSd,VinylSd,,PConc,GasA,Y,Detchd,,WD,Normal,IR2,Gtl,TA,TA,Gd,TA,No,GLQ,Unf,Ex,SBrkr,TA,Typ,,Unf,TA,Y,,
0,0,0,0,5,75.0,0,2,0,21750,0,0,1,49,0,3,115000,0,1,1,0,0,0,0,100.0,1771,0,4,0,20,RL,Lvl,Inside,Mitchel,Norm,1Fam,1Story,Hip,CompShg,HdBoard,HdBoard,BrkFace,Slab,GasA,Y,Attchd,,WD,Normal,Reg,Gtl,TA,Fa,,,,,,TA,SBrkr,TA,Min1,TA,Unf,TA,Y,,GdPrv
0,0,0,0,4,0.0,0,1,0,11100,0,0,1,64,0,2,84900,0,1,0,0,0,0,0,60.0,930,0,7,0,20,RL,Low,Inside,Edwards,Norm,1Fam,1Story,Gable,CompShg,MetalSd,MetalSd,,CBlock,GasA,Y,Detchd,,WD,Abnorml,Reg,Gtl,TA,TA,,,,,,Ex,SBrkr,Gd,Typ,,Unf,TA,Y,,
0,0,0,0,7,0.0,0,2,1302,8993,0,22,1,0,1302,3,176485,0,2,0,0,0,0,0,73.0,1302,0,5,0,20,RL,Lvl,Inside,Gilbert,Norm,1Fam,1Story,Gable,CompShg,VinylSd,VinylSd,,PConc,GasA,Y,Attchd,,New,Partial,IR1,Gtl,Gd,TA,Gd,TA,Av,Unf,Unf,Ex,SBrkr,Gd,Typ,,Fin,TA,Y,,
0,0,0,0,7,0.0,0,2,1316,11175,0,20,1,0,1316,3,200141,0,2,1,0,0,0,0,103.0,1316,0,5,0,20,RL,Lvl,Corner,CollgCr,Norm,1Fam,1Story,Gable,CompShg,VinylSd,VinylSd,,PConc,GasA,Y,Attchd,,New,Partial,IR1,Gtl,Gd,TA,Gd,TA,Av,Unf,Unf,Ex,SBrkr,Gd,Typ,Gd,Fin,TA,Y,,
1,0,1,0,6,272.0,0,2,816,9500,442,52,1,43,374,4,165000,0,1,1,0,850,0,0,100.0,1977,0,6,0,60,RL,Lvl,Corner,NAmes,Artery,1Fam,2Story,Gable,CompShg,VinylSd,VinylSd,BrkCmn,CBlock,GasA,Y,Attchd,,WD,Normal,Reg,Gtl,TA,TA,TA,TA,No,Rec,Unf,TA,SBrkr,TA,Typ,TA,RFn,TA,Y,,GdPrv
0,0,0,0,5,145.0,0,1,1216,8562,383,78,1,53,833,4,144500,0,1,1,0,0,0,116,68.0,1526,0,6,0,20,RL,Lvl,Inside,Edwards,Norm,1Fam,1Story,Hip,CompShg,HdBoard,HdBoard,Stone,CBlock,GasA,Y,Basment,,WD,Normal,Reg,Mod,TA,TA,TA,TA,Av,Rec,Unf,Ex,FuseA,TA,Min2,Gd,Unf,TA,Y,,
0,0,1,1,8,210.0,0,2,1065,11367,932,60,1,4,133,3,255000,0,2,1,0,898,0,199,90.0,1989,0,5,0,60,RL,Lvl,Corner,CollgCr,Norm,1Fam,2Story,Gable,CompShg,VinylSd,VinylSd,BrkFace,PConc,GasA,Y,Attchd,,WD,Normal,Reg,Gtl,Gd,TA,Gd,TA,Mn,GLQ,Unf,Ex,SBrkr,Gd,Typ,Gd,Fin,TA,Y,,
1,0,0,0,6,160.0,0,2,1193,11361,644,0,1,32,549,3,180000,0,2,1,0,0,189,0,104.0,1523,0,5,0,20,RL,Lvl,Inside,NWAmes,Norm,1Fam,1Story,Gable,CompShg,Plywood,Plywood,BrkFace,CBlock,GasA,Y,Attchd,,COD,Abnorml,Reg,Gtl,TA,TA,Gd,TA,No,ALQ,Unf,TA,SBrkr,TA,Typ,TA,Fin,TA,Y,,MnPrv
0,0,0,1,7,240.0,0,2,1364,7052,659,36,1,1,705,2,185850,0,2,1,0,0,0,192,43.0,1364,0,5,0,120,RL,Lvl,Inside,NridgHt,Norm,TwnhsE,1Story,Gable,CompShg,VinylSd,VinylSd,Stone,PConc,GasA,Y,Attchd,,WD,Normal,IR1,Gtl,Gd,TA,Gd,TA,Av,GLQ,Unf,Ex,SBrkr,Gd,Typ,Gd,RFn,TA,Y,,
0,0,1,0,7,0.0,0,2,973,29959,595,98,1,15,378,3,248000,0,2,1,0,871,0,168,70.0,1850,0,6,0,60,RL,Lvl,FR2,NoRidge,Norm,1Fam,2Story,Gable,CompShg,HdBoard,HdBoard,,PConc,GasA,Y,BuiltIn,,WD,Normal,IR2,Gtl,Gd,TA,Gd,TA,No,GLQ,Unf,Ex,SBrkr,Gd,Typ,Gd,Fin,TA,Y,,
0,0,1,1,9,154.0,0,3,1104,11308,936,102,1,1,168,3,335000,0,2,1,0,1054,0,0,96.0,2184,0,5,0,60,RL,Lvl,Inside,NridgHt,Norm,1Fam,2Story,Gable,CompShg,VinylSd,VinylSd,Stone,PConc,GasA,Y,Attchd,,WD,Normal,IR1,Gtl,Ex,TA,Ex,TA,Av,GLQ,Unf,Ex,SBrkr,Ex,Typ,Gd,Fin,TA,Y,,
0,557,1,0,6,480.0,0,2,854,11275,297,0,1,75,0,3,220000,19,1,1,0,895,0,0,70.0,1991,0,7,0,50,RL,HLS,Corner,Crawfor,Norm,1Fam,1.5Fin,Gable,CompShg,MetalSd,MetalSd,BrkFace,CBlock,GasA,Y,Detchd,,WD,Normal,IR1,Mod,TA,TA,TA,TA,Mn,Rec,LwQ,TA,SBrkr,TA,Typ,Gd,Unf,TA,Y,,
0,0,0,1,8,0.0,0,2,1338,4920,616,0,1,9,722,2,213500,170,2,0,0,0,0,0,41.0,1338,0,5,0,120,RL,Lvl,Inside,StoneBr,Norm,TwnhsE,1Story,Gable,CompShg,CemntBd,CmentBd,,PConc,GasA,Y,Attchd,,WD,Normal,Reg,Gtl,Gd,TA,Gd,TA,Mn,GLQ,Unf,Ex,SBrkr,Gd,Typ,,Fin,TA,Y,,
0,0,0,0,3,0.0,0,3,894,18000,0,20,1,73,894,2,81000,0,1,0,560,0,0,0,120.0,894,0,4,0,30,C (all),Low,Inside,IDOTRR,Norm,1Fam,1Story,Gable,CompShg,MetalSd,MetalSd,,CBlock,GasA,Y,Detchd,Shed,ConLD,Normal,Reg,Gtl,Fa,TA,TA,TA,No,Unf,Unf,TA,SBrkr,TA,Typ,,RFn,TA,Y,,
0,0,0,0,5,0.0,0,2,662,13600,0,57,2,107,662,5,90000,0,2,0,0,915,0,0,85.0,2337,0,5,0,190,RM,Lvl,Inside,OldTown,Norm,2fmCon,2Story,Gable,CompShg,Wd Sdng,Wd Sdng,,BrkTil,GasA,N,Detchd,,WD,Normal,Reg,Gtl,TA,TA,TA,TA,No,Unf,Unf,TA,SBrkr,TA,Min2,,Unf,TA,Y,,
0,0,0,0,6,0.0,0,2,1103,6000,397,120,1,81,706,2,110500,0,1,1,0,0,0,166,50.0,1103,0,6,0,30,RM,Lvl,Inside,OldTown,Artery,1Fam,1Story,Gable,CompShg,MetalSd,MetalSd,,BrkTil,GasA,Y,Detchd,,WD,Normal,Reg,Gtl,TA,Gd,TA,TA,No,BLQ,Unf,Gd,SBrkr,Gd,Typ,Gd,Unf,TA,Y,,MnPrv
0,230,1,0,5,200.0,0,2,1154,11000,740,58,1,43,184,3,154000,0,1,1,0,0,0,0,70.0,1154,0,6,0,20,RL,Lvl,CulDSac,NAmes,Norm,1Fam,1Story,Gable,CompShg,Plywood,Plywood,BrkFace,CBlock,GasA,Y,Attchd,,WD,Normal,IR1,Gtl,TA,TA,TA,TA,Mn,BLQ,Rec,Ex,SBrkr,TA,Typ,Po,RFn,TA,Y,,MnPrv
0,0,1,1,7,0.0,0,2,1306,14000,1201,44,1,14,105,3,328000,0,2,0,0,954,0,296,80.0,2260,0,5,0,60,RL,Lvl,Inside,ClearCr,Norm,1Fam,2Story,Gable,CompShg,Wd Sdng,Wd Sdng,,PConc,GasA,Y,Attchd,,WD,Normal,Reg,Mod,Gd,TA,Ex,TA,Gd,GLQ,Unf,Ex,SBrkr,Gd,Typ,,RFn,TA,Y,,
0,0,1,0,6,0.0,0,2,799,7837,0,40,1,16,799,3,178000,0,2,1,0,772,0,0,59.0,1571,0,7,0,60,RL,Lvl,Inside,Gilbert,Norm,1Fam,2Story,Gable,CompShg,VinylSd,VinylSd,,PConc,GasA,Y,Attchd,,WD,Normal,IR1,Gtl,Gd,TA,Gd,TA,No,Unf,Unf,Gd,SBrkr,TA,Typ,TA,RFn,TA,Y,,
0,106,1,1,6,360.0,0,2,780,9760,674,128,1,44,0,4,167900,0,1,0,0,813,189,328,80.0,1611,0,6,0,60,RL,Lvl,Inside,NAmes,Norm,1Fam,2Story,Gable,CompShg,HdBoard,HdBoard,BrkFace,CBlock,GasA,Y,Attchd,,WD,Normal,Reg,Mod,TA,TA,TA,TA,Gd,GLQ,LwQ,TA,SBrkr,TA,Typ,,RFn,TA,Y,,
0,0,1,1,6,0.0,0,2,942,3964,837,20,1,33,105,5,151400,0,2,1,0,1230,0,728,42.0,2521,0,4,0,160,RM,Lvl,Inside,MeadowV,Norm,TwnhsE,2Story,Gable,CompShg,CemntBd,CmentBd,,CBlock,GasA,Y,Attchd,,WD,Normal,Reg,Gtl,TA,TA,Gd,TA,No,ALQ,Unf,Gd,SBrkr,TA,Maj1,Gd,Fin,TA,Y,,GdPrv
1,0,0,0,5,0.0,0,2,845,9600,220,0,1,58,625,2,135000,0,1,0,0,0,0,0,60.0,893,0,7,0,45,RL,Lvl,Inside,NAmes,Norm,1Fam,1.5Unf,Gable,CompShg,MetalSd,MetalSd,,CBlock,GasA,Y,Detchd,,WD,Normal,Reg,Gtl,TA,TA,TA,TA,No,ALQ,Unf,TA,SBrkr,Gd,Typ,,Unf,TA,Y,,
0,0,0,1,5,120.0,0,1,1048,10152,586,20,1,51,462,3,135000,0,1,0,0,0,192,0,72.0,1048,0,5,0,20,RL,Lvl,Inside,NAmes,Norm,1Fam,1Story,Hip,CompShg,MetalSd,MetalSd,BrkFace,CBlock,GasA,Y,Attchd,,WD,Normal,Reg,Gtl,TA,TA,TA,TA,No,BLQ,Unf,TA,SBrkr,TA,Typ,,Unf,TA,Y,,
0,0,1,0,6,0.0,0,2,727,11700,298,0,1,41,429,4,154000,0,1,0,0,727,0,0,78.0,1556,0,6,0,60,RL,Lvl,Inside,NWAmes,RRAn,1Fam,2Story,Gable,CompShg,MetalSd,MetalSd,,CBlock,GasA,Y,Attchd,,WD,Normal,Reg,Gtl,TA,TA,TA,TA,No,Rec,Unf,Ex,SBrkr,TA,Typ,,Unf,TA,Y,,
1,0,0,1,5,0.0,0,1,810,7585,0,0,1,58,810,4,91500,0,1,1,0,454,0,0,50.0,1456,0,3,0,50,RL,Lvl,Inside,Edwards,Artery,1Fam,1.5Fin,Gable,CompShg,MetalSd,MetalSd,,CBlock,GasA,Y,Detchd,,WD,Normal,Reg,Gtl,TA,TA,Fa,Fa,Mn,Unf,Unf,Fa,FuseA,TA,Typ,TA,Unf,TA,P,,
0,0,1,0,6,140.0,0,2,690,7950,535,0,1,32,155,3,159500,0,1,0,0,728,0,252,75.0,1426,0,6,0,60,RL,Bnk,Corner,Edwards,Norm,1Fam,2Story,Hip,CompShg,HdBoard,Plywood,BrkFace,CBlock,GasA,Y,Attchd,,WD,Normal,IR1,Gtl,TA,TA,TA,TA,No,BLQ,Unf,TA,SBrkr,TA,Typ,,Fin,TA,Y,,MnPrv
0,0,0,0,7,0.0,0,3,1240,8556,0,93,1,1,1240,2,194000,0,2,0,0,0,0,140,74.0,1240,0,5,0,20,RL,Lvl,Inside,CollgCr,Norm,1Fam,1Story,Gable,CompShg,VinylSd,VinylSd,,PConc,GasA,Y,Attchd,,WD,Normal,Reg,Gtl,Gd,TA,Gd,TA,Av,Unf,Unf,Ex,SBrkr,Gd,Typ,,RFn,TA,Y,,
0,0,1,0,7,0.0,0,1,800,13125,410,0,1,67,390,3,219500,0,1,2,0,780,0,0,75.0,1740,0,6,0,70,RL,Lvl,Inside,Crawfor,Norm,1Fam,2Story,Gable,CompShg,Wd Sdng,Wd Sdng,,CBlock,GasA,Y,Attchd,,CWD,Normal,Reg,Gtl,TA,TA,TA,TA,No,BLQ,Unf,TA,SBrkr,TA,Typ,Gd,Unf,TA,Y,,
1,0,0,0,5,0.0,0,2,796,10800,626,21,1,70,170,3,170000,0,2,1,500,370,0,436,60.0,1466,0,8,0,50,RL,Lvl,Inside,OldTown,Norm,1Fam,1.5Fin,Gable,CompShg,Wd Sdng,Wd Sdng,,CBlock,GasA,Y,Attchd,Shed,WD,Normal,Reg,Gtl,TA,TA,Fa,TA,No,ALQ,Unf,Gd,SBrkr,Gd,Min1,TA,Unf,TA,Y,,
0,791,0,1,5,0.0,0,1,1096,15870,75,32,1,37,230,3,138800,0,1,0,0,0,0,240,70.0,1096,0,5,0,20,RL,Lvl,Corner,NAmes,Norm,1Fam,1Story,Gable,CompShg,VinylSd,Plywood,,CBlock,GasA,Y,Attchd,,WD,Abnorml,IR1,Gtl,TA,TA,TA,TA,Mn,BLQ,Rec,Ex,SBrkr,TA,Typ,,Fin,TA,Y,,
0,0,0,1,6,169.0,0,2,848,4435,662,0,1,2,186,1,155900,0,1,1,0,0,0,140,37.0,848,0,5,0,120,RM,Lvl,Inside,CollgCr,Norm,TwnhsE,1Story,Gable,CompShg,VinylSd,VinylSd,BrkFace,PConc,GasA,Y,Attchd,,WD,Normal,Reg,Gtl,Gd,TA,Gd,TA,Mn,GLQ,Unf,Ex,SBrkr,Gd,Typ,Gd,RFn,TA,Y,,
0,0,0,0,5,0.0,0,1,990,8775,495,64,1,13,495,3,126000,0,1,0,0,0,0,0,65.0,990,0,5,0,20,RL,Lvl,Inside,CollgCr,Norm,1Fam,1Story,Gable,CompShg,VinylSd,VinylSd,,PConc,GasA,Y,Attchd,,WD,Normal,Reg,Gtl,TA,TA,Gd,TA,No,GLQ,Unf,Gd,SBrkr,TA,Typ,,Unf,TA,Y,,
1,0,0,0,6,144.0,0,2,1258,11040,656,0,1,37,602,3,145000,0,2,0,0,0,0,55,80.0,1258,216,7,0,20,RL,Lvl,Inside,NWAmes,Norm,1Fam,1Story,Gable,CompShg,VinylSd,VinylSd,BrkFace,CBlock,GasA,Y,Attchd,,COD,Abnorml,Reg,Gtl,Gd,Gd,TA,TA,No,ALQ,Unf,Ex,SBrkr,Gd,Typ,,RFn,TA,Y,,
0,0,1,1,5,0.0,0,1,1040,7500,824,0,1,47,216,3,133000,220,1,0,0,0,0,0,75.0,1040,0,5,0,20,RL,Lvl,Corner,Sawyer,Feedr,1Fam,1Story,Gable,CompShg,HdBoard,HdBoard,,CBlock,GasA,Y,Attchd,,WD,Normal,Reg,Gtl,TA,TA,TA,TA,No,ALQ,Unf,Fa,SBrkr,TA,Typ,,Fin,TA,Y,,MnPrv
0,0,0,0,7,100.0,0,2,1459,8749,0,39,1,5,1459,3,192000,0,2,1,0,0,0,192,70.0,1459,0,5,0,20,RL,Lvl,Inside,CollgCr,Norm,1Fam,1Story,Gable,CompShg,VinylSd,VinylSd,BrkFace,PConc,GasA,Y,Attchd,,WD,Normal,Reg,Gtl,Gd,TA,Gd,TA,No,Unf,Unf,Ex,SBrkr,Gd,Typ,Gd,RFn,TA,Y,,
0,0,0,1,6,425.0,0,1,1251,8800,553,116,1,42,698,3,160000,0,1,2,700,0,0,0,80.0,1251,0,6,0,20,RL,Lvl,Inside,NAmes,Norm,1Fam,1Story,Hip,CompShg,HdBoard,HdBoard,BrkFace,CBlock,GasA,Y,Attchd,Shed,WD,Normal,Reg,Gtl,TA,TA,TA,TA,No,BLQ,Unf,TA,SBrkr,TA,Typ,Gd,RFn,TA,Y,,MnPrv
0,0,1,0,6,0.0,0,2,691,13031,592,44,1,11,99,3,187500,0,2,1,0,807,0,315,70.0,1498,0,5,0,60,RL,Lvl,Corner,Gilbert,Norm,1Fam,2Story,Gable,CompShg,HdBoard,HdBoard,,PConc,GasA,Y,Attchd,,WD,Normal,IR2,Gtl,TA,TA,Gd,TA,No,ALQ,Unf,Gd,SBrkr,TA,Typ,TA,Fin,TA,Y,,
0,0,0,1,6,0.0,0,2,936,9069,747,0,1,18,189,2,147000,0,1,0,0,0,0,120,73.0,996,0,6,0,85,RL,Lvl,Inside,SawyerW,Norm,1Fam,SFoyer,Gable,CompShg,HdBoard,HdBoard,,PConc,GasA,Y,Attchd,,WD,Normal,Reg,Gtl,TA,TA,Gd,TA,Av,GLQ,Unf,Ex,SBrkr,Gd,Typ,,Unf,TA,Y,,
0,0,1,0,4,0.0,0,1,546,1974,334,96,1,37,212,3,83500,0,1,0,0,546,0,120,70.0,1092,0,5,0,160,RM,Lvl,Inside,MeadowV,Norm,TwnhsE,2Story,Gable,CompShg,CemntBd,CmentBd,,CBlock,GasA,Y,Attchd,,WD,Normal,Reg,Gtl,TA,TA,TA,TA,No,BLQ,Unf,TA,SBrkr,TA,Typ,,RFn,TA,Y,,
0,0,1,0,8,0.0,0,3,1082,10574,0,50,1,4,1082,3,252000,0,2,1,0,871,0,160,85.0,1953,0,5,0,60,FV,Lvl,Inside,Somerst,Norm,1Fam,2Story,Gable,CompShg,VinylSd,VinylSd,,PConc,GasA,Y,Attchd,,WD,Normal,Reg,Gtl,Gd,TA,Gd,TA,Mn,Unf,Unf,Ex,SBrkr,Gd,Typ,Gd,RFn,TA,Y,,
0,0,0,0,7,50.0,0,2,970,2522,0,40,1,2,970,3,137500,0,2,0,0,739,0,0,24.0,1709,0,5,0,160,RM,Lvl,Inside,Edwards,Norm,Twnhs,2Story,Gable,CompShg,VinylSd,VinylSd,Stone,PConc,GasA,Y,Detchd,,WD,Normal,Reg,Gtl,Gd,TA,Gd,TA,No,Unf,Unf,Ex,SBrkr,Gd,Maj1,,Unf,TA,Y,,
0,0,1,1,8,0.0,0,2,1247,3316,1039,84,1,1,208,1,197000,0,1,1,0,0,0,0,37.0,1247,0,5,0,120,FV,Lvl,Inside,Somerst,Norm,TwnhsE,1Story,Gable,CompShg,MetalSd,MetalSd,,PConc,GasA,Y,Attchd,,WD,Normal,IR1,Gtl,Gd,TA,Gd,TA,No,GLQ,Unf,Ex,SBrkr,Gd,Typ,Gd,Fin,TA,Y,,
0,0,0,0,3,0.0,0,2,0,8544,0,0,2,59,0,2,92900,0,2,0,0,0,0,0,60.0,1040,0,4,0,90,RL,Lvl,Corner,NAmes,Norm,Duplex,1Story,Gable,CompShg,BrkFace,BrkFace,,Slab,Wall,N,Detchd,,WD,Normal,Reg,Gtl,TA,TA,,,,,,Fa,FuseA,TA,Typ,,Unf,TA,Y,,
0,0,1,1,7,212.0,0,2,600,2160,510,48,1,9,90,2,160000,0,2,0,0,628,0,0,24.0,1252,0,5,0,160,FV,Lvl,Inside,Somerst,Norm,Twnhs,2Story,Gable,CompShg,MetalSd,MetalSd,BrkFace,PConc,GasA,Y,Detchd,,WD,Normal,Reg,Gtl,Gd,TA,Gd,TA,No,BLQ,Unf,Ex,SBrkr,Gd,Typ,,Unf,TA,Y,,
0,0,0,0,6,0.0,0,2,1181,8400,423,0,1,83,758,4,136500,128,2,1,0,304,0,342,60.0,1694,0,5,0,50,RL,Bnk,Inside,SWISU,Norm,1Fam,1.5Fin,Gable,CompShg,MetalSd,MetalSd,,PConc,GasA,Y,Detchd,,WD,Normal,Reg,Gtl,TA,TA,TA,TA,No,Rec,Unf,Fa,SBrkr,TA,Typ,Gd,Unf,TA,Y,,
0,0,1,1,5,166.0,0,2,864,9230,661,64,1,41,203,1,146000,0,1,0,0,0,0,0,71.0,1200,0,8,0,20,RL,Lvl,Corner,NAmes,Feedr,1Fam,1Story,Hip,CompShg,MetalSd,MetalSd,BrkFace,CBlock,GasA,Y,Detchd,,WD,Normal,Reg,Gtl,TA,TA,TA,TA,Mn,GLQ,Unf,Gd,SBrkr,Gd,Typ,,Unf,TA,Y,,MnPrv
0,240,0,1,5,0.0,0,1,936,5868,248,0,1,54,448,2,129000,80,1,0,0,0,160,0,74.0,936,0,7,0,20,RL,Lvl,Inside,NAmes,Norm,1Fam,1Story,Gable,CompShg,MetalSd,MetalSd,,CBlock,GasA,Y,Attchd,,WD,Normal,Reg,Gtl,TA,TA,TA,TA,No,BLQ,Rec,Ex,SBrkr,TA,Typ,,Fin,TA,Y,,
0,0,0,0,6,0.0,0,2,1314,9317,24,22,1,1,1290,3,176432,0,2,1,0,0,0,0,78.0,1314,0,5,0,20,RL,Lvl,Inside,CollgCr,Norm,1Fam,1Story,Gable,CompShg,VinylSd,VinylSd,,PConc,GasA,Y,Attchd,,WD,Normal,IR1,Gtl,Gd,TA,Gd,TA,No,GLQ,Unf,Gd,SBrkr,Gd,Typ,Gd,RFn,TA,Y,,
0,0,1,0,6,0.0,0,0,684,6882,0,0,1,93,684,3,127000,115,1,0,0,582,0,136,60.0,1355,0,7,0,70,RM,Lvl,Inside,IDOTRR,Norm,1Fam,2Story,Gable,CompShg,Wd Sdng,Wd Sdng,,PConc,GasA,Y,,,WD,Normal,Reg,Gtl,TA,TA,TA,TA,No,Unf,Unf,TA,SBrkr,Gd,Typ,,,,Y,,
0,0,1,0,8,0.0,0,2,1074,3696,0,74,1,21,1074,2,170000,137,1,0,0,0,0,0,70.0,1088,0,5,0,120,RL,Lvl,Inside,StoneBr,Norm,TwnhsE,1Story,Gable,CompShg,HdBoard,HdBoard,,CBlock,GasA,Y,Attchd,,WD,Normal,Reg,Gtl,Gd,TA,Gd,TA,No,Unf,Unf,Ex,SBrkr,Gd,Typ,,RFn,TA,Y,,
0,0,0,0,4,0.0,0,1,672,6000,672,0,1,73,0,3,128000,0,1,0,0,567,0,0,50.0,1324,0,6,0,50,RM,Lvl,Inside,BrkSide,Norm,1Fam,1.5Fin,Gable,CompShg,MetalSd,MetalSd,,BrkTil,GasA,Y,Detchd,,WD,Normal,Reg,Gtl,TA,TA,TA,TA,No,BLQ,Unf,TA,SBrkr,TA,Typ,,Unf,TA,Y,,
0,0,0,0,7,206.0,0,2,1271,11880,704,0,1,31,567,3,157000,0,2,1,0,0,0,0,82.0,1601,0,5,0,20,RL,Lvl,Inside,NWAmes,RRAn,1Fam,1Story,Gable,CompShg,Plywood,Plywood,BrkFace,CBlock,GasA,Y,Attchd,,COD,Abnorml,IR1,Gtl,TA,TA,Gd,TA,No,ALQ,Unf,TA,SBrkr,TA,Typ,TA,RFn,TA,Y,,
0,0,0,0,2,0.0,0,1,290,8400,290,0,1,89,0,1,60000,0,1,0,0,0,0,0,60.0,438,0,5,0,30,RL,Bnk,Inside,SWISU,Norm,1Fam,1Story,Gable,CompShg,Wd Sdng,Wd Sdng,,CBlock,GasA,N,Detchd,,WD,Normal,Reg,Gtl,TA,TA,TA,Fa,No,Rec,Unf,TA,FuseF,Fa,Typ,,Unf,TA,N,,
0,287,0,0,5,0.0,0,1,950,9758,412,0,1,36,251,3,119500,0,1,0,0,0,0,0,61.0,950,0,5,0,20,RL,Lvl,Inside,NAmes,Norm,1Fam,1Story,Gable,CompShg,HdBoard,MetalSd,,CBlock,GasA,Y,Detchd,,WD,Normal,IR1,Gtl,TA,TA,TA,TA,No,BLQ,LwQ,TA,SBrkr,TA,Typ,,Unf,TA,Y,,
0,0,0,0,5,45.0,0,1,1010,7000,588,16,1,47,422,2,135000,0,1,0,0,0,0,0,70.0,1134,0,7,0,20,RL,Lvl,Inside,NAmes,Norm,1Fam,1Story,Gable,CompShg,Wd Sdng,Wd Sdng,BrkFace,CBlock,GasA,Y,Attchd,,WD,Family,Reg,Gtl,TA,TA,TA,TA,No,Rec,Unf,Ex,SBrkr,TA,Typ,,RFn,TA,Y,,MnWw
1,0,0,0,6,0.0,0,2,655,8910,655,0,1,47,0,3,159500,192,1,1,0,0,0,0,79.0,1194,0,6,0,20,RL,Lvl,Corner,NAmes,Norm,1Fam,1Story,Hip,CompShg,BrkFace,BrkFace,,CBlock,GasA,Y,BuiltIn,,WD,Normal,Reg,Gtl,TA,TA,TA,TA,Mn,ALQ,Unf,Ex,SBrkr,TA,Typ,Fa,Fin,TA,Y,,
0,0,1,0,5,304.0,0,2,630,2016,0,0,1,37,630,3,106000,0,2,0,0,672,0,0,24.0,1302,0,5,0,160,RM,Lvl,Inside,BrDale,Norm,TwnhsE,2Story,Gable,CompShg,HdBoard,HdBoard,BrkFace,CBlock,GasA,Y,Detchd,,WD,Normal,Reg,Gtl,TA,TA,TA,TA,No,Unf,Unf,TA,SBrkr,TA,Typ,,Unf,TA,Y,,
0,0,1,1,8,362.0,0,2,1463,12256,1032,32,1,16,431,3,325000,0,2,2,0,1122,0,186,98.0,2622,0,5,0,60,RL,Lvl,Corner,NoRidge,Norm,1Fam,2Story,Gable,CompShg,HdBoard,HdBoard,BrkFace,PConc,GasA,Y,Attchd,,WD,Normal,IR1,Gtl,Gd,TA,Ex,TA,Av,GLQ,Unf,Ex,SBrkr,Gd,Typ,TA,RFn,TA,Y,,
0,0,0,1,7,0.0,0,2,910,10357,738,244,1,17,172,3,179900,0,2,1,0,0,0,0,114.0,1442,0,5,0,20,RL,Lvl,Corner,SawyerW,Feedr,1Fam,1Story,Hip,CompShg,HdBoard,HdBoard,,PConc,GasA,Y,Attchd,,WD,Normal,IR1,Gtl,Gd,TA,Gd,TA,Mn,GLQ,Unf,Gd,SBrkr,Gd,Typ,TA,Fin,TA,Y,,
0,0,1,0,7,0.0,0,2,868,23257,0,100,1,0,868,3,274725,0,2,1,0,1134,0,0,168.0,2021,0,5,0,60,RL,HLS,CulDSac,Gilbert,Norm,1Fam,2Story,Gable,CompShg,VinylSd,VinylSd,,PConc,GasA,Y,BuiltIn,,New,Partial,IR3,Gtl,Gd,TA,Ex,Gd,No,Unf,Unf,Ex,SBrkr,Gd,Typ,Gd,RFn,TA,Y,,
0,0,1,0,6,0.0,0,2,924,8063,0,48,1,7,924,3,181000,0,2,1,0,742,0,100,70.0,1690,0,5,0,60,RL,Lvl,Inside,Gilbert,Norm,1Fam,2Story,Gable,CompShg,VinylSd,VinylSd,,PConc,GasA,Y,Attchd,,WD,Abnorml,Reg,Gtl,TA,TA,Gd,TA,No,Unf,Unf,Ex,SBrkr,TA,Typ,TA,RFn,TA,Y,,
0,0,0,1,8,42.0,0,3,1836,11362,1039,185,1,5,797,3,280000,0,2,1,0,0,0,125,107.0,1836,0,5,0,20,RL,Lvl,Inside,NridgHt,Norm,1Fam,1Story,Gable,CompShg,MetalSd,MetalSd,Stone,PConc,GasA,Y,Attchd,,WD,Normal,IR1,Gtl,Gd,TA,Ex,TA,Mn,GLQ,Unf,Ex,SBrkr,Gd,Typ,Gd,Fin,TA,Y,,
0,0,1,1,6,0.0,0,2,773,8000,219,84,1,13,554,3,188000,0,2,1,0,885,0,224,70.0,1658,0,5,0,60,RL,Lvl,Inside,Gilbert,Norm,1Fam,2Story,Gable,CompShg,HdBoard,HdBoard,,PConc,GasA,Y,Attchd,,WD,Normal,Reg,Gtl,TA,TA,Gd,TA,No,GLQ,Unf,Gd,SBrkr,TA,Typ,TA,Fin,TA,Y,,
0,0,1,0,7,660.0,0,2,803,10480,403,69,1,32,400,4,205000,0,2,1,0,866,0,0,80.0,1964,0,6,0,60,RL,Lvl,Inside,NWAmes,Norm,1Fam,2Story,Hip,CompShg,Plywood,Plywood,BrkFace,CBlock,GasA,Y,Attchd,,WD,Normal,Reg,Gtl,TA,TA,TA,TA,No,ALQ,Unf,TA,SBrkr,TA,Typ,Gd,RFn,TA,Y,,
0,0,0,1,5,0.0,0,1,816,7100,708,0,1,49,108,2,129900,0,1,0,0,0,0,0,73.0,816,0,7,0,20,RL,Lvl,Corner,NAmes,Norm,1Fam,1Story,Gable,CompShg,WdShing,Wd Shng,,CBlock,GasA,Y,Detchd,,WD,Normal,IR1,Gtl,TA,TA,TA,TA,No,GLQ,Unf,TA,FuseA,TA,Typ,,Unf,TA,Y,,
0,0,0,1,5,0.0,0,1,1008,8923,643,18,1,54,365,2,134500,0,1,0,0,0,0,0,66.0,1008,0,7,0,20,RL,Lvl,Inside,NAmes,Norm,1Fam,1Story,Gable,CompShg,Wd Sdng,Wd Sdng,,CBlock,GasA,Y,Attchd,,WD,Normal,Reg,Gtl,TA,TA,TA,TA,No,BLQ,Unf,Gd,SBrkr,Gd,Typ,,Unf,TA,Y,,
0,0,0,0,5,0.0,0,1,833,5400,415,0,1,52,418,2,117000,0,1,0,0,0,0,0,90.0,833,0,7,0,20,RL,Lvl,Inside,OldTown,Norm,1Fam,1Story,Gable,CompShg,MetalSd,MetalSd,,CBlock,GasA,Y,Detchd,,WD,Normal,Reg,Gtl,TA,Gd,TA,TA,No,Rec,Unf,Ex,SBrkr,Gd,Typ,,Unf,TA,Y,,MnPrv
0,0,0,1,8,328.0,0,3,1734,12085,1004,0,1,0,730,3,318000,0,2,1,0,0,0,0,93.0,1734,0,5,0,20,RL,Lvl,Inside,NridgHt,Norm,1Fam,1Story,Hip,CompShg,VinylSd,VinylSd,Stone,PConc,GasA,Y,Attchd,,New,Partial,Reg,Gtl,Gd,TA,Ex,TA,No,GLQ,Unf,Ex,SBrkr,Ex,Typ,Gd,RFn,TA,Y,,
0,0,1,1,8,0.0,0,2,408,7750,353,0,1,7,55,3,184100,0,2,1,0,640,0,120,70.0,1419,0,5,0,80,RL,Lvl,Inside,Gilbert,Norm,1Fam,SLvl,Hip,CompShg,VinylSd,VinylSd,,PConc,GasA,Y,BuiltIn,,WD,Normal,Reg,Gtl,Gd,TA,Gd,TA,No,GLQ,Unf,Ex,SBrkr,Gd,Typ,TA,Fin,TA,Y,,
0,0,0,1,5,0.0,0,2,894,9764,702,0,1,41,192,3,130000,0,1,0,0,0,0,0,57.0,894,0,7,0,20,RL,Lvl,FR2,Sawyer,Feedr,1Fam,1Story,Gable,CompShg,VinylSd,VinylSd,,CBlock,GasA,Y,Attchd,,WD,Normal,IR1,Gtl,TA,TA,TA,TA,No,BLQ,Unf,Ex,SBrkr,Gd,Typ,,RFn,TA,Y,,
1,0,0,0,5,0.0,0,1,533,13825,0,34,1,50,533,3,140000,0,1,0,0,580,0,280,85.0,1601,0,6,0,80,RL,Lvl,Inside,Sawyer,Norm,1Fam,SLvl,Gable,CompShg,MetalSd,MetalSd,,CBlock,GasA,Y,BuiltIn,,WD,Normal,Reg,Gtl,TA,Gd,TA,TA,No,Unf,Unf,TA,SBrkr,TA,Min2,,RFn,TA,Y,,
0,0,0,0,5,0.0,0,1,1040,7560,369,0,1,47,671,3,133700,252,1,0,0,0,0,140,70.0,1040,0,5,0,20,RL,Lvl,Inside,NAmes,Norm,1Fam,1Story,Gable,CompShg,BrkFace,Wd Sdng,,CBlock,GasA,Y,Attchd,,WD,Normal,Reg,Gtl,TA,TA,TA,TA,No,LwQ,Unf,TA,FuseA,TA,Typ,,RFn,TA,Y,,GdWo
0,0,0,0,6,0.0,0,1,1012,8263,0,22,1,87,1012,2,118400,112,1,1,0,0,0,0,59.0,1012,0,5,0,30,RM,Bnk,Inside,IDOTRR,Norm,1Fam,1Story,Gable,CompShg,BrkFace,BrkFace,,BrkTil,GasA,Y,Detchd,,WD,Normal,Reg,Mod,TA,TA,TA,TA,No,Unf,Unf,TA,FuseA,TA,Typ,Gd,Unf,TA,Y,,MnPrv
0,0,0,0,7,196.0,0,3,1552,10084,24,20,1,1,1528,3,212900,0,2,0,0,0,0,144,84.0,1552,0,5,0,20,RL,Lvl,Inside,CollgCr,Norm,1Fam,1Story,Gable,CompShg,VinylSd,VinylSd,BrkFace,PConc,GasA,Y,Attchd,,New,Partial,Reg,Gtl,Gd,TA,Gd,TA,Av,GLQ,Unf,Ex,SBrkr,Gd,Typ,,RFn,TA,Y,,
0,0,0,0,4,0.0,0,1,672,8926,0,0,1,53,672,3,112000,0,1,0,0,0,160,64,70.0,960,0,3,0,20,RL,Lvl,Corner,Edwards,Norm,1Fam,1Story,Gable,CompShg,AsbShng,AsbShng,,CBlock,GasA,Y,Basment,,COD,Abnorml,IR1,Gtl,TA,TA,TA,TA,No,Unf,Unf,Ex,FuseA,TA,Typ,,Unf,TA,Y,,MnPrv
1,0,0,0,5,0.0,0,0,698,9405,0,200,1,62,698,2,118000,0,1,0,0,0,0,0,50.0,698,0,9,0,20,RL,Lvl,Inside,Edwards,Norm,1Fam,1Story,Hip,CompShg,VinylSd,VinylSd,,CBlock,GasA,Y,,,WD,Normal,Reg,Gtl,TA,Ex,TA,TA,No,Unf,Unf,Ex,SBrkr,TA,Typ,,,,Y,,
0,0,1,0,7,170.0,0,2,384,9125,0,25,1,15,384,3,163900,0,2,1,0,670,0,100,70.0,1482,0,5,0,80,RL,Lvl,Inside,Gilbert,Norm,1Fam,SLvl,Gable,CompShg,HdBoard,HdBoard,BrkFace,PConc,GasA,Y,Attchd,,WD,Normal,IR1,Gtl,TA,TA,Gd,TA,No,Unf,Unf,Gd,SBrkr,Gd,Typ,TA,Fin,TA,Y,,
0,0,0,0,4,0.0,0,2,1005,10434,0,0,1,54,1005,2,115000,0,1,1,0,0,0,0,60.0,1005,0,5,0,20,RL,Lvl,Inside,NAmes,Norm,1Fam,1Story,Gable,CompShg,Plywood,Plywood,,CBlock,GasA,Y,Detchd,,WD,Normal,Reg,Gtl,TA,TA,TA,TA,No,Unf,Unf,TA,SBrkr,Fa,Typ,TA,Unf,Fa,Y,,
0,0,0,0,7,130.0,0,3,1373,3684,0,20,1,2,1373,2,174000,0,2,1,0,0,0,143,53.0,1555,0,5,0,120,RL,Lvl,Inside,Blmngtn,Norm,TwnhsE,1Story,Hip,CompShg,VinylSd,VinylSd,BrkFace,PConc,GasA,Y,Attchd,,WD,Normal,Reg,Gtl,Gd,TA,Gd,TA,No,Unf,Unf,Ex,SBrkr,Gd,Typ,TA,Fin,TA,Y,,
0,0,0,1,7,0.0,0,3,1530,14572,1300,36,1,3,230,3,259000,0,2,1,0,0,0,144,182.0,1530,0,5,0,20,RL,Lvl,Corner,Gilbert,Norm,1Fam,1Story,Hip,CompShg,VinylSd,VinylSd,,PConc,GasA,Y,Attchd,,WD,Family,IR3,Gtl,Gd,TA,Gd,TA,Av,GLQ,Unf,Ex,SBrkr,Gd,Typ,Gd,Fin,TA,Y,,
0,0,1,0,7,0.0,0,2,847,11796,0,48,1,3,847,4,215000,0,2,1,0,1112,0,100,59.0,1959,0,5,0,60,RL,Lvl,Inside,Gilbert,Norm,1Fam,2Story,Gable,CompShg,VinylSd,VinylSd,,PConc,GasA,Y,BuiltIn,,WD,Normal,IR1,Gtl,Gd,TA,Gd,TA,Av,Unf,Unf,Ex,SBrkr,Gd,Typ,Gd,Fin,TA,Y,,
0,0,0,1,5,180.0,0,2,936,7200,936,0,1,27,0,2,140000,0,1,0,0,0,0,49,60.0,936,0,5,0,90,RM,Lvl,Inside,OldTown,Norm,Duplex,SFoyer,Gable,CompShg,MetalSd,MetalSd,BrkFace,CBlock,GasA,Y,Detchd,,WD,Normal,Reg,Gtl,TA,TA,Gd,TA,Gd,GLQ,Unf,TA,SBrkr,TA,Typ,,Unf,TA,Y,,
0,0,0,1,4,0.0,0,2,1122,7804,622,44,1,81,500,4,135000,0,2,2,0,653,0,431,65.0,1981,0,3,0,50,RL,Lvl,Inside,SWISU,Norm,1Fam,1.5Fin,Gable,CompShg,WdShing,Plywood,,BrkTil,GasA,Y,Detchd,,WD,Normal,Reg,Gtl,TA,TA,TA,TA,No,BLQ,Unf,TA,SBrkr,Gd,Min2,TA,Unf,TA,Y,,MnPrv
0,0,0,0,5,0.0,0,0,974,10712,212,28,1,16,762,3,93500,0,1,0,0,0,0,0,63.0,974,0,5,0,20,RL,Lvl,Inside,Mitchel,Norm,1Fam,1Story,Gable,CompShg,HdBoard,HdBoard,,PConc,GasA,Y,,,Oth,Abnorml,Reg,Gtl,TA,TA,Gd,TA,Mn,BLQ,Unf,TA,SBrkr,TA,Typ,,,,Y,,MnPrv
0,0,0,0,6,0.0,0,1,1008,9900,0,48,1,127,1008,5,117500,0,2,0,0,1032,0,0,90.0,2210,0,4,0,70,RM,Lvl,Inside,OldTown,Norm,1Fam,2Story,Gable,CompShg,Wd Sdng,Wd Sdng,,BrkTil,GasW,Y,Detchd,,WD,Normal,Reg,Gtl,TA,TA,TA,TA,Mn,Unf,Unf,TA,SBrkr,Fa,Typ,,Unf,Fa,N,,
0,0,1,0,8,0.0,0,2,1128,9828,584,155,1,14,544,3,239500,0,2,1,0,878,0,0,80.0,2020,0,5,0,60,RL,Lvl,Inside,SawyerW,Norm,1Fam,2Story,Gable,CompShg,VinylSd,VinylSd,,PConc,GasA,Y,Attchd,,WD,Normal,IR1,Gtl,Gd,TA,Gd,TA,No,GLQ,Unf,Ex,SBrkr,Gd,Typ,TA,RFn,TA,Y,,
0,0,1,0,6,0.0,0,2,916,8773,0,38,1,10,916,3,169000,0,2,1,0,684,0,100,57.0,1600,0,5,0,60,RL,HLS,Inside,Gilbert,Norm,1Fam,2Story,Gable,CompShg,VinylSd,VinylSd,,PConc,GasA,Y,Attchd,,WD,Normal,IR1,Gtl,TA,TA,Gd,TA,Av,Unf,Unf,Gd,SBrkr,TA,Typ,TA,Fin,TA,Y,,
0,0,0,0,6,0.0,0,1,960,6180,0,128,1,81,960,2,102000,0,1,1,0,0,0,0,60.0,986,0,5,0,30,RM,Lvl,Corner,BrkSide,Norm,1Fam,1Story,Gable,CompShg,Wd Sdng,Wd Sdng,,BrkTil,GasA,N,Detchd,,WD,Normal,Reg,Gtl,TA,TA,TA,TA,No,Unf,Unf,TA,SBrkr,TA,Typ,Gd,Unf,TA,Y,,
0,0,0,0,6,0.0,0,1,1032,9600,280,0,1,58,752,3,119000,96,1,0,0,220,0,0,80.0,1252,0,5,0,50,RL,Lvl,Inside,NAmes,Norm,1Fam,1.5Fin,Gable,CompShg,VinylSd,VinylSd,,CBlock,GasA,Y,Attchd,,WD,Abnorml,Reg,Gtl,TA,TA,TA,TA,No,BLQ,Unf,TA,FuseA,TA,Typ,,Unf,TA,Y,,
0,0,0,0,5,0.0,0,0,780,6342,0,0,1,135,780,2,94000,176,1,0,0,240,0,0,54.0,1020,0,8,0,50,RL,Lvl,Inside,Sawyer,Feedr,1Fam,1.5Fin,Gable,CompShg,VinylSd,VinylSd,,CBlock,GasA,N,,,WD,Normal,Reg,Gtl,TA,Gd,TA,TA,No,Unf,Unf,Gd,SBrkr,TA,Typ,,,,N,,
0,0,0,1,6,0.0,0,2,1567,9819,1567,32,1,32,0,2,196000,0,2,2,0,0,0,264,70.0,1567,0,5,0,20,RL,Lvl,Inside,Mitchel,Norm,1Fam,1Story,Gable,CompShg,Plywood,ImStucc,,PConc,GasA,Y,Attchd,,WD,Normal,IR1,Mod,TA,TA,TA,TA,Gd,ALQ,Unf,TA,SBrkr,Gd,Typ,TA,RFn,TA,Y,,
0,0,0,0,5,0.0,0,2,915,8731,645,0,1,87,270,3,144000,216,1,1,0,0,126,0,98.0,1167,0,5,0,30,RL,Lvl,Inside,BrkSide,Norm,1Fam,1Story,Gable,CompShg,Stucco,Stucco,,BrkTil,GasA,Y,Detchd,,WD,Normal,IR1,Gtl,TA,Fa,TA,TA,No,BLQ,Unf,TA,SBrkr,TA,Maj1,Gd,Unf,TA,Y,,
0,0,0,1,5,0.0,0,2,952,7350,852,0,1,57,100,2,139000,0,1,0,0,0,0,0,60.0,952,0,7,0,20,RL,Lvl,Corner,NAmes,Norm,1Fam,1Story,Gable,CompShg,HdBoard,HdBoard,,CBlock,GasA,Y,Detchd,,COD,Abnorml,Reg,Gtl,TA,TA,TA,TA,Mn,ALQ,Unf,TA,SBrkr,TA,Typ,,Unf,TA,Y,,
0,0,1,1,5,44.0,0,2,780,10304,381,96,1,33,399,4,197500,0,2,1,0,780,0,448,70.0,1868,0,7,0,60,RL,Lvl,CulDSac,NWAmes,PosN,1Fam,2Story,Gable,CompShg,Plywood,Plywood,BrkFace,CBlock,GasA,Y,Attchd,,WD,Normal,IR1,Gtl,TA,Gd,TA,TA,No,ALQ,Unf,Ex,SBrkr,Gd,Typ,TA,Unf,TA,Y,,
0,0,0,1,8,340.0,0,3,1466,9965,1150,144,1,1,316,4,424870,0,3,1,0,1362,0,125,77.0,2828,0,5,0,60,RL,Lvl,Inside,CollgCr,Norm,1Fam,2Story,Hip,CompShg,VinylSd,VinylSd,Stone,PConc,GasA,Y,BuiltIn,,New,Partial,Reg,Gtl,Gd,TA,Ex,TA,Gd,GLQ,Unf,Ex,SBrkr,Gd,Typ,TA,RFn,TA,Y,,
0,0,0,0,5,0.0,0,0,1006,9000,288,24,1,49,718,3,80000,0,1,0,0,0,0,0,70.0,1006,0,3,0,20,RL,Lvl,Inside,Sawyer,Norm,1Fam,1Story,Gable,CompShg,Wd Sdng,Plywood,,CBlock,GasA,Y,,,WD,Normal,Reg,Gtl,TA,TA,TA,TA,No,GLQ,Unf,TA,SBrkr,TA,Typ,,,,Y,,
0,0,0,1,4,0.0,0,1,672,12180,348,0,1,69,324,2,80000,0,1,0,0,252,0,0,60.0,924,0,4,0,190,RL,Lvl,Inside,Edwards,Norm,2fmCon,1.5Fin,Gable,CompShg,MetalSd,MetalSd,,BrkTil,Grav,N,Detchd,,WD,Normal,Reg,Gtl,TA,Fa,Gd,TA,No,BLQ,Unf,Fa,FuseA,Fa,Typ,,Unf,TA,Y,,MnPrv
0,0,0,0,5,0.0,0,1,1042,6240,0,0,1,78,1042,3,149000,0,1,1,0,534,0,0,52.0,1576,0,6,0,50,RM,Lvl,Inside,BrkSide,Norm,1Fam,1.5Fin,Gable,CompShg,MetalSd,MetalSd,,BrkTil,GasA,Y,Detchd,,WD,Family,Reg,Gtl,TA,TA,TA,TA,No,Unf,Unf,Ex,SBrkr,TA,Typ,Gd,Unf,TA,Y,,
0,0,0,1,6,85.0,0,2,1298,11200,1258,26,1,21,40,3,180000,0,2,1,0,0,0,165,70.0,1298,0,5,0,20,RL,Lvl,Inside,SawyerW,Norm,1Fam,1Story,Gable,CompShg,Wd Sdng,Wd Shng,BrkFace,CBlock,GasA,Y,Attchd,,WD,Normal,Reg,Gtl,Gd,TA,Gd,TA,No,GLQ,Unf,TA,SBrkr,Gd,Typ,TA,Unf,TA,Y,,
0,0,1,0,7,0.0,0,1,704,12000,275,0,1,68,429,3,174500,0,1,1,0,704,0,0,75.0,1564,0,7,0,70,RL,Bnk,Inside,Crawfor,Norm,1Fam,2Story,Gable,CompShg,MetalSd,MetalSd,,CBlock,GasA,Y,Attchd,,WD,Normal,Reg,Gtl,TA,TA,TA,TA,No,Rec,Unf,Ex,SBrkr,Fa,Typ,Gd,Unf,TA,Y,,
0,0,0,0,7,0.0,0,1,572,5700,0,0,1,82,572,2,116900,176,1,1,0,539,0,0,70.0,1111,0,7,0,50,RM,Lvl,Inside,OldTown,Norm,1Fam,1.5Fin,Gable,CompShg,Wd Sdng,Wd Sdng,,PConc,GasA,Y,Detchd,,WD,Normal,Reg,Gtl,TA,TA,TA,TA,No,Unf,Unf,TA,SBrkr,TA,Typ,Gd,Unf,TA,Y,,
1,0,0,0,7,0.0,0,2,650,9000,624,0,1,89,26,3,143000,0,1,0,0,650,0,0,50.0,1482,0,9,0,70,RM,Lvl,Inside,OldTown,Artery,1Fam,2Story,Hip,CompShg,VinylSd,VinylSd,,PConc,GasA,Y,Detchd,,WD,Normal,Reg,Gtl,TA,Gd,TA,TA,No,ALQ,Unf,Ex,SBrkr,TA,Typ,,Unf,TA,Y,,
0,0,0,0,6,0.0,0,1,932,8280,0,0,1,57,932,2,124000,214,1,1,0,0,0,0,57.0,932,0,5,0,20,RL,Lvl,Inside,NAmes,Norm,1Fam,1Story,Gable,CompShg,BrkFace,BrkFace,,CBlock,GasA,Y,Attchd,,WD,Normal,IR1,Gtl,TA,TA,TA,TA,No,Unf,Unf,Ex,FuseA,Gd,Typ,Gd,Unf,TA,Y,,GdPrv
0,0,1,0,5,132.0,0,2,1466,17755,176,140,1,47,1290,3,149900,0,1,2,0,0,100,0,134.0,1466,0,4,0,20,RL,Lvl,Inside,Edwards,Norm,1Fam,1Story,Gable,CompShg,HdBoard,Plywood,BrkFace,CBlock,GasA,Y,Attchd,,WD,Normal,Reg,Gtl,TA,TA,TA,TA,No,BLQ,Unf,TA,SBrkr,Fa,Typ,Gd,Fin,TA,Y,,
0,547,0,0,6,0.0,0,2,1073,14115,296,0,1,50,230,2,230000,280,1,1,0,0,0,0,90.0,1811,0,7,0,20,RL,Lvl,Inside,Crawfor,Norm,1Fam,1Story,Gable,CompShg,Stone,Stone,,PConc,GasA,Y,Attchd,,WD,Abnorml,IR1,Gtl,TA,TA,TA,TA,No,ALQ,GLQ,Ex,SBrkr,Ex,Typ,Gd,Fin,TA,Y,,
0,0,0,0,6,0.0,0,1,816,5890,538,0,1,78,278,2,120500,96,1,0,0,0,0,0,70.0,816,0,8,0,30,RM,Lvl,Corner,IDOTRR,Norm,1Fam,1Story,Gable,CompShg,Wd Sdng,Wd Sdng,,BrkTil,GasA,Y,Detchd,,WD,Normal,Reg,Gtl,Gd,Gd,TA,TA,Av,ALQ,Unf,Ex,SBrkr,TA,Typ,,Unf,TA,Y,,
0,0,2,0,7,288.0,0,2,864,13700,454,84,1,43,410,4,201800,0,1,2,0,918,273,60,70.0,1820,0,6,0,60,RL,Lvl,Inside,NAmes,Norm,1Fam,2Story,Gable,CompShg,VinylSd,VinylSd,Stone,CBlock,GasA,Y,Attchd,,WD,Normal,IR1,Gtl,TA,TA,TA,TA,Gd,ALQ,Unf,TA,SBrkr,Gd,Typ,Gd,Unf,TA,Y,,GdPrv
0,0,0,1,5,0.0,0,2,1437,10768,1157,21,1,31,280,3,218000,0,2,1,0,0,180,0,90.0,1437,0,8,0,20,RL,Lvl,Corner,Veenker,Norm,1Fam,1Story,Gable,CompShg,Plywood,Plywood,,CBlock,GasA,Y,Attchd,,WD,Normal,IR1,Gtl,Gd,Gd,Gd,TA,Gd,ALQ,Unf,TA,SBrkr,Gd,Typ,Fa,RFn,TA,Y,,
1,0,0,0,5,0.0,0,2,1219,9350,633,92,1,43,586,3,179900,0,2,1,0,0,0,0,85.0,1265,96,8,0,80,RL,Lvl,Inside,NAmes,Norm,1Fam,SLvl,Gable,CompShg,BrkFace,BrkFace,,PConc,GasA,Y,Attchd,,WD,Normal,Reg,Gtl,TA,Gd,TA,TA,Gd,ALQ,Unf,Gd,SBrkr,Gd,Typ,Gd,RFn,TA,Y,,MnPrv
0,0,0,1,7,166.0,0,2,1314,5001,904,62,1,2,410,2,230000,0,2,1,0,0,0,172,34.0,1314,0,5,0,120,RL,Lvl,Inside,NridgHt,Norm,Twnhs,1Story,Gable,CompShg,VinylSd,VinylSd,Stone,PConc,GasA,Y,Attchd,,WD,Normal,IR1,Gtl,Gd,TA,Gd,TA,No,GLQ,Unf,Ex,SBrkr,Gd,Typ,Gd,RFn,TA,Y,,
0,0,0,0,8,186.0,0,3,1580,11932,0,24,1,1,1580,3,235128,0,2,0,0,0,0,0,92.0,1580,0,5,0,20,RL,Lvl,FR2,Somerst,Feedr,1Fam,1Story,Gable,CompShg,VinylSd,VinylSd,Stone,PConc,GasA,Y,Attchd,,ConLD,Partial,Reg,Gtl,Gd,TA,Gd,TA,No,Unf,Unf,Ex,SBrkr,Gd,Typ,,RFn,TA,Y,,
0,0,1,0,6,270.0,0,2,901,9120,442,69,1,34,459,4,185000,0,2,1,0,933,0,0,76.0,1876,0,6,0,60,RL,Lvl,Inside,NWAmes,Norm,1Fam,2Story,Hip,CompShg,HdBoard,HdBoard,BrkFace,CBlock,GasA,Y,Attchd,,WD,Normal,Reg,Gtl,Gd,TA,TA,TA,No,ALQ,Unf,TA,SBrkr,Gd,Typ,TA,RFn,Gd,Y,,
0,0,1,0,6,0.0,0,2,855,2280,311,0,1,32,544,3,146000,0,2,1,0,601,0,26,24.0,1456,0,5,0,160,RL,Lvl,Inside,NPkVill,Norm,Twnhs,2Story,Gable,CompShg,Plywood,Brk Cmn,,CBlock,GasA,Y,Attchd,,WD,Normal,Reg,Gtl,TA,TA,Gd,TA,No,ALQ,Unf,Fa,SBrkr,TA,Typ,TA,Unf,TA,Y,,
0,0,0,1,6,72.0,0,2,1296,14778,728,0,1,54,568,3,224000,0,1,1,0,0,0,108,70.0,1640,216,7,0,20,RL,Low,CulDSac,Crawfor,PosN,1Fam,1Story,Hip,CompShg,HdBoard,HdBoard,BrkFace,CBlock,GasA,Y,Detchd,,WD,Normal,IR1,Gtl,Gd,TA,TA,TA,No,BLQ,Unf,Ex,SBrkr,Gd,Typ,Gd,Unf,TA,Y,,
0,0,0,0,5,0.0,0,2,894,8724,492,0,1,39,402,3,129000,0,1,1,0,0,0,0,109.0,894,0,5,0,20,RL,Lvl,Inside,Sawyer,Norm,1Fam,1Story,Gable,CompShg,VinylSd,VinylSd,,CBlock,GasA,Y,Attchd,,WD,Normal,Reg,Gtl,TA,TA,Gd,TA,No,BLQ,Unf,Gd,SBrkr,TA,Typ,Po,Fin,TA,Y,,
0,0,2,2,4,0.0,0,2,1198,12900,1198,0,2,39,0,0,108959,0,0,0,0,0,0,120,60.0,1258,0,4,0,90,RL,Lvl,Inside,Sawyer,Feedr,Duplex,SFoyer,Gable,CompShg,Plywood,Plywood,,CBlock,GasA,Y,CarPort,,WD,Alloca,Reg,Gtl,TA,TA,Gd,TA,Av,GLQ,Unf,TA,SBrkr,TA,Typ,,Unf,Fa,Y,,
0,391,1,1,5,0.0,0,2,1360,16157,680,180,1,29,289,2,194000,0,1,1,0,0,0,168,70.0,1432,0,7,0,80,RL,Lvl,FR2,Veenker,Feedr,1Fam,SLvl,Gable,CompShg,Plywood,Plywood,,PConc,GasA,Y,Attchd,,WD,Normal,IR1,Gtl,TA,TA,Gd,TA,Gd,ALQ,Rec,Ex,SBrkr,Gd,Typ,TA,Unf,TA,Y,,
0,0,0,0,7,268.0,0,2,1502,9541,0,114,1,0,1502,3,233170,0,2,0,0,0,0,0,79.0,1502,0,5,0,20,RL,Lvl,Inside,NridgHt,Norm,1Fam,1Story,Gable,CompShg,VinylSd,VinylSd,Stone,PConc,GasA,Y,Attchd,,New,Partial,IR1,Gtl,Gd,TA,Gd,TA,No,Unf,Unf,Ex,SBrkr,Gd,Typ,,RFn,TA,Y,,
0,0,0,0,8,72.0,0,3,1694,10475,0,33,1,2,1694,3,245350,0,2,0,0,0,0,160,64.0,1694,0,5,0,20,RL,Lvl,Corner,CollgCr,Norm,1Fam,1Story,Gable,CompShg,VinylSd,VinylSd,Stone,PConc,GasA,Y,Attchd,,WD,Normal,IR1,Gtl,Gd,TA,Gd,TA,Av,Unf,Unf,Ex,SBrkr,Gd,Typ,,RFn,TA,Y,,
0,0,1,1,6,0.0,0,2,959,10852,786,38,1,6,173,3,173000,0,2,1,0,712,0,0,58.0,1671,0,5,0,60,RL,Lvl,Inside,Gilbert,RRAn,1Fam,2Story,Gable,CompShg,VinylSd,VinylSd,,PConc,GasA,Y,Attchd,,WD,Normal,IR1,Gtl,TA,TA,Gd,TA,No,GLQ,Unf,Ex,SBrkr,TA,Typ,TA,Fin,TA,Y,,
0,0,0,0,6,0.0,0,2,1127,13728,626,0,1,73,501,4,235000,0,2,2,0,872,90,0,120.0,2108,0,7,0,70,RL,Lvl,Corner,Edwards,Norm,1Fam,2Story,Hip,CompShg,Stucco,Stucco,,CBlock,GasA,Y,Basment,,WD,Normal,Reg,Gtl,TA,TA,TA,TA,No,Rec,Unf,Ex,SBrkr,Gd,Typ,TA,Unf,TA,Y,,
0,0,1,1,10,1378.0,0,3,1930,35760,1387,76,1,11,543,4,625000,0,3,1,0,1796,0,361,118.0,3627,0,5,0,60,RL,Lvl,CulDSac,NoRidge,Norm,1Fam,2Story,Hip,CompShg,HdBoard,HdBoard,BrkFace,PConc,GasA,Y,Attchd,,WD,Normal,IR1,Gtl,Gd,Gd,Ex,TA,Gd,GLQ,Unf,Ex,SBrkr,Gd,Typ,TA,Fin,TA,Y,,
0,0,0,1,6,0.0,0,1,1096,9880,522,0,1,31,574,3,171000,0,1,1,0,0,0,203,76.0,1118,0,6,576,80,RL,Lvl,Inside,Mitchel,Norm,1Fam,SLvl,Gable,CompShg,Plywood,Plywood,,CBlock,GasA,Y,Attchd,,WD,Normal,Reg,Gtl,TA,TA,TA,TA,Av,ALQ,Unf,TA,SBrkr,TA,Typ,Po,Fin,TA,Y,Gd,GdPrv
0,0,0,1,6,0.0,0,2,1261,9120,662,0,1,50,599,3,163000,0,1,1,1400,0,288,0,76.0,1261,0,6,0,20,RL,Lvl,Inside,NAmes,Norm,1Fam,1Story,Hip,CompShg,MetalSd,MetalSd,,CBlock,GasA,Y,Attchd,Shed,WD,Normal,Reg,Gtl,TA,TA,TA,TA,No,ALQ,Unf,Ex,SBrkr,TA,Typ,TA,RFn,TA,Y,,
0,0,1,0,7,0.0,0,2,625,4017,0,54,1,2,625,2,171900,0,2,0,0,625,0,0,35.0,1250,0,5,0,160,FV,Lvl,Inside,Somerst,Norm,TwnhsE,2Story,Gable,CompShg,MetalSd,MetalSd,,PConc,GasA,Y,Detchd,,WD,Normal,IR1,Gtl,Gd,TA,Gd,TA,No,Unf,Unf,Ex,SBrkr,Gd,Typ,,Fin,TA,Y,,
0,469,0,0,5,0.0,479,0,1598,18030,152,0,1,61,977,3,200500,0,3,1,0,971,0,122,138.0,3086,0,6,0,50,RL,Bnk,Inside,ClearCr,Norm,1Fam,1.5Fin,Gable,CompShg,MetalSd,MetalSd,,CBlock,GasA,Y,,,WD,Normal,IR1,Gtl,TA,TA,TA,TA,No,Rec,BLQ,TA,SBrkr,Ex,Maj1,Gd,,,Y,,MnPrv
0,0,1,0,6,0.0,0,2,952,16560,503,0,1,74,449,4,239000,0,2,1,0,1175,0,0,80.0,2345,0,8,0,70,RL,Lvl,Inside,Crawfor,Norm,1Fam,2Story,Gable,CompShg,Wd Sdng,Wd Sdng,,BrkTil,GasA,Y,Detchd,,WD,Normal,IR1,Gtl,TA,TA,Gd,TA,No,Rec,Unf,TA,SBrkr,TA,Typ,Gd,Unf,TA,Y,,
0,0,1,0,8,337.0,0,2,1683,10678,700,33,1,15,983,4,285000,0,2,1,0,743,0,0,85.0,2872,0,5,0,50,RL,Lvl,Inside,NoRidge,Norm,1Fam,1.5Fin,Hip,CompShg,HdBoard,HdBoard,BrkFace,PConc,GasA,Y,Attchd,,WD,Normal,Reg,Gtl,Gd,TA,Gd,TA,No,GLQ,Unf,Ex,SBrkr,Gd,Typ,TA,Fin,TA,Y,,
0,0,0,1,5,0.0,0,1,876,6951,658,0,1,24,218,3,119500,0,1,0,0,0,0,362,37.0,923,0,5,0,20,RL,Lvl,CulDSac,Mitchel,Norm,1Fam,1Story,Gable,CompShg,HdBoard,Plywood,,CBlock,GasA,Y,Attchd,,WD,Normal,IR1,Gtl,TA,TA,TA,TA,No,ALQ,Unf,TA,SBrkr,TA,Typ,,Unf,TA,Y,,MnPrv
0,0,0,0,6,0.0,0,1,818,3950,468,0,1,83,350,3,115000,116,1,0,0,406,0,0,70.0,1224,0,8,0,50,RM,Bnk,Inside,OldTown,Artery,1Fam,1.5Fin,Gable,CompShg,MetalSd,MetalSd,,CBlock,GasA,Y,Detchd,,WD,Normal,Reg,Gtl,TA,TA,TA,TA,No,Rec,Unf,TA,SBrkr,TA,Typ,,Unf,TA,N,,
0,0,1,0,5,0.0,0,1,731,7681,0,0,1,88,731,3,154900,102,1,1,0,523,0,192,54.0,1343,0,6,0,50,RL,Lvl,FR2,Crawfor,Norm,1Fam,1.5Fin,Gable,CompShg,Wd Sdng,Wd Sdng,,BrkTil,GasA,Y,Detchd,,WD,Normal,IR1,Gtl,TA,TA,TA,TA,No,Unf,Unf,Ex,SBrkr,TA,Typ,Gd,Unf,Fa,Y,,
0,0,0,0,5,0.0,0,0,0,8335,0,36,1,52,0,3,93000,190,1,1,0,0,0,0,77.0,1124,0,5,0,20,RL,Lvl,Corner,Edwards,Norm,1Fam,1Story,Gable,CompShg,Wd Sdng,Wd Sdng,,Slab,GasA,Y,,,WD,Normal,Reg,Gtl,TA,TA,,,,,,Gd,SBrkr,TA,Min2,Gd,,,N,,
0,0,1,0,7,0.0,0,2,1216,11170,1216,0,1,16,0,4,250000,0,2,0,0,1216,0,0,70.0,2514,0,5,0,60,RL,Lvl,Corner,Timber,Norm,1Fam,2Story,Gable,CompShg,MetalSd,MetalSd,,Wood,GasA,Y,Attchd,,WD,Normal,IR2,Gtl,TA,TA,Gd,TA,No,LwQ,Unf,Ex,SBrkr,TA,Typ,,Fin,TA,Y,,GdPrv
1,0,0,1,8,186.0,0,2,1600,5587,1480,53,1,0,120,2,392500,0,2,1,0,0,0,162,64.0,1652,153,5,0,120,RM,HLS,Inside,Crawfor,Norm,TwnhsE,1Story,Hip,CompShg,CemntBd,CmentBd,Stone,PConc,GasA,Y,Attchd,,New,Partial,IR1,Mod,Ex,TA,Ex,TA,Gd,GLQ,Unf,Ex,SBrkr,Gd,Typ,Gd,Fin,TA,Y,,
0,0,1,1,10,0.0,0,3,2396,15623,2096,78,1,11,300,4,745000,0,3,2,0,2065,0,171,160.0,4476,0,5,555,60,RL,Lvl,Corner,NoRidge,Norm,1Fam,2Story,Hip,CompShg,Wd Sdng,ImStucc,,PConc,GasA,Y,Attchd,,WD,Abnorml,IR1,Gtl,Gd,TA,Ex,TA,Av,GLQ,Unf,Ex,SBrkr,Ex,Typ,TA,Fin,TA,Y,Ex,MnPrv
0,0,0,1,5,0.0,0,2,1120,10800,821,0,1,86,299,2,120000,0,1,1,0,0,0,229,60.0,1130,0,6,0,30,RL,Lvl,Inside,OldTown,Norm,1Fam,1Story,Hip,CompShg,Stucco,Stucco,,BrkTil,GasA,Y,Detchd,,WD,Normal,Reg,Gtl,TA,TA,TA,TA,No,Rec,Unf,Ex,SBrkr,TA,Typ,Gd,Unf,TA,Y,,
0,0,1,1,5,226.0,0,3,1572,35133,1159,263,1,44,413,3,186700,0,1,2,0,0,263,0,50.0,1572,0,4,0,20,RL,Lvl,Inside,Timber,Norm,1Fam,1Story,Hip,CompShg,MetalSd,MetalSd,BrkFace,CBlock,GasA,Y,2Types,,WD,Normal,Reg,Mod,TA,TA,TA,TA,Gd,Rec,Unf,Gd,SBrkr,TA,Typ,TA,RFn,TA,Y,,
0,0,0,1,5,0.0,0,1,784,9738,392,0,1,82,392,4,104900,236,1,0,0,272,0,0,60.0,1221,0,7,0,50,RL,Lvl,Inside,Edwards,Norm,1Fam,1.5Fin,Gable,CompShg,AsbShng,AsbShng,,BrkTil,GasA,Y,Attchd,,WD,Normal,Reg,Gtl,TA,Gd,TA,TA,No,BLQ,Unf,Gd,SBrkr,TA,Typ,,Unf,TA,Y,,
0,0,0,1,3,0.0,0,2,978,10615,440,74,2,109,538,3,95000,0,2,0,0,685,0,0,107.0,1699,0,5,0,190,RL,Bnk,Corner,OldTown,Artery,2fmCon,2Story,Gable,CompShg,HdBoard,HdBoard,,CBlock,GasA,Y,CarPort,,WD,Abnorml,IR1,Mod,TA,TA,Fa,TA,Mn,BLQ,Unf,TA,SBrkr,TA,Typ,,Unf,Fa,Y,,
0,0,0,1,8,0.0,0,3,1624,12461,1456,114,1,12,168,2,262000,192,2,1,0,0,0,0,89.0,1624,0,5,0,20,RL,Lvl,Corner,NoRidge,Norm,1Fam,1Story,Gable,CompShg,ImStucc,ImStucc,,PConc,GasA,Y,Attchd,,WD,Normal,Reg,Gtl,Gd,TA,Gd,TA,No,GLQ,Unf,Ex,SBrkr,Gd,Typ,Fa,RFn,TA,Y,,GdPrv
0,0,1,0,7,95.0,0,2,831,8935,0,68,1,7,831,3,195000,0,2,0,0,829,0,144,68.0,1660,0,5,0,60,RL,Lvl,Inside,CollgCr,Norm,1Fam,2Story,Gable,CompShg,VinylSd,VinylSd,BrkFace,PConc,GasA,Y,Attchd,,WD,Normal,IR1,Gtl,Gd,TA,Gd,TA,No,Unf,Unf,Ex,SBrkr,Gd,Typ,,RFn,TA,Y,,
0,0,1,0,7,0.0,0,2,994,7500,0,60,1,11,994,3,189000,0,2,1,0,776,0,140,60.0,1804,0,5,0,60,RL,Lvl,Inside,Gilbert,Norm,1Fam,2Story,Gable,CompShg,VinylSd,VinylSd,,PConc,GasA,Y,Attchd,,WD,Normal,Reg,Gtl,TA,TA,TA,TA,No,Unf,Unf,Gd,SBrkr,Gd,Typ,TA,Fin,TA,Y,,
0,0,0,1,4,149.0,0,4,1249,32463,1159,0,1,46,90,3,168000,0,1,1,0,0,0,439,70.0,1622,0,4,0,190,RL,Low,Inside,Mitchel,Norm,2fmCon,1Story,Gable,CompShg,MetalSd,MetalSd,Stone,CBlock,GasA,Y,2Types,,WD,Normal,Reg,Mod,TA,Gd,TA,TA,Av,BLQ,Unf,Ex,SBrkr,TA,Typ,TA,Fin,TA,Y,,
0,0,1,0,8,456.0,0,2,776,2645,0,0,1,8,776,2,174000,0,2,0,0,677,0,206,24.0,1441,0,5,0,160,FV,Lvl,Inside,Somerst,Norm,Twnhs,2Story,Gable,CompShg,MetalSd,MetalSd,BrkFace,PConc,GasA,Y,Detchd,,WD,Normal,Reg,Gtl,Gd,TA,Gd,TA,No,Unf,Unf,Ex,SBrkr,Gd,Typ,,Unf,TA,Y,,
0,0,0,0,5,0.0,0,1,702,9600,0,0,1,82,702,3,125000,84,1,0,0,630,0,0,60.0,1472,0,8,0,50,RM,Lvl,Inside,OldTown,Norm,1Fam,1.5Fin,Gambrel,CompShg,VinylSd,VinylSd,,PConc,GasA,Y,Detchd,,WD,Normal,Reg,Gtl,TA,TA,TA,TA,Mn,Unf,Unf,Gd,SBrkr,Gd,Typ,,Unf,TA,P,,GdWo
0,0,0,1,6,425.0,0,2,1224,4500,883,304,1,10,341,2,165000,0,2,0,0,0,0,0,70.0,1224,0,5,0,120,RM,Lvl,FR2,Mitchel,Norm,TwnhsE,1Story,Hip,CompShg,VinylSd,VinylSd,BrkFace,PConc,GasA,Y,Attchd,,WD,Normal,Reg,Gtl,TA,TA,Ex,TA,No,GLQ,Unf,Ex,SBrkr,TA,Typ,,Fin,TA,Y,,
0,0,1,0,6,143.0,0,1,663,9364,371,36,1,41,292,4,158000,0,1,0,0,689,0,379,80.0,1352,0,7,0,60,RL,Lvl,Corner,Sawyer,Norm,1Fam,2Story,Gable,CompShg,HdBoard,HdBoard,Stone,CBlock,GasA,Y,Attchd,,WD,Normal,Reg,Gtl,TA,TA,TA,TA,No,ALQ,Unf,TA,SBrkr,TA,Typ,,Fin,TA,Y,,MnPrv
0,0,1,0,6,0.0,0,2,728,8029,0,24,1,3,728,3,176000,0,2,0,0,728,0,100,51.0,1456,0,5,0,60,RL,Lvl,Inside,Gilbert,Norm,1Fam,2Story,Gable,CompShg,VinylSd,VinylSd,,PConc,GasA,Y,Attchd,,WD,Normal,IR1,Gtl,TA,TA,Gd,TA,No,Unf,Unf,Ex,SBrkr,Gd,Typ,,Fin,TA,Y,,
0,0,1,0,7,0.0,0,3,879,14054,0,17,1,0,879,4,219210,0,2,1,0,984,0,100,58.0,1863,0,5,0,60,RL,Lvl,Inside,Gilbert,Norm,1Fam,2Story,Gable,CompShg,VinylSd,VinylSd,,PConc,GasA,Y,BuiltIn,,New,Partial,IR1,Gtl,Gd,TA,Gd,TA,Av,Unf,Unf,Ex,SBrkr,Gd,Typ,Gd,Fin,TA,Y,,
0,0,0,0,7,0.0,0,1,815,8850,0,0,1,90,815,3,144000,330,1,1,0,875,0,0,65.0,1690,0,6,0,75,RM,Bnk,Corner,OldTown,Norm,1Fam,2.5Unf,Gable,CompShg,MetalSd,MetalSd,,BrkTil,GasA,Y,Detchd,,ConLw,Normal,IR1,Gtl,TA,TA,TA,TA,No,Unf,Unf,Ex,SBrkr,TA,Typ,Gd,Unf,TA,Y,,
0,0,0,0,7,0.0,0,2,1212,9100,0,0,1,8,1212,3,178000,0,2,0,0,0,0,356,70.0,1212,0,5,0,20,RL,Lvl,Inside,CollgCr,Norm,1Fam,1Story,Gable,CompShg,VinylSd,VinylSd,,PConc,GasA,Y,Attchd,,WD,Normal,Reg,Gtl,Gd,TA,Gd,TA,No,Unf,Unf,Ex,SBrkr,Gd,Typ,,RFn,TA,Y,,
0,0,1,0,4,51.0,0,2,1051,11235,547,82,1,43,504,3,148000,0,1,1,0,0,0,0,75.0,1382,0,5,0,20,RL,Lvl,Inside,Sawyer,Norm,1Fam,1Story,Gable,CompShg,HdBoard,HdBoard,BrkFace,CBlock,GasA,Y,Attchd,,WD,Normal,Reg,Gtl,TA,TA,TA,TA,No,Rec,Unf,Gd,SBrkr,TA,Typ,Po,Unf,TA,Y,,
0,0,0,0,4,0.0,0,1,864,9353,0,0,1,36,864,3,116050,0,1,0,0,0,0,0,71.0,864,0,5,0,20,RL,Lvl,Inside,NAmes,Norm,1Fam,1Story,Gable,CompShg,MetalSd,MetalSd,,CBlock,GasA,Y,Attchd,Shed,Oth,Abnorml,Reg,Gtl,TA,TA,TA,TA,No,Unf,Unf,Gd,SBrkr,TA,Typ,,Unf,TA,Y,,
0,0,1,0,7,0.0,0,2,866,10400,0,36,1,11,866,3,197900,0,2,0,0,913,0,198,80.0,1779,0,5,0,60,RL,Lvl,Corner,CollgCr,Norm,1Fam,2Story,Gable,CompShg,VinylSd,VinylSd,,PConc,GasA,Y,Attchd,,WD,Normal,Reg,Gtl,TA,TA,Gd,TA,Av,Unf,Unf,Ex,SBrkr,Gd,Typ,,RFn,TA,Y,,
0,0,0,1,5,0.0,0,1,884,6000,0,0,1,84,884,3,117000,208,1,1,0,464,0,0,50.0,1348,0,8,0,50,RM,Lvl,Corner,BrkSide,Norm,1Fam,1.5Fin,Gable,CompShg,Wd Sdng,Wd Sdng,,BrkTil,GasA,Y,Detchd,,WD,Normal,Reg,Gtl,TA,TA,TA,TA,No,Unf,Unf,Ex,SBrkr,TA,Typ,Fa,Unf,TA,N,,
0,0,0,0,7,171.0,0,2,1630,9750,0,234,1,9,1630,3,213000,0,2,1,0,0,0,74,75.0,1630,0,5,0,20,RL,Lvl,Inside,CollgCr,Norm,1Fam,1Story,Gable,CompShg,VinylSd,VinylSd,BrkFace,PConc,GasA,Y,Attchd,,WD,Normal,Reg,Gtl,Gd,TA,Gd,TA,No,Unf,Unf,Ex,SBrkr,Gd,Typ,TA,Unf,TA,Y,,
0,0,1,1,5,0.0,0,2,1056,10140,788,88,1,31,268,3,153500,0,1,0,0,0,0,0,78.0,1074,0,6,0,20,RL,Lvl,Inside,NWAmes,Norm,1Fam,1Story,Gable,CompShg,HdBoard,HdBoard,,CBlock,GasA,Y,Attchd,,WD,Normal,Reg,Gtl,TA,TA,Gd,TA,No,ALQ,Unf,Ex,SBrkr,TA,Typ,,RFn,TA,Y,,MnPrv
0,177,0,0,7,234.0,0,3,2158,14684,485,70,1,19,1496,3,271900,0,2,1,0,0,0,84,90.0,2196,0,7,0,20,RL,Lvl,CulDSac,SawyerW,Norm,1Fam,1Story,Hip,CompShg,HdBoard,HdBoard,BrkFace,CBlock,GasA,Y,Attchd,,WD,Normal,IR1,Gtl,Gd,TA,Gd,TA,Mn,ALQ,BLQ,Gd,SBrkr,Gd,Typ,TA,RFn,TA,Y,,
0,0,0,1,4,0.0,0,1,1056,8900,1056,42,1,40,0,2,107000,0,1,0,0,0,0,0,70.0,1056,0,4,0,20,RH,Lvl,Inside,SawyerW,Norm,1Fam,1Story,Gable,CompShg,HdBoard,HdBoard,,CBlock,GasA,Y,Detchd,,WD,Normal,Reg,Gtl,TA,TA,TA,TA,No,Rec,Unf,TA,SBrkr,TA,Typ,,Unf,TA,Y,,MnPrv
0,0,0,1,6,120.0,0,2,1682,9135,340,23,1,3,1342,3,200000,0,2,0,0,0,0,192,70.0,1700,0,5,0,20,RL,Lvl,Inside,CollgCr,Norm,1Fam,1Story,Gable,CompShg,VinylSd,VinylSd,BrkFace,PConc,GasA,Y,Attchd,,WD,Normal,Reg,Gtl,Gd,TA,Gd,TA,Av,GLQ,Unf,Ex,SBrkr,Gd,Typ,,RFn,TA,Y,,
0,108,0,1,5,0.0,0,2,931,7763,504,0,1,46,319,3,140000,0,1,0,0,0,0,0,70.0,1283,0,7,0,20,RL,Lvl,Inside,NAmes,Norm,1Fam,1Story,Gable,CompShg,MetalSd,MetalSd,,CBlock,GasA,Y,Detchd,,WD,Normal,Reg,Gtl,TA,Gd,TA,TA,No,Rec,BLQ,TA,SBrkr,TA,Typ,,Unf,TA,Y,,
0,0,0,1,8,420.0,0,2,1660,10182,1220,50,1,0,440,3,290000,0,2,1,0,0,0,322,85.0,1660,0,5,0,20,RL,Lvl,CulDSac,Somerst,RRNn,1Fam,1Story,Hip,CompShg,VinylSd,VinylSd,Stone,PConc,GasA,Y,Attchd,,New,Partial,IR1,Gtl,Gd,TA,Ex,TA,Mn,GLQ,Unf,Ex,SBrkr,Gd,Typ,Gd,RFn,TA,Y,,
0,0,1,0,6,0.0,0,2,1055,11218,0,104,1,18,1055,3,189000,0,2,1,400,790,0,635,70.0,1845,0,5,0,60,RL,Lvl,Inside,SawyerW,Norm,1Fam,2Story,Gable,CompShg,Wd Sdng,Wd Sdng,,PConc,GasA,Y,Attchd,Shed,WD,Normal,Reg,Gtl,Gd,TA,Gd,TA,No,Unf,Unf,Ex,SBrkr,Gd,Typ,TA,RFn,TA,Y,,GdPrv
0,0,0,0,8,0.0,0,2,559,12134,427,12,1,22,132,4,164000,0,2,0,0,672,0,325,152.0,1752,0,7,0,50,RL,Bnk,Inside,Gilbert,Norm,1Fam,1.5Fin,Gable,CompShg,Wd Sdng,Wd Sdng,,Wood,GasA,Y,Basment,,WD,Normal,IR1,Mod,Gd,TA,Gd,TA,Av,GLQ,Unf,Gd,SBrkr,TA,Typ,,RFn,TA,Y,,
0,0,0,1,4,0.0,0,1,672,9340,344,113,1,68,328,2,113000,0,1,0,0,0,0,0,50.0,672,0,6,0,30,RL,Lvl,Inside,Edwards,Norm,1Fam,1Story,Hip,CompShg,MetalSd,MetalSd,,CBlock,GasA,Y,Attchd,,WD,Normal,Reg,Gtl,TA,TA,TA,TA,No,Rec,Unf,TA,SBrkr,TA,Typ,,Unf,TA,N,,
1,0,0,1,4,0.0,0,1,648,10246,648,0,1,41,0,0,145000,0,0,0,0,0,0,88,70.0,960,0,9,0,80,RL,Lvl,CulDSac,Sawyer,Norm,1Fam,SLvl,Gable,CompShg,VinylSd,VinylSd,,CBlock,GasA,Y,Attchd,,WD,Normal,IR1,Gtl,TA,Gd,TA,Gd,Av,GLQ,Unf,Ex,SBrkr,TA,Typ,,Unf,TA,Y,,
0,0,0,1,5,0.0,0,1,925,10205,784,72,1,44,141,3,134500,0,1,0,0,0,0,150,69.0,999,0,5,0,85,RL,Lvl,Inside,NAmes,Norm,1Fam,SFoyer,Gable,CompShg,MetalSd,MetalSd,,CBlock,GasA,Y,Attchd,,WD,Normal,IR1,Gtl,TA,TA,TA,TA,Av,BLQ,Unf,TA,SBrkr,TA,Typ,,Unf,TA,Y,,
0,374,0,0,5,0.0,0,1,894,7094,180,0,1,41,340,3,125000,0,1,0,0,0,0,0,99.0,894,0,5,0,20,RL,Lvl,Inside,Sawyer,Norm,1Fam,1Story,Gable,CompShg,VinylSd,VinylSd,,CBlock,GasA,Y,Detchd,,WD,Normal,IR1,Gtl,TA,TA,TA,TA,No,Rec,LwQ,TA,SBrkr,TA,Typ,,RFn,TA,Y,,MnPrv
0,0,0,0,6,0.0,0,2,0,8930,0,0,2,32,0,4,112000,0,2,0,0,584,0,0,68.0,1902,0,5,0,90,RM,Lvl,Inside,Sawyer,RRAe,Duplex,1.5Fin,Gable,CompShg,VinylSd,VinylSd,,Slab,GasA,Y,Attchd,,WD,Normal,Reg,Gtl,TA,TA,,,,,,TA,SBrkr,TA,Typ,,Unf,TA,Y,,
0,0,0,1,8,72.0,0,2,1300,8640,936,112,1,0,364,3,229456,0,2,0,0,0,0,135,72.0,1314,0,5,0,20,FV,Lvl,Inside,Somerst,Norm,1Fam,1Story,Gable,CompShg,CemntBd,CmentBd,Stone,PConc,GasA,Y,Attchd,,New,Partial,Reg,Gtl,Gd,TA,Gd,TA,Mn,GLQ,Unf,Ex,SBrkr,Gd,Typ,,RFn,TA,Y,,
0,0,0,0,4,0.0,0,0,0,6240,0,0,1,59,0,2,80500,0,1,0,0,240,0,0,52.0,912,0,5,0,50,RM,Lvl,Inside,BrkSide,Norm,1Fam,1.5Fin,Gable,CompShg,AsbShng,AsbShng,,Slab,GasA,N,,,WD,Normal,Reg,Gtl,TA,TA,,,,,,Gd,SBrkr,TA,Typ,,,,N,,
0,0,1,0,6,236.0,0,0,672,1680,0,0,1,35,672,3,91500,0,1,0,0,546,0,201,21.0,1218,0,5,0,160,RM,Lvl,Inside,BrDale,Norm,Twnhs,2Story,Gable,CompShg,CemntBd,CmentBd,BrkFace,CBlock,GasA,Y,,,WD,Abnorml,Reg,Gtl,TA,TA,TA,TA,No,Unf,Unf,TA,SBrkr,TA,Typ,,,,N,,
0,600,0,0,5,0.0,0,1,912,7800,312,0,1,42,0,2,115000,0,1,0,0,0,0,0,66.0,912,0,5,0,20,RL,Lvl,Inside,NAmes,Norm,1Fam,1Story,Gable,CompShg,Wd Sdng,Wd Sdng,,CBlock,GasA,Y,Attchd,,WD,Abnorml,IR1,Gtl,TA,TA,TA,TA,No,Rec,LwQ,TA,SBrkr,TA,Typ,,Unf,TA,Y,,
0,492,0,0,5,0.0,0,1,952,8250,250,63,1,40,210,3,134000,0,1,1,0,0,0,0,55.0,1211,0,5,0,20,RL,Lvl,Inside,Sawyer,Feedr,1Fam,1Story,Hip,CompShg,HdBoard,HdBoard,,CBlock,GasA,Y,Attchd,,WD,Normal,Reg,Gtl,TA,TA,TA,TA,No,BLQ,LwQ,Ex,SBrkr,TA,Typ,TA,Unf,TA,Y,,
0,0,0,0,6,320.0,0,1,1040,10496,196,0,1,58,844,3,143000,0,2,1,0,678,0,0,78.0,1846,0,6,0,50,RL,Lvl,Inside,NAmes,Artery,1Fam,1.5Fin,Gable,CompShg,Wd Sdng,Wd Sdng,BrkFace,CBlock,GasA,Y,Attchd,,WD,Normal,Reg,Gtl,TA,TA,TA,TA,Mn,Rec,Unf,Ex,SBrkr,TA,Typ,Gd,Unf,TA,Y,,GdWo
0,0,0,0,5,44.0,0,2,2136,10680,756,30,1,55,1380,4,137900,0,2,0,0,0,0,0,89.0,2136,0,3,0,20,RL,Lvl,Inside,NAmes,Norm,1Fam,1Story,Hip,CompShg,Wd Sdng,Wd Sdng,BrkFace,CBlock,GasA,N,Detchd,,WD,Normal,Reg,Gtl,TA,TA,TA,Fa,No,LwQ,Unf,TA,FuseA,TA,Mod,,Unf,TA,Y,,MnPrv
0,0,1,1,7,0.0,0,2,788,15384,724,75,1,4,64,3,184000,0,2,1,0,702,0,100,60.0,1490,0,5,0,60,RL,Lvl,Inside,Gilbert,RRAn,1Fam,2Story,Gable,CompShg,VinylSd,VinylSd,,PConc,GasA,Y,Attchd,,WD,Normal,IR1,Gtl,Gd,TA,Gd,TA,Av,GLQ,Unf,Ex,SBrkr,Gd,Typ,Gd,Fin,TA,Y,,
1,0,0,0,6,63.0,0,1,588,10482,507,0,1,49,81,3,145000,0,1,0,0,0,0,224,65.0,1138,0,8,0,80,RL,Lvl,Inside,NAmes,Norm,1Fam,SLvl,Hip,CompShg,VinylSd,VinylSd,BrkFace,CBlock,GasA,Y,Attchd,,WD,Normal,Reg,Gtl,TA,Gd,TA,TA,Av,GLQ,Unf,Ex,SBrkr,TA,Typ,,RFn,TA,Y,,MnWw
0,0,1,0,6,74.0,0,3,894,14598,0,18,1,1,894,4,214000,0,2,1,0,1039,0,100,86.0,1933,0,5,0,60,RL,Lvl,CulDSac,Somerst,Feedr,1Fam,2Story,Gable,CompShg,VinylSd,VinylSd,Stone,PConc,GasA,Y,BuiltIn,,WD,Normal,IR1,Gtl,Gd,TA,Gd,TA,Mn,Unf,Unf,Ex,SBrkr,Gd,Typ,Gd,Fin,TA,Y,,
0,0,0,1,5,300.0,0,2,912,8872,595,240,1,43,317,2,147000,0,1,0,0,0,0,0,72.0,912,0,8,0,20,RL,Lvl,Corner,NAmes,Norm,1Fam,1Story,Gable,CompShg,VinylSd,VinylSd,BrkFace,CBlock,GasA,Y,Detchd,,WD,Normal,Reg,Gtl,TA,TA,TA,TA,No,ALQ,Unf,Ex,SBrkr,Gd,Typ,,Unf,TA,Y,,
0,0,1,1,9,766.0,0,3,1702,8769,1540,72,1,0,162,1,367294,0,1,1,0,0,224,0,65.0,1702,0,5,0,120,RL,Lvl,Corner,NridgHt,Norm,TwnhsE,1Story,Hip,CompShg,MetalSd,MetalSd,BrkFace,PConc,GasA,Y,Attchd,,New,Partial,Reg,Gtl,Ex,TA,Ex,TA,No,GLQ,Unf,Ex,SBrkr,Ex,Typ,Gd,Fin,TA,Y,,
0,0,0,0,5,0.0,0,1,1075,7910,666,0,1,48,409,4,127000,0,2,0,0,0,0,0,70.0,1507,0,5,0,80,RL,Lvl,Inside,NAmes,Norm,1Fam,SLvl,Hip,CompShg,BrkFace,HdBoard,,CBlock,GasA,Y,Basment,,WD,Normal,Reg,Gtl,TA,TA,TA,TA,No,ALQ,Unf,Gd,SBrkr,TA,Maj1,,Unf,TA,Y,,GdWo
0,211,2,0,5,1.0,0,2,1361,18890,498,24,2,30,652,4,190000,145,2,1,8300,1259,0,155,70.0,2620,0,5,0,90,RL,Lvl,Inside,Sawyer,Feedr,Duplex,1.5Fin,Shed,CompShg,Plywood,Plywood,,CBlock,GasA,Y,BuiltIn,Gar2,WD,Normal,IR1,Gtl,TA,TA,Gd,TA,No,GLQ,Rec,Ex,SBrkr,TA,Typ,TA,RFn,TA,N,,
0,0,0,1,5,120.0,0,2,1106,7728,803,18,1,44,303,3,132500,0,1,0,0,0,0,0,70.0,1190,0,6,0,90,RL,Lvl,Inside,NAmes,Norm,Duplex,SLvl,Hip,CompShg,Wd Sdng,Wd Sdng,BrkFace,CBlock,GasA,Y,Attchd,,WD,Normal,Reg,Gtl,TA,TA,TA,TA,Av,ALQ,Unf,TA,SBrkr,TA,Typ,,Unf,TA,Y,,GdWo
0,0,0,0,4,0.0,0,2,0,9842,0,0,2,45,0,2,101800,0,2,0,0,0,0,0,70.0,1224,0,5,0,90,RL,Lvl,FR2,NAmes,Norm,Duplex,1Story,Gable,CompShg,HdBoard,HdBoard,,Slab,GasA,Y,CarPort,,WD,Normal,Reg,Gtl,TA,TA,,,,,,TA,SBrkr,TA,Typ,,Unf,TA,Y,,
0,0,0,1,5,180.0,0,2,1188,12160,1000,0,1,51,188,3,142000,0,1,0,0,0,0,0,70.0,1188,0,5,0,20,RL,Lvl,Inside,NAmes,Norm,1Fam,1Story,Hip,CompShg,Plywood,Plywood,BrkFace,CBlock,GasA,Y,Attchd,,COD,Abnorml,IR1,Gtl,TA,TA,TA,TA,No,Rec,Unf,Fa,SBrkr,TA,Typ,,RFn,TA,Y,,MnPrv
0,0,1,0,5,0.0,0,0,940,8525,0,192,1,97,940,4,130000,0,1,0,0,940,0,0,55.0,1964,0,6,0,70,RH,Bnk,Inside,SWISU,Norm,1Fam,2Story,Gable,CompShg,MetalSd,MetalSd,,PConc,GasA,N,,,WD,Abnorml,Reg,Gtl,TA,TA,TA,TA,Av,Unf,Unf,TA,FuseA,TA,Typ,,,,N,,
0,0,1,0,5,0.0,0,1,747,13132,0,40,1,92,747,4,138887,0,1,0,0,892,0,203,96.0,1784,0,5,0,70,RL,Lvl,Inside,Crawfor,Norm,1Fam,2Story,Gable,CompShg,Wd Sdng,Wd Sdng,,BrkTil,GasA,Y,Detchd,,WD,Normal,Reg,Gtl,TA,TA,Gd,TA,Mn,Unf,Unf,Gd,FuseF,TA,Typ,,Unf,Fa,N,,
0,0,1,0,7,106.0,0,2,764,2628,0,27,1,7,764,2,175500,0,2,0,0,862,0,0,36.0,1626,0,5,0,160,RL,Lvl,Inside,NridgHt,Norm,Twnhs,2Story,Gable,CompShg,VinylSd,Wd Shng,Stone,PConc,GasA,Y,BuiltIn,,WD,Normal,Reg,Gtl,Gd,TA,Gd,TA,No,Unf,Unf,Ex,SBrkr,Gd,Typ,,RFn,TA,Y,,
0,0,1,0,7,0.0,0,2,847,12393,0,48,1,2,847,4,195000,0,2,1,0,1101,0,100,41.0,1948,0,5,0,60,RL,Lvl,FR2,CollgCr,Norm,1Fam,2Story,Gable,CompShg,VinylSd,VinylSd,,PConc,GasA,Y,BuiltIn,,WD,Normal,IR2,Gtl,Gd,TA,Gd,TA,No,Unf,Unf,Ex,SBrkr,Gd,Typ,Gd,Fin,TA,Y,,
0,0,1,0,6,0.0,0,2,1141,13072,0,0,1,1,1141,3,142500,0,1,0,0,0,0,0,63.0,1141,0,5,0,20,RL,Lvl,Inside,SawyerW,RRAe,1Fam,1Story,Gable,CompShg,VinylSd,VinylSd,,PConc,GasA,Y,Detchd,,WD,Abnorml,Reg,Gtl,Gd,TA,Gd,TA,No,Unf,Unf,Ex,SBrkr,TA,Typ,,Unf,TA,Y,,
0,0,0,0,8,32.0,0,2,1476,9037,428,33,1,1,1048,2,265900,0,2,1,0,0,0,120,64.0,1484,0,5,0,20,RL,HLS,Inside,Timber,Norm,1Fam,1Story,Hip,CompShg,VinylSd,VinylSd,BrkFace,PConc,GasA,Y,Attchd,,WD,Normal,IR1,Gtl,Gd,TA,Gd,TA,Av,GLQ,Unf,Ex,SBrkr,Ex,Typ,Gd,RFn,TA,Y,,
0,0,1,1,7,252.0,0,2,884,8158,550,63,1,5,334,3,224900,0,2,0,0,884,0,0,65.0,1768,0,5,0,60,RL,Lvl,Inside,CollgCr,Norm,1Fam,2Story,Gable,CompShg,VinylSd,VinylSd,BrkFace,PConc,GasA,Y,Attchd,,WD,Normal,Reg,Gtl,Gd,TA,Gd,TA,No,GLQ,Unf,Ex,SBrkr,Gd,Typ,,RFn,TA,Y,,
0,0,0,0,7,0.0,0,3,1689,9849,0,56,1,0,1689,3,248328,0,2,0,0,0,0,0,83.0,1689,0,6,0,20,RL,Lvl,Inside,Somerst,Norm,1Fam,1Story,Hip,CompShg,VinylSd,VinylSd,Stone,PConc,GasA,Y,Attchd,,New,Partial,Reg,Gtl,Gd,TA,Gd,TA,Av,Unf,Unf,Ex,SBrkr,Gd,Typ,,RFn,TA,Y,,
0,168,0,1,7,81.0,0,2,1053,10625,885,120,1,36,0,3,170000,0,2,2,0,0,0,0,85.0,1173,0,6,0,85,RL,Lvl,Inside,NWAmes,Norm,1Fam,SFoyer,Gable,CompShg,Plywood,Plywood,BrkFace,CBlock,GasA,Y,Attchd,,WD,Family,Reg,Gtl,TA,TA,Gd,TA,Gd,GLQ,LwQ,TA,SBrkr,Gd,Typ,TA,RFn,TA,Y,,MnPrv
0,0,0,0,8,0.0,0,2,792,11435,0,0,1,77,792,3,230000,0,1,2,0,725,0,0,70.0,1517,0,7,0,70,RL,HLS,Corner,Crawfor,Norm,1Fam,2Story,Gable,CompShg,BrkFace,Stucco,,PConc,GasA,Y,Detchd,,WD,Normal,IR1,Mod,TA,TA,Gd,TA,No,Unf,Unf,Fa,SBrkr,Gd,Typ,Gd,Unf,TA,Y,,
0,0,1,0,6,74.0,0,2,585,12090,0,112,1,23,585,3,178000,0,3,1,0,728,147,268,78.0,1868,0,7,0,80,RL,Lvl,Inside,NWAmes,Norm,1Fam,SLvl,Hip,CompShg,VinylSd,VinylSd,BrkFace,CBlock,GasA,Y,BuiltIn,,WD,Abnorml,Reg,Gtl,TA,TA,Gd,TA,No,Unf,Unf,Ex,SBrkr,TA,Typ,TA,Fin,TA,Y,,
0,0,1,0,7,0.0,0,2,756,8125,0,45,1,1,756,3,186500,0,2,0,0,797,0,0,65.0,1553,0,5,0,60,FV,Lvl,Inside,Somerst,Norm,1Fam,2Story,Gable,CompShg,VinylSd,VinylSd,,PConc,GasA,Y,Attchd,,New,Partial,Reg,Gtl,Gd,TA,Gd,TA,No,Unf,Unf,Ex,SBrkr,Gd,Typ,,RFn,TA,Y,,
0,0,0,1,6,335.0,0,3,1012,12328,539,0,1,34,473,3,169900,0,1,0,0,0,0,0,70.0,1034,0,5,0,80,RL,Lvl,Inside,Mitchel,Norm,1Fam,SLvl,Gable,CompShg,HdBoard,HdBoard,BrkFace,CBlock,GasA,Y,Attchd,,WD,Normal,IR1,Gtl,TA,TA,TA,TA,Av,GLQ,Unf,TA,SBrkr,TA,Typ,,Unf,TA,Y,,
0,0,1,0,6,0.0,0,2,735,9600,319,0,1,91,416,3,129500,259,1,1,0,924,0,0,60.0,2058,0,5,0,75,RM,Lvl,Inside,OldTown,Norm,1Fam,2.5Unf,Gable,CompShg,AsbShng,AsbShng,,BrkTil,OthW,N,Detchd,,WD,Normal,Reg,Gtl,TA,TA,Gd,TA,No,Rec,Unf,Fa,SBrkr,TA,Typ,Gd,Unf,Fa,P,,
0,96,0,0,5,0.0,0,1,876,7200,534,80,1,57,246,3,119000,0,1,0,0,0,0,0,60.0,988,0,7,0,20,RL,Lvl,Inside,NAmes,Norm,1Fam,1Story,Gable,CompShg,MetalSd,MetalSd,,CBlock,GasA,Y,Attchd,,WD,Normal,Reg,Gtl,TA,TA,TA,TA,No,BLQ,Rec,TA,SBrkr,TA,Typ,,Unf,TA,Y,,
0,0,1,1,7,0.0,0,2,2110,11160,1065,0,1,42,1045,3,244000,0,2,2,0,0,0,0,93.0,2110,0,5,0,20,RL,Lvl,Corner,NAmes,Norm,1Fam,1Story,Hip,CompShg,BrkFace,BrkFace,,CBlock,GasA,Y,Attchd,,WD,Normal,Reg,Gtl,Gd,TA,TA,TA,No,ALQ,Unf,Ex,SBrkr,Ex,Typ,TA,Fin,TA,Y,,
0,0,0,0,7,163.0,0,2,1405,3136,0,36,1,3,1405,2,171750,0,2,1,0,0,0,148,70.0,1405,0,5,0,120,RL,Lvl,Corner,NridgHt,Norm,TwnhsE,1Story,Gable,CompShg,VinylSd,Wd Shng,Stone,PConc,GasA,Y,Attchd,,WD,Normal,IR1,Gtl,Gd,TA,Gd,TA,No,Unf,Unf,Ex,SBrkr,Gd,Typ,Gd,RFn,TA,Y,,
0,0,0,1,5,0.0,0,1,864,9858,510,0,1,41,354,3,130000,0,1,0,600,0,0,33,62.0,874,0,6,0,20,RL,Lvl,Inside,Mitchel,Norm,1Fam,1Story,Gable,CompShg,HdBoard,HdBoard,,CBlock,GasA,Y,Attchd,Shed,WD,Normal,Reg,Gtl,TA,TA,TA,TA,No,BLQ,Unf,TA,SBrkr,TA,Typ,,RFn,TA,Y,,GdWo
0,1031,1,1,7,0.0,0,2,1192,17542,125,47,1,33,36,3,294000,0,2,2,0,651,0,220,70.0,2167,0,7,0,60,RL,Lvl,Inside,Veenker,Norm,1Fam,2Story,Gable,CompShg,Wd Sdng,Wd Sdng,,CBlock,GasA,Y,Attchd,,WD,Normal,IR1,Gtl,Gd,TA,TA,TA,Gd,LwQ,ALQ,TA,SBrkr,Gd,Typ,Gd,RFn,TA,Y,,MnPrv
0,0,1,0,7,92.0,0,2,746,6931,0,128,1,5,746,3,165400,0,2,1,0,896,0,178,60.0,1656,0,5,0,60,RL,Lvl,Inside,Edwards,Norm,1Fam,2Story,Gable,CompShg,VinylSd,VinylSd,Stone,PConc,GasA,Y,BuiltIn,,WD,Normal,Reg,Gtl,Gd,TA,Gd,TA,No,Unf,Unf,Ex,SBrkr,Gd,Typ,Gd,Fin,TA,Y,,
0,0,0,0,6,0.0,0,1,884,6240,425,0,1,76,459,3,127500,0,1,1,0,408,120,0,52.0,1367,0,6,0,50,RM,Lvl,Inside,BrkSide,Norm,1Fam,1.5Fin,Gable,CompShg,Wd Sdng,Wd Sdng,,BrkTil,GasA,Y,Detchd,,WD,Normal,Reg,Gtl,TA,TA,TA,Fa,No,LwQ,Unf,TA,FuseA,TA,Typ,Gd,Unf,TA,Y,,
0,0,0,1,8,554.0,0,2,1986,14303,1314,36,1,14,672,2,301500,0,2,1,0,0,0,262,91.0,1987,0,5,0,20,RL,Lvl,Corner,NoRidge,Norm,1Fam,1Story,Hip,CompShg,HdBoard,HdBoard,BrkFace,PConc,GasA,Y,Attchd,,WD,Normal,IR1,Gtl,Gd,TA,Gd,TA,Gd,GLQ,Unf,Ex,SBrkr,Gd,Typ,TA,Fin,TA,Y,,
0,0,0,0,5,0.0,0,0,864,4060,0,96,1,87,864,2,99900,0,1,0,0,0,0,0,56.0,864,0,8,0,30,RL,Lvl,Corner,Edwards,Feedr,1Fam,1Story,Gable,CompShg,Wd Sdng,Wd Sdng,,PConc,GasA,Y,,,WD,Normal,Reg,Gtl,TA,TA,Fa,TA,No,Unf,Unf,Ex,SBrkr,TA,Typ,,,,Y,,
0,0,0,1,7,182.0,0,2,856,9587,655,0,1,3,201,2,190000,0,2,0,0,0,0,212,59.0,1166,0,5,0,80,RL,Lvl,Inside,Gilbert,Norm,1Fam,SLvl,Gable,CompShg,VinylSd,VinylSd,Stone,PConc,GasA,Y,Attchd,,WD,Normal,IR1,Gtl,Gd,TA,Gd,TA,Gd,GLQ,Unf,Ex,SBrkr,Gd,Typ,,Fin,TA,Y,,
0,438,1,1,6,0.0,0,2,1054,9750,602,0,1,39,14,3,151000,0,1,0,0,0,80,180,65.0,1054,0,8,0,20,RL,Lvl,FR2,NAmes,Norm,1Fam,1Story,Gable,CompShg,HdBoard,HdBoard,,CBlock,GasA,Y,Attchd,,WD,Normal,Reg,Gtl,TA,TA,Gd,TA,No,ALQ,LwQ,Gd,SBrkr,TA,Typ,,Unf,TA,Y,,
0,0,1,0,6,0.0,0,2,841,24682,0,103,1,10,841,3,181000,0,2,1,0,783,0,0,70.0,1675,0,5,0,60,RL,Lvl,CulDSac,Gilbert,RRAn,1Fam,2Story,Gable,CompShg,VinylSd,VinylSd,,PConc,GasA,Y,BuiltIn,,WD,Normal,IR3,Gtl,TA,TA,Gd,TA,No,Unf,Unf,Ex,SBrkr,TA,Typ,TA,Fin,TA,Y,,
0,0,0,0,5,0.0,0,1,1050,9600,504,0,1,53,546,2,128900,0,1,0,0,0,0,0,80.0,1050,0,6,0,20,RL,Lvl,Inside,NAmes,Norm,1Fam,1Story,Hip,CompShg,MetalSd,MetalSd,,CBlock,GasA,Y,Attchd,,WD,Normal,Reg,Gtl,TA,TA,TA,TA,No,Rec,Unf,Gd,SBrkr,TA,Typ,,Unf,TA,Y,,
0,0,0,1,4,0.0,0,1,1104,11250,0,0,1,52,1104,5,161500,0,1,2,0,684,0,120,70.0,1788,0,5,0,50,RL,Lvl,Inside,ClearCr,Norm,1Fam,1.5Fin,Gable,CompShg,Wd Sdng,Wd Sdng,,CBlock,GasA,Y,Attchd,,WD,Normal,Reg,Gtl,TA,TA,TA,TA,Av,Unf,Unf,Ex,FuseA,TA,Min2,TA,Unf,TA,Y,,
0,0,0,0,6,0.0,0,2,764,13515,0,0,1,88,764,3,180500,126,1,1,0,764,0,0,60.0,1824,0,6,0,70,RL,Lvl,Inside,BrkSide,Norm,1Fam,2Story,Gambrel,CompShg,Wd Sdng,Wd Sdng,,PConc,GasA,Y,Detchd,,WD,Normal,Reg,Gtl,TA,TA,TA,TA,No,Unf,Unf,Ex,FuseA,TA,Typ,Gd,Unf,TA,N,,GdPrv
0,0,0,1,6,0.0,0,2,1405,4060,266,68,1,10,1139,2,181000,0,2,0,0,0,0,144,34.0,1337,0,5,0,120,RH,Lvl,Inside,NAmes,Norm,TwnhsE,1Story,Gable,CompShg,MetalSd,MetalSd,,PConc,GasA,Y,Attchd,,COD,Abnorml,Reg,Gtl,Gd,TA,Gd,TA,No,GLQ,Unf,Ex,SBrkr,Gd,Typ,,Fin,TA,Y,,
0,0,1,1,7,218.0,0,2,691,3735,450,34,1,7,241,3,183900,0,2,0,0,739,0,0,35.0,1452,0,5,0,160,FV,Lvl,FR3,Somerst,Norm,TwnhsE,2Story,Hip,CompShg,MetalSd,MetalSd,BrkFace,PConc,GasA,Y,Detchd,,WD,Normal,Reg,Gtl,Gd,TA,Gd,TA,No,GLQ,Unf,Ex,SBrkr,Gd,Typ,,Unf,TA,Y,,
0,0,1,0,7,0.0,0,1,925,10120,0,0,2,97,925,4,122000,264,1,1,0,925,0,0,60.0,1889,0,4,0,190,RM,Bnk,Inside,OldTown,Feedr,2fmCon,2.5Unf,Hip,CompShg,Wd Sdng,Wd Sdng,,CBlock,GasA,N,Detchd,,WD,Normal,IR1,Gtl,Fa,TA,TA,TA,No,Unf,Unf,TA,FuseF,TA,Typ,Gd,Unf,TA,N,,MnPrv
0,0,0,0,9,0.0,0,3,2002,13214,0,76,1,2,2002,3,378500,0,2,1,0,0,0,144,89.0,2018,0,5,0,20,RL,HLS,Inside,Timber,Norm,1Fam,1Story,Hip,CompShg,Stucco,CmentBd,,PConc,GasA,Y,Attchd,,WD,Normal,IR1,Gtl,Ex,TA,Ex,TA,Gd,Unf,Unf,Ex,SBrkr,Ex,Typ,Gd,Fin,TA,Y,,
0,0,1,0,8,632.0,0,3,728,14100,192,12,1,73,536,4,381000,0,3,2,0,1479,0,314,70.0,3447,0,9,0,50,RL,Lvl,Inside,Crawfor,Norm,1Fam,1.5Fin,Gable,CompShg,Stucco,Stucco,BrkFace,CBlock,GasA,Y,BuiltIn,,WD,Normal,IR1,Mod,TA,Gd,TA,TA,Mn,Rec,Unf,Ex,SBrkr,Gd,Typ,Gd,Unf,TA,Y,,GdWo
0,0,1,0,5,180.0,0,1,874,11344,460,0,1,49,414,3,144000,0,1,0,0,650,0,0,78.0,1524,0,5,0,50,RL,Lvl,Inside,NAmes,Feedr,1Fam,1.5Fin,Gable,CompShg,MetalSd,MetalSd,BrkFace,CBlock,GasW,Y,Attchd,,WD,Normal,Reg,Gtl,TA,TA,TA,TA,No,BLQ,Unf,TA,FuseA,TA,Typ,,Unf,TA,Y,,GdWo
0,0,1,2,7,0.0,0,2,1332,23595,1258,0,1,31,74,0,260000,0,0,1,0,192,0,268,70.0,1524,0,6,0,40,RL,Low,Inside,ClearCr,Norm,1Fam,1Story,Shed,WdShake,Plywood,Plywood,,PConc,GasA,Y,Attchd,,WD,Normal,Reg,Sev,Gd,TA,Gd,TA,Gd,GLQ,Unf,TA,SBrkr,Gd,Typ,TA,Fin,TA,Y,,
0,0,0,0,6,0.0,0,2,1489,9156,0,0,1,41,1489,3,185750,0,2,1,0,0,0,0,70.0,1489,0,7,0,20,RL,Lvl,Inside,NWAmes,PosN,1Fam,1Story,Hip,CompShg,BrkFace,BrkFace,,CBlock,GasA,Y,Attchd,,WD,Normal,IR1,Gtl,TA,TA,TA,TA,No,Unf,Unf,Gd,SBrkr,Gd,Typ,Gd,RFn,TA,Y,,
0,375,0,1,5,114.0,0,1,935,13526,560,0,1,41,0,3,137000,0,1,0,0,0,0,180,70.0,935,0,6,0,20,RL,Lvl,CulDSac,Sawyer,Norm,1Fam,1Story,Hip,CompShg,HdBoard,Plywood,BrkFace,CBlock,GasA,Y,Attchd,,WD,Normal,IR1,Gtl,TA,TA,TA,TA,No,BLQ,LwQ,TA,SBrkr,TA,Typ,,Unf,TA,Y,,MnPrv
0,0,0,1,6,84.0,0,1,1019,11512,719,0,1,49,300,2,177000,0,1,1,0,0,163,0,124.0,1357,0,7,0,80,RL,Lvl,Corner,Edwards,Norm,1Fam,SLvl,Gable,CompShg,Plywood,Plywood,BrkFace,CBlock,GasA,Y,Basment,,WD,Normal,IR1,Gtl,TA,TA,TA,TA,Av,ALQ,Unf,Gd,SBrkr,Ex,Typ,Gd,RFn,TA,Y,,GdPrv
0,0,0,0,5,0.0,0,2,661,5362,0,0,1,97,661,3,139000,81,2,1,0,589,0,242,53.0,1250,0,6,0,50,RL,Lvl,Corner,Crawfor,Norm,1Fam,1.5Fin,Gable,CompShg,Wd Sdng,Wd Shng,,PConc,GasA,Y,Detchd,,WD,Normal,Reg,Gtl,TA,TA,TA,TA,No,Unf,Unf,Ex,SBrkr,TA,Typ,Gd,Unf,TA,Y,,
0,0,0,0,5,567.0,0,2,928,11345,220,0,2,59,708,4,137000,0,2,0,0,992,0,0,95.0,1920,0,5,0,90,RL,Lvl,Corner,NAmes,Feedr,Duplex,2Story,Gable,Roll,AsbShng,AsbShng,Stone,CBlock,GasA,Y,Detchd,,WD,Normal,Reg,Gtl,TA,TA,TA,TA,No,Rec,Unf,Gd,FuseA,TA,Typ,,Unf,TA,Y,,
1,0,1,0,6,0.0,0,2,723,12936,593,116,1,37,130,3,162000,0,1,1,0,660,0,294,70.0,1395,0,6,0,60,RL,Lvl,CulDSac,NWAmes,Norm,1Fam,2Story,Gable,CompShg,HdBoard,Plywood,,CBlock,GasA,Y,Attchd,,WD,Normal,IR1,Gtl,TA,TA,TA,Gd,No,BLQ,Unf,TA,SBrkr,TA,Typ,TA,Unf,TA,Y,,
0,0,1,1,6,359.0,0,2,1680,17871,528,0,1,42,1152,3,197900,0,1,1,0,0,0,0,70.0,1724,0,5,0,80,RL,Lvl,CulDSac,NWAmes,Norm,1Fam,SLvl,Gable,CompShg,HdBoard,HdBoard,BrkFace,CBlock,GasA,Y,Attchd,,WD,Normal,IR1,Gtl,TA,TA,Gd,TA,Av,ALQ,Unf,Fa,SBrkr,TA,Typ,Gd,RFn,TA,Y,,
0,0,0,0,4,0.0,0,2,698,7500,0,0,1,90,698,2,68400,164,1,0,0,430,0,30,60.0,1128,0,4,0,50,C (all),Lvl,Inside,IDOTRR,Norm,1Fam,1.5Fin,Gable,CompShg,MetalSd,MetalSd,,CBlock,GasA,Y,Detchd,,COD,Abnorml,Reg,Gtl,TA,Gd,TA,TA,No,Unf,Unf,TA,FuseA,TA,Typ,,RFn,TA,Y,,
0,0,0,1,7,110.0,0,2,1573,9808,788,72,1,7,785,3,227000,0,2,0,0,0,0,0,67.0,1573,0,5,0,20,RL,Lvl,Inside,CollgCr,Norm,1Fam,1Story,Gable,CompShg,VinylSd,VinylSd,BrkFace,PConc,GasA,Y,Attchd,,WD,Normal,IR1,Gtl,Gd,TA,Gd,TA,No,GLQ,Unf,Ex,SBrkr,Gd,Typ,,RFn,TA,Y,,
0,0,0,1,7,54.0,0,2,1309,8049,1053,58,1,16,256,2,180000,0,2,1,0,0,90,0,50.0,1339,0,5,0,20,RL,Lvl,CulDSac,Timber,Norm,1Fam,1Story,Hip,CompShg,HdBoard,HdBoard,BrkFace,CBlock,GasA,Y,Attchd,,WD,Normal,IR1,Gtl,TA,TA,Gd,TA,No,ALQ,Unf,TA,SBrkr,TA,Typ,TA,Fin,Gd,Y,,
0,144,0,0,5,0.0,0,2,1040,8800,532,0,1,32,364,3,150500,0,2,0,0,0,288,0,61.0,1040,0,7,0,20,RL,Lvl,Inside,CollgCr,Norm,1Fam,1Story,Gable,CompShg,HdBoard,HdBoard,,CBlock,GasA,Y,Detchd,,WD,Normal,IR1,Gtl,TA,TA,Gd,TA,Mn,LwQ,Rec,TA,SBrkr,Gd,Typ,,Unf,TA,Y,,
0,0,2,0,6,0.0,0,0,912,9400,0,0,2,39,912,4,139000,0,2,0,0,912,0,128,94.0,1824,0,5,0,90,RL,Low,Corner,Mitchel,Norm,Duplex,2Story,Mansard,CompShg,MetalSd,Wd Shng,,CBlock,GasA,Y,,,WD,Normal,Reg,Gtl,TA,TA,TA,TA,Av,Unf,Unf,TA,SBrkr,TA,Typ,,,,Y,,
0,0,0,0,6,0.0,0,1,804,9638,0,0,1,91,804,4,169000,42,2,1,0,748,116,272,50.0,2447,0,7,0,50,RL,Lvl,Inside,SWISU,Feedr,1Fam,1.5Fin,Gable,CompShg,Wd Sdng,Wd Shng,,PConc,GasA,Y,Detchd,,WD,Normal,Reg,Gtl,TA,TA,TA,TA,No,Unf,Unf,Ex,SBrkr,Gd,Min2,Gd,Unf,TA,Y,,
0,0,0,0,6,0.0,0,1,780,6000,0,0,1,70,780,4,132500,0,1,1,0,587,0,45,50.0,1412,0,6,0,50,RM,Lvl,Inside,BrkSide,Norm,1Fam,1.5Fin,Gable,CompShg,MetalSd,MetalSd,,CBlock,GasA,Y,Detchd,,WD,Normal,Reg,Gtl,TA,Fa,TA,TA,No,Unf,Unf,Ex,FuseF,TA,Typ,Gd,Unf,TA,Y,,
0,81,1,1,6,451.0,0,2,1328,9790,569,26,1,47,678,3,143000,0,1,2,0,0,0,0,70.0,1328,0,5,0,20,RL,Lvl,Inside,NWAmes,Feedr,1Fam,1Story,Hip,CompShg,HdBoard,HdBoard,BrkFace,CBlock,GasA,Y,Attchd,,WD,Normal,Reg,Gtl,TA,TA,TA,TA,No,ALQ,Rec,TA,SBrkr,TA,Typ,Gd,Unf,TA,Y,,
1,0,0,0,5,621.0,0,2,1624,36500,812,198,1,42,812,4,190000,0,2,0,0,0,0,168,70.0,1582,0,5,0,20,RL,Low,Inside,ClearCr,Norm,1Fam,1Story,Gable,CompShg,Wd Sdng,Wd Sdng,BrkCmn,CBlock,GasA,Y,Attchd,,WD,Normal,IR1,Mod,TA,Gd,TA,TA,Av,Rec,Unf,Fa,SBrkr,TA,Typ,,Unf,TA,N,,
0,0,0,1,8,0.0,0,2,1501,5664,1158,59,1,9,343,2,278000,0,2,1,0,0,0,212,40.0,1659,0,5,0,120,RL,Lvl,Inside,StoneBr,Norm,TwnhsE,1Story,Gable,CompShg,CemntBd,CmentBd,,PConc,GasA,Y,Attchd,,WD,Normal,IR1,Gtl,Gd,TA,Gd,TA,No,GLQ,Unf,Ex,SBrkr,Ex,Typ,Ex,Fin,TA,Y,,
0,0,1,0,8,788.0,0,3,1085,11065,0,74,1,0,1085,3,281000,0,2,1,0,850,0,177,86.0,1970,0,5,0,60,RL,Lvl,Inside,NridgHt,Norm,1Fam,2Story,Gable,CompShg,VinylSd,VinylSd,Stone,PConc,GasA,Y,BuiltIn,,New,Partial,IR1,Gtl,Gd,TA,Gd,TA,Mn,Unf,Unf,Ex,SBrkr,Ex,Typ,Gd,Fin,TA,Y,,
0,0,0,1,5,86.0,0,2,1152,14112,1014,0,1,46,138,3,180500,0,1,1,0,0,0,227,70.0,1152,0,7,0,80,RL,Lvl,Corner,NAmes,Norm,1Fam,SLvl,Hip,CompShg,Wd Sdng,HdBoard,BrkFace,PConc,GasA,Y,Attchd,,WD,Normal,IR1,Gtl,TA,TA,TA,TA,Av,GLQ,Unf,TA,SBrkr,TA,Typ,Gd,RFn,TA,Y,,
0,0,1,0,5,268.0,0,1,630,1680,231,0,1,37,399,3,119500,0,2,0,0,672,0,185,21.0,1302,0,7,0,160,RM,Lvl,Inside,BrDale,Norm,Twnhs,2Story,Gable,CompShg,CemntBd,CmentBd,BrkFace,CBlock,GasA,Y,Detchd,,WD,Normal,Reg,Gtl,TA,TA,TA,TA,No,ALQ,Unf,TA,SBrkr,TA,Typ,,Unf,TA,Y,,
0,0,0,0,5,0.0,0,1,994,6600,0,287,2,117,994,4,107500,0,2,0,0,994,0,0,60.0,2372,0,4,0,70,RM,Lvl,Corner,OldTown,Norm,1Fam,2Story,Gable,CompShg,Wd Sdng,Wd Sdng,,Stone,GasA,N,Attchd,,WD,Normal,Reg,Gtl,TA,TA,TA,TA,No,Unf,Unf,TA,SBrkr,TA,Min2,,RFn,TA,Y,,
0,0,1,0,7,0.0,0,2,832,10140,194,28,1,30,638,4,162900,0,2,1,0,832,259,0,78.0,1664,0,5,0,60,RL,Lvl,Inside,NWAmes,Norm,1Fam,2Story,Gable,CompShg,HdBoard,HdBoard,,PConc,GasA,Y,Attchd,,WD,Normal,Reg,Gtl,TA,TA,Gd,TA,No,GLQ,Unf,TA,SBrkr,TA,Typ,TA,RFn,TA,Y,,GdWo
0,0,0,1,5,0.0,0,2,864,8172,167,0,1,51,697,2,115000,0,1,0,0,0,0,0,60.0,864,0,7,0,20,RL,Lvl,Inside,Edwards,Norm,1Fam,1Story,Hip,CompShg,WdShing,Plywood,,CBlock,GasA,Y,Detchd,,WD,Normal,Reg,Gtl,TA,TA,TA,TA,No,Rec,Unf,TA,SBrkr,TA,Typ,,Unf,TA,N,,
0,0,1,1,5,168.0,0,1,1052,8400,1016,0,1,38,36,3,138500,0,1,0,0,0,0,356,70.0,1052,0,5,0,20,RL,Lvl,Inside,NAmes,Feedr,1Fam,1Story,Hip,CompShg,HdBoard,HdBoard,BrkFace,CBlock,GasA,Y,Attchd,,WD,Normal,Reg,Gtl,TA,TA,TA,TA,Av,BLQ,Unf,Gd,SBrkr,TA,Typ,,RFn,TA,Y,,GdWo
0,0,0,1,5,148.0,0,2,1120,8700,776,20,1,45,344,3,155000,123,2,0,0,0,0,192,80.0,1128,0,6,0,20,RL,Lvl,Inside,NAmes,Norm,1Fam,1Story,Hip,CompShg,MetalSd,MetalSd,BrkFace,CBlock,GasA,Y,Attchd,,WD,Normal,Reg,Gtl,TA,Gd,TA,TA,Mn,ALQ,Unf,Gd,SBrkr,TA,Typ,,RFn,TA,Y,,MnPrv
0,0,0,1,6,82.0,0,2,547,3675,547,44,1,1,0,2,140000,0,2,0,0,0,0,0,35.0,1072,0,5,0,180,RM,Lvl,Inside,Edwards,Norm,TwnhsE,SFoyer,Gable,CompShg,VinylSd,VinylSd,BrkFace,PConc,GasA,Y,Basment,,New,Partial,Reg,Gtl,TA,TA,Gd,TA,Gd,GLQ,Unf,Gd,SBrkr,TA,Typ,,Fin,TA,Y,,
0,0,1,2,10,796.0,0,2,6110,63887,5644,292,1,0,466,3,160000,0,2,3,0,950,0,214,313.0,5642,0,5,480,60,RL,Bnk,Corner,Edwards,Feedr,1Fam,2Story,Hip,ClyTile,Stucco,Stucco,Stone,PConc,GasA,Y,Attchd,,New,Partial,IR3,Gtl,Ex,TA,Ex,TA,Gd,GLQ,Unf,Ex,SBrkr,Ex,Typ,Gd,Fin,TA,Y,Gd,
0,906,1,1,5,0.0,0,1,1246,7500,340,0,1,51,0,3,154000,0,1,0,0,0,0,218,75.0,1246,0,7,0,20,RL,Lvl,Inside,NAmes,Norm,1Fam,1Story,Hip,CompShg,BrkFace,BrkFace,,CBlock,GasA,Y,Attchd,,WD,Normal,Reg,Gtl,TA,TA,TA,TA,No,LwQ,Rec,Ex,SBrkr,Gd,Typ,,RFn,TA,Y,,GdPrv
0,0,1,0,7,344.0,0,2,978,10762,694,0,1,10,284,3,225000,0,2,1,0,978,0,0,70.0,1983,0,5,0,60,RL,Lvl,CulDSac,Gilbert,Norm,1Fam,2Story,Gable,CompShg,VinylSd,VinylSd,,PConc,GasA,Y,Attchd,,WD,Normal,IR1,Gtl,Gd,TA,Gd,TA,No,GLQ,Unf,Ex,SBrkr,Gd,Typ,TA,Fin,TA,Y,,
0,0,0,0,6,0.0,0,1,771,7500,547,0,1,67,224,3,177500,0,1,2,0,741,224,0,70.0,1494,0,7,0,70,RL,Bnk,Inside,Crawfor,Norm,1Fam,2Story,Gable,CompShg,Wd Sdng,Wd Sdng,,CBlock,GasA,Y,Attchd,,WD,Normal,IR1,Gtl,TA,TA,TA,TA,No,BLQ,Unf,Fa,SBrkr,Gd,Typ,Gd,Unf,TA,P,,
0,0,1,1,8,391.0,0,3,1165,10120,740,78,1,12,425,4,290000,0,2,1,0,1323,0,309,92.0,2526,0,5,0,60,RL,Lvl,Inside,NoRidge,Norm,1Fam,2Story,Hip,CompShg,VinylSd,VinylSd,BrkFace,PConc,GasA,Y,Attchd,,WD,Normal,Reg,Gtl,Gd,TA,Gd,TA,No,GLQ,Unf,Ex,SBrkr,Gd,Typ,TA,RFn,TA,Y,,
0,0,0,0,7,228.0,0,3,1616,8688,0,59,1,1,1616,3,232000,0,2,0,0,0,0,208,73.0,1616,0,5,0,20,RL,Lvl,Inside,Somerst,Norm,1Fam,1Story,Gable,CompShg,VinylSd,VinylSd,BrkFace,PConc,GasA,Y,Attchd,,WD,Normal,Reg,Gtl,Gd,TA,Gd,TA,Av,Unf,Unf,Ex,SBrkr,Gd,Typ,,RFn,TA,Y,,
0,0,0,0,7,117.0,0,2,976,3363,0,40,1,2,976,3,130000,0,2,0,0,732,0,0,32.0,1708,0,5,0,160,RM,Lvl,Inside,Edwards,Norm,TwnhsE,2Story,Gable,CompShg,VinylSd,VinylSd,Stone,PConc,GasA,Y,Detchd,,WD,Normal,Reg,Gtl,Gd,TA,Gd,TA,No,Unf,Unf,Ex,SBrkr,Gd,Maj1,,Unf,TA,Y,,
0,0,0,1,9,300.0,0,2,1652,13173,1572,102,1,3,80,2,325000,0,2,2,0,0,0,404,108.0,1652,0,5,0,20,RL,Lvl,Corner,NridgHt,Norm,1Fam,1Story,Hip,CompShg,VinylSd,VinylSd,Stone,PConc,GasA,Y,Attchd,,WD,Normal,IR1,Gtl,Gd,TA,Ex,TA,No,GLQ,Unf,Ex,SBrkr,Ex,Typ,Ex,Fin,TA,Y,,
0,0,0,0,7,94.0,0,2,1368,6955,0,35,1,1,1368,2,202500,0,2,1,0,0,0,132,48.0,1368,0,5,0,120,RL,Lvl,Inside,NridgHt,Norm,TwnhsE,1Story,Gable,CompShg,VinylSd,VinylSd,Stone,PConc,GasA,Y,Attchd,,New,Partial,IR1,Gtl,Gd,TA,Gd,TA,No,Unf,Unf,Ex,SBrkr,Gd,Typ,Gd,RFn,TA,Y,,
0,0,0,1,5,0.0,0,2,990,8072,746,64,1,15,244,3,138000,0,1,0,0,0,0,0,60.0,990,0,5,0,20,RL,Lvl,Inside,CollgCr,Norm,1Fam,1Story,Gable,CompShg,VinylSd,VinylSd,,PConc,GasA,Y,Detchd,,WD,Normal,Reg,Gtl,TA,Gd,Gd,Gd,No,ALQ,Unf,Ex,SBrkr,TA,Typ,,Unf,TA,Y,,
0,608,0,1,5,0.0,0,2,924,12000,144,36,1,60,172,2,147000,0,1,0,0,0,0,0,100.0,1122,0,7,0,20,RM,Lvl,Inside,OldTown,Norm,1Fam,1Story,Gable,CompShg,MetalSd,MetalSd,,CBlock,GasA,Y,Attchd,,WD,Normal,Reg,Gtl,TA,TA,TA,TA,No,GLQ,ALQ,Ex,SBrkr,Gd,Typ,,Unf,TA,Y,,GdWo
0,0,0,1,6,88.0,0,2,1278,7153,1200,51,1,17,78,3,179200,0,2,0,0,0,0,112,70.0,1294,0,5,0,20,RL,Lvl,Inside,SawyerW,Norm,1Fam,1Story,Gable,CompShg,HdBoard,HdBoard,BrkFace,CBlock,GasA,Y,Attchd,,WD,Normal,Reg,Gtl,TA,TA,Gd,TA,No,GLQ,Unf,Gd,SBrkr,Gd,Typ,,RFn,TA,Y,,GdWo
0,0,0,1,7,0.0,0,2,1902,17500,1406,207,1,51,496,3,335000,162,2,2,0,0,0,0,100.0,1902,0,8,0,20,RL,Lvl,Inside,Crawfor,PosA,1Fam,1Story,Gable,CompShg,BrkFace,HdBoard,,PConc,GasA,Y,Attchd,,WD,Normal,Reg,Gtl,Gd,Gd,Gd,TA,Av,GLQ,Unf,TA,SBrkr,Ex,Typ,TA,Fin,TA,Y,,
0,0,0,1,7,80.0,0,2,1274,8814,925,98,1,2,349,3,203000,0,2,0,0,0,0,264,68.0,1274,0,5,0,20,RL,Lvl,Inside,CollgCr,Norm,1Fam,1Story,Gable,CompShg,VinylSd,VinylSd,BrkFace,PConc,GasA,Y,Attchd,,New,Partial,Reg,Gtl,Gd,TA,Gd,TA,No,GLQ,Unf,Ex,SBrkr,Gd,Typ,,RFn,TA,Y,,
0,0,1,0,8,336.0,0,2,1453,9572,482,0,1,17,971,4,302000,0,2,1,0,1357,0,500,70.0,2810,0,5,0,60,RL,Lvl,Inside,NoRidge,Norm,1Fam,2Story,Gable,CompShg,Wd Sdng,Wd Sdng,BrkFace,PConc,GasA,Y,Attchd,,WD,Normal,IR1,Gtl,Gd,TA,Ex,TA,No,GLQ,Unf,Ex,SBrkr,Gd,Typ,Ex,RFn,Gd,Y,,
0,0,1,0,9,165.0,0,3,1393,14774,0,30,1,11,1393,4,333168,0,2,1,0,1177,0,668,108.0,2599,0,5,0,60,RL,Lvl,Corner,NoRidge,Norm,1Fam,2Story,Gable,CompShg,VinylSd,VinylSd,BrkFace,PConc,GasA,Y,BuiltIn,,WD,Normal,IR1,Gtl,Gd,TA,Gd,TA,No,Unf,Unf,Ex,SBrkr,Gd,Typ,TA,Fin,TA,Y,,
0,0,0,1,4,0.0,0,1,948,8190,732,36,1,53,216,3,119000,0,1,1,0,0,0,0,60.0,948,0,6,0,20,RL,Lvl,Inside,Edwards,Norm,1Fam,1Story,Hip,CompShg,Wd Sdng,Wd Sdng,,CBlock,GasA,Y,Detchd,,WD,Normal,Reg,Gtl,TA,TA,TA,TA,No,Rec,Unf,Ex,SBrkr,TA,Typ,TA,Unf,TA,Y,,
0,276,1,0,6,0.0,0,2,952,11075,500,0,1,39,176,4,206900,0,2,2,0,1020,0,280,85.0,2112,0,5,0,60,RL,Lvl,Inside,NAmes,Norm,1Fam,2Story,Gable,CompShg,HdBoard,HdBoard,,CBlock,GasA,Y,Attchd,,WD,Normal,Reg,Gtl,TA,TA,Fa,TA,Mn,ALQ,LwQ,TA,SBrkr,TA,Typ,Gd,Unf,TA,Y,,
0,0,0,1,8,270.0,0,3,1622,10226,0,42,1,1,1622,3,295493,0,2,1,0,0,0,172,61.0,1630,0,5,0,20,RL,Lvl,Inside,CollgCr,Norm,1Fam,1Story,Gable,CompShg,VinylSd,VinylSd,Stone,PConc,GasA,Y,Attchd,,WD,Normal,IR1,Gtl,Gd,TA,Ex,TA,Gd,Unf,Unf,Ex,SBrkr,Ex,Typ,Gd,RFn,TA,Y,,
0,0,0,0,7,0.0,0,2,1352,4230,0,241,1,1,1352,2,208900,0,2,1,0,0,0,0,47.0,1352,0,5,0,120,FV,Lvl,Corner,Somerst,Norm,TwnhsE,1Story,Gable,CompShg,VinylSd,VinylSd,,PConc,GasA,Y,Attchd,,New,Partial,Reg,Gtl,Gd,TA,Ex,Gd,No,Unf,Unf,Ex,SBrkr,Gd,Typ,Gd,RFn,TA,Y,,
0,0,0,0,8,178.0,0,3,1753,14781,0,150,1,5,1753,3,275000,0,2,1,0,0,0,198,70.0,1787,0,5,0,20,RL,Lvl,CulDSac,CollgCr,Norm,1Fam,1Story,Hip,CompShg,VinylSd,VinylSd,BrkFace,PConc,GasA,Y,Attchd,,WD,Normal,IR2,Gtl,Gd,TA,Gd,TA,Gd,Unf,Unf,Ex,SBrkr,Gd,Typ,TA,RFn,TA,Y,,
0,0,0,0,4,132.0,0,1,864,10215,492,0,1,53,372,3,111000,0,1,0,0,0,0,0,75.0,948,0,5,0,20,RL,Bnk,Inside,Edwards,Norm,1Fam,1Story,Hip,CompShg,Wd Sdng,Wd Sdng,BrkFace,PConc,GasA,Y,Attchd,,WD,Normal,Reg,Gtl,TA,TA,TA,TA,No,ALQ,Unf,Ex,SBrkr,TA,Typ,,Unf,TA,Y,,
0,661,1,1,6,0.0,0,2,1478,8400,189,0,1,52,628,3,156500,0,1,2,0,0,216,114,70.0,1478,0,3,0,20,RL,Lvl,Inside,NAmes,Norm,1Fam,1Story,Hip,CompShg,BrkFace,BrkFace,,CBlock,GasA,Y,Attchd,,WD,Normal,Reg,Gtl,TA,TA,TA,TA,No,ALQ,Rec,Gd,SBrkr,TA,Typ,Gd,RFn,TA,Y,,
0,0,0,0,3,0.0,0,1,0,6627,0,0,1,59,0,2,72500,0,1,0,0,0,0,0,70.0,720,0,6,0,20,RL,Lvl,Corner,BrkSide,Feedr,1Fam,1Story,Hip,CompShg,VinylSd,VinylSd,,CBlock,Floor,N,Detchd,,WD,Normal,IR1,Gtl,TA,TA,,,,,,TA,SBrkr,TA,Typ,,Unf,TA,Y,,
0,0,1,1,7,0.0,0,2,750,10186,674,39,1,18,76,3,190000,0,2,1,0,862,0,240,107.0,1923,0,5,0,60,RL,Lvl,Inside,NoRidge,Norm,1Fam,2Story,Gable,CompShg,HdBoard,HdBoard,,PConc,GasA,Y,Attchd,,WD,Normal,IR1,Gtl,Gd,TA,Gd,TA,No,GLQ,Unf,Ex,SBrkr,Gd,Typ,TA,RFn,TA,Y,,
0,0,0,0,4,0.0,0,0,420,5330,280,0,1,69,140,2,82500,0,1,0,0,0,0,164,50.0,708,0,7,0,30,RL,HLS,Inside,BrkSide,Norm,1Fam,1Story,Hip,CompShg,VinylSd,VinylSd,,CBlock,GasA,Y,,,WD,Normal,Reg,Gtl,Fa,TA,TA,TA,No,LwQ,Unf,Gd,SBrkr,Fa,Typ,,,,Y,,
0,0,0,0,8,428.0,0,3,1795,9986,0,49,1,1,1795,2,147000,0,2,1,0,0,0,0,75.0,1795,0,5,0,20,RL,Lvl,Inside,Somerst,Norm,1Fam,1Story,Gable,CompShg,VinylSd,VinylSd,BrkFace,PConc,GasA,Y,Attchd,,New,Partial,Reg,Gtl,Gd,TA,Ex,TA,Av,Unf,Unf,Ex,SBrkr,Gd,Typ,Gd,RFn,TA,Y,,
0,0,0,0,4,0.0,0,0,796,3636,0,0,1,86,796,2,55000,100,1,0,0,0,0,0,40.0,796,0,4,0,30,RM,Lvl,Inside,IDOTRR,Norm,1Fam,1Story,Gable,CompShg,AsbShng,AsbShng,,BrkTil,GasA,N,,,WD,Normal,Reg,Gtl,TA,TA,TA,Fa,No,Unf,Unf,Fa,SBrkr,TA,Typ,,,,N,,MnPrv
0,0,0,0,3,0.0,0,0,544,4270,544,0,1,76,0,3,79000,286,1,0,0,0,0,0,70.0,774,0,6,0,30,RH,Bnk,Inside,Edwards,Norm,1Fam,1Story,Gable,CompShg,MetalSd,MetalSd,,BrkTil,GasA,Y,,,WD,Normal,Reg,Mod,TA,TA,TA,TA,No,Rec,Unf,Ex,SBrkr,Gd,Typ,,,,Y,,
1,0,0,0,5,0.0,0,1,816,6600,641,0,1,26,175,3,130500,0,1,1,0,0,0,0,60.0,816,0,9,0,20,RL,Lvl,Inside,Mitchel,Norm,1Fam,1Story,Gable,CompShg,VinylSd,VinylSd,,CBlock,GasA,Y,Attchd,,WD,Normal,Reg,Gtl,Gd,Gd,TA,TA,No,ALQ,Unf,Ex,SBrkr,Gd,Typ,Ex,Unf,TA,Y,,MnPrv
0,0,0,0,6,0.0,0,2,1510,10440,493,547,1,88,1017,5,256000,0,2,2,1150,1208,480,0,60.0,2792,0,7,0,50,RM,Lvl,Corner,OldTown,Norm,1Fam,1.5Fin,Gable,CompShg,BrkFace,Wd Sdng,,BrkTil,GasW,Y,Detchd,Shed,WD,Normal,Reg,Gtl,Gd,Gd,Gd,TA,No,LwQ,Unf,Ex,SBrkr,TA,Mod,TA,Unf,Fa,Y,,MnPrv
0,0,1,0,7,0.0,0,2,935,9084,0,28,1,8,935,3,176500,0,2,1,0,677,0,0,63.0,1632,0,5,0,60,RL,Lvl,Inside,Gilbert,Norm,1Fam,2Story,Hip,CompShg,VinylSd,VinylSd,,PConc,GasA,Y,Attchd,,WD,Normal,IR1,Gtl,TA,TA,Gd,TA,No,Unf,Unf,Gd,SBrkr,TA,Typ,TA,Fin,TA,Y,,
0,0,0,0,8,410.0,0,3,1588,10000,0,45,1,1,1588,3,227000,0,2,1,0,0,0,144,85.0,1588,0,5,0,20,RL,Lvl,Inside,Somerst,Norm,1Fam,1Story,Hip,CompShg,VinylSd,VinylSd,Stone,PConc,GasA,Y,Attchd,,WD,Normal,Reg,Gtl,Gd,TA,Gd,Gd,Av,Unf,Unf,Ex,SBrkr,Gd,Typ,Gd,RFn,TA,Y,,
0,0,0,0,5,0.0,0,2,911,10780,483,0,1,30,428,3,132500,0,1,0,0,0,0,0,55.0,954,0,5,0,80,RL,Lvl,Inside,CollgCr,Norm,1Fam,SLvl,Gable,CompShg,MetalSd,MetalSd,,CBlock,GasA,Y,Detchd,,WD,Normal,IR1,Gtl,TA,TA,TA,TA,Av,ALQ,Unf,Gd,SBrkr,TA,Typ,,Unf,TA,Y,,
0,0,0,1,4,0.0,0,1,816,8877,690,0,1,71,126,2,100000,0,1,1,0,0,0,0,67.0,816,0,6,0,20,RL,Lvl,Inside,Edwards,Norm,1Fam,1Story,Gable,CompShg,MetalSd,MetalSd,,CBlock,GasA,Y,Detchd,,WD,Normal,Reg,Mod,TA,TA,TA,TA,Mn,ALQ,Unf,Ex,SBrkr,TA,Typ,Gd,Unf,Fa,Y,,
0,0,1,0,5,0.0,0,1,803,7200,0,65,1,68,803,2,125500,190,1,0,0,557,0,0,60.0,1360,0,6,0,50,RM,Lvl,Corner,IDOTRR,Norm,1Fam,1.5Fin,Gable,CompShg,Wd Sdng,Wd Sdng,,CBlock,GasA,Y,Detchd,,WD,Normal,Reg,Gtl,TA,TA,TA,TA,No,Unf,Unf,Ex,SBrkr,Gd,Typ,,Unf,TA,Y,,MnPrv
0,0,1,0,5,312.0,0,2,765,2368,765,36,1,39,0,3,125000,0,1,0,0,600,0,0,24.0,1365,0,6,0,160,RM,Lvl,Inside,BrDale,Norm,TwnhsE,2Story,Gable,CompShg,HdBoard,HdBoard,,CBlock,GasA,Y,Attchd,,WD,Normal,Reg,Gtl,TA,TA,TA,TA,No,LwQ,Unf,TA,SBrkr,TA,Min1,,Unf,TA,Y,,
1,0,0,0,6,360.0,0,2,1350,9650,686,16,1,32,664,2,167900,0,2,1,0,0,0,0,80.0,1334,0,5,0,20,RL,Lvl,Inside,NWAmes,Norm,1Fam,1Story,Gable,CompShg,Plywood,Plywood,BrkFace,CBlock,GasA,Y,Attchd,,WD,Normal,Reg,Gtl,TA,TA,Gd,TA,No,ALQ,Unf,TA,SBrkr,TA,Typ,TA,RFn,TA,Y,,
0,0,0,0,5,564.0,0,2,1656,9246,0,211,2,35,1656,4,135000,0,2,0,0,0,0,0,87.0,1656,0,5,0,90,RL,Lvl,Inside,NWAmes,Feedr,Duplex,1Story,Gable,CompShg,Plywood,Plywood,BrkFace,CBlock,GasA,Y,Detchd,,WD,Normal,IR1,Gtl,TA,TA,TA,TA,No,Unf,Unf,TA,SBrkr,TA,Typ,,Unf,TA,Y,,
0,0,0,0,4,0.0,0,0,693,4118,0,20,1,65,693,2,52500,0,1,0,0,0,0,0,153.0,693,0,4,0,30,RM,Bnk,Corner,OldTown,Feedr,1Fam,1Story,Gable,CompShg,Wd Sdng,Wd Sdng,,CBlock,Grav,N,,,WD,Normal,IR1,Mod,TA,TA,TA,TA,No,Unf,Unf,Fa,FuseA,Fa,Typ,,,,N,,
0,0,1,1,7,0.0,0,2,916,13450,700,91,1,4,216,3,200000,0,2,0,0,941,0,146,95.0,1861,0,5,0,60,RL,Lvl,Corner,CollgCr,Norm,1Fam,2Story,Gable,CompShg,VinylSd,VinylSd,,PConc,GasA,Y,BuiltIn,,WD,Normal,IR1,Gtl,Gd,TA,Gd,TA,No,GLQ,Unf,Ex,SBrkr,Gd,Typ,,RFn,TA,Y,,
0,0,0,0,5,0.0,0,1,864,9560,360,0,1,34,504,3,128500,0,1,0,0,0,0,0,120.0,864,0,7,0,20,RL,Lvl,Corner,CollgCr,Norm,1Fam,1Story,Hip,CompShg,MetalSd,MetalSd,,CBlock,GasA,Y,Attchd,,WD,Normal,IR1,Gtl,TA,Gd,TA,TA,Mn,Rec,Unf,Ex,SBrkr,TA,Typ,,RFn,TA,Y,,
0,0,0,0,4,0.0,0,4,858,8294,0,0,1,36,858,3,123000,0,1,0,0,0,0,0,70.0,872,0,5,0,20,RL,Lvl,Inside,NAmes,Norm,1Fam,1Story,Gable,CompShg,MetalSd,MetalSd,,CBlock,GasA,Y,Detchd,,WD,Normal,Reg,Gtl,TA,TA,TA,TA,No,Unf,Unf,TA,SBrkr,TA,Typ,,Unf,TA,Y,,GdWo
0,0,0,1,6,0.0,0,2,1114,13695,814,78,1,5,300,3,155000,0,1,0,0,0,0,0,66.0,1114,0,5,0,20,RL,Lvl,Inside,SawyerW,RRAe,1Fam,1Story,Gable,CompShg,VinylSd,VinylSd,,PConc,GasA,Y,Detchd,,WD,Normal,Reg,Gtl,TA,TA,Gd,TA,No,GLQ,Unf,Ex,SBrkr,Gd,Typ,,Unf,TA,Y,,
0,0,1,0,8,149.0,0,2,1284,9375,0,87,1,5,1284,3,228500,0,2,1,0,885,0,192,70.0,2169,0,5,0,60,RL,Lvl,Inside,CollgCr,Norm,1Fam,2Story,Gable,CompShg,VinylSd,VinylSd,BrkFace,PConc,GasA,Y,Attchd,,WD,Normal,Reg,Gtl,Gd,TA,Gd,TA,No,Unf,Unf,Ex,SBrkr,Gd,Typ,Gd,RFn,TA,Y,,
0,0,1,0,6,0.0,0,2,896,7558,0,0,1,81,896,3,177000,0,1,1,0,741,0,0,57.0,1913,0,6,0,50,RL,Bnk,Inside,Crawfor,Norm,1Fam,1.5Fin,Gable,CompShg,BrkFace,Stone,,BrkTil,GasA,Y,Detchd,,WD,Normal,Reg,Gtl,TA,TA,TA,TA,No,Unf,Unf,Gd,SBrkr,TA,Typ,TA,Unf,Fa,Y,,
0,0,1,0,7,0.0,0,2,728,11103,0,0,1,1,728,3,155835,0,2,1,0,728,0,0,85.0,1456,0,5,0,60,RL,Lvl,Corner,CollgCr,Norm,1Fam,2Story,Gable,CompShg,VinylSd,VinylSd,,PConc,GasA,Y,Attchd,,New,Partial,IR1,Gtl,Gd,TA,Gd,TA,No,Unf,Unf,Ex,SBrkr,Gd,Typ,TA,Fin,TA,Y,,
0,0,0,0,4,0.0,0,1,960,6000,250,0,1,87,710,2,108500,168,1,0,0,0,0,0,50.0,960,0,4,0,30,RM,Lvl,Inside,OldTown,Norm,1Fam,1Story,Hip,CompShg,MetalSd,MetalSd,,PConc,GasA,Y,Detchd,,WD,Normal,Reg,Gtl,TA,TA,TA,TA,No,ALQ,Unf,Gd,FuseA,Fa,Typ,,Unf,TA,Y,,
0,68,0,0,7,0.0,0,2,1568,20781,297,80,1,38,1203,3,262500,0,2,1,0,0,0,0,70.0,2156,290,7,0,20,RL,Lvl,CulDSac,NWAmes,PosN,1Fam,1Story,Hip,CompShg,BrkFace,HdBoard,,CBlock,GasA,Y,Attchd,,WD,Normal,IR2,Gtl,TA,TA,TA,TA,No,BLQ,Rec,TA,SBrkr,TA,Typ,Gd,RFn,Gd,Y,,
0,0,0,1,8,100.0,0,3,1732,15306,80,0,1,1,1652,3,283463,0,2,1,0,0,0,0,93.0,1776,0,5,0,20,RL,HLS,Corner,Timber,Norm,1Fam,1Story,Gable,CompShg,VinylSd,VinylSd,Stone,PConc,GasA,Y,Attchd,,New,Partial,IR1,Gtl,Gd,TA,Ex,TA,Gd,GLQ,Unf,Ex,SBrkr,Gd,Typ,Gd,Fin,TA,Y,,
0,0,0,1,7,0.0,0,2,1482,16196,1443,25,1,9,39,3,215000,0,2,1,0,0,0,402,70.0,1494,0,5,0,20,RL,Low,Inside,SawyerW,Norm,1Fam,1Story,Gable,CompShg,VinylSd,VinylSd,,PConc,GasA,Y,Attchd,,WD,Normal,IR3,Gtl,Gd,TA,Gd,TA,Gd,GLQ,Unf,Ex,SBrkr,Gd,Typ,Fa,RFn,TA,Y,,
0,0,0,0,8,0.0,205,0,684,5250,259,54,1,136,425,4,122000,20,2,0,0,1215,0,0,50.0,2358,0,5,0,70,RM,Lvl,Inside,OldTown,Norm,1Fam,2Story,Gable,CompShg,MetalSd,MetalSd,,BrkTil,OthW,N,,,WD,Normal,Reg,Gtl,TA,Gd,TA,Fa,No,LwQ,Unf,Fa,SBrkr,TA,Typ,,,,Y,,
1,0,2,1,5,368.0,0,4,1248,11643,500,0,2,40,748,6,200000,0,2,0,0,1296,0,0,91.0,2634,0,5,0,90,RL,Lvl,Inside,NAmes,Artery,Duplex,2Story,Gable,CompShg,MetalSd,MetalSd,BrkFace,CBlock,GasA,Y,Detchd,,WD,Normal,Reg,Gtl,TA,TA,TA,TA,No,LwQ,Unf,TA,SBrkr,TA,Typ,,Unf,TA,Y,,
0,0,1,0,6,318.0,0,2,858,9247,319,84,1,46,539,4,171000,0,1,1,0,858,120,0,70.0,1716,0,6,0,60,RL,Lvl,Inside,NAmes,Norm,1Fam,2Story,Gable,CompShg,HdBoard,HdBoard,BrkFace,CBlock,GasA,Y,Attchd,,WD,Normal,IR1,Gtl,TA,TA,TA,TA,No,Rec,Unf,Ex,SBrkr,TA,Typ,Gd,Fin,TA,Y,,
0,0,0,0,6,0.0,0,2,698,6000,0,0,1,72,698,2,134900,0,1,0,0,390,0,210,50.0,1176,0,9,0,50,RM,Lvl,Inside,BrkSide,Norm,1Fam,1.5Fin,Gable,CompShg,MetalSd,MetalSd,,BrkTil,GasA,Y,Detchd,,WD,Normal,Reg,Gtl,Gd,TA,TA,TA,No,Unf,Unf,TA,SBrkr,TA,Typ,,Unf,TA,N,,
0,0,1,1,8,579.0,0,3,2033,14720,816,86,1,15,1217,4,410000,0,2,1,0,1185,0,283,56.0,3238,0,5,0,50,RL,Lvl,CulDSac,NoRidge,Norm,1Fam,1.5Fin,Hip,CompShg,VinylSd,VinylSd,BrkFace,PConc,GasA,Y,Attchd,,WD,Normal,IR1,Gtl,Gd,TA,Gd,TA,Av,GLQ,Unf,Ex,SBrkr,Gd,Typ,Ex,Fin,TA,Y,,
0,0,1,1,7,0.0,0,3,992,10316,735,184,1,8,257,3,235000,0,2,1,0,873,0,0,70.0,1865,0,5,0,60,RL,Lvl,Inside,CollgCr,Norm,1Fam,2Story,Gable,CompShg,VinylSd,VinylSd,,PConc,GasA,Y,Attchd,,WD,Normal,IR1,Gtl,Gd,TA,Gd,TA,No,GLQ,Unf,Ex,SBrkr,Gd,Typ,TA,RFn,TA,Y,,
0,0,0,0,7,143.0,0,2,570,10192,0,98,1,38,570,4,170000,0,3,1,0,698,0,0,102.0,1920,0,6,0,80,RL,Lvl,Inside,NWAmes,Norm,1Fam,SLvl,Gable,CompShg,MetalSd,MetalSd,BrkFace,CBlock,GasA,Y,Attchd,,WD,Normal,IR1,Gtl,TA,TA,TA,TA,No,Unf,Unf,Gd,SBrkr,Gd,Typ,TA,RFn,TA,Y,,GdPrv
0,0,0,0,5,65.0,0,1,864,9477,340,0,1,42,524,3,110000,0,1,0,0,0,0,0,70.0,892,0,5,0,20,RL,Lvl,Corner,NAmes,Norm,1Fam,1Story,Gable,CompShg,HdBoard,HdBoard,BrkFace,CBlock,GasA,Y,Attchd,,WD,Normal,Reg,Gtl,TA,TA,TA,TA,No,Rec,Unf,TA,SBrkr,TA,Typ,,RFn,TA,Y,,GdWo
0,0,1,1,5,0.0,0,2,1078,12537,734,0,1,39,344,3,149900,0,1,1,0,0,0,0,70.0,1078,0,6,0,20,RL,Lvl,CulDSac,NAmes,Norm,1Fam,1Story,Gable,CompShg,VinylSd,VinylSd,,CBlock,GasA,Y,Attchd,,WD,Normal,IR1,Gtl,TA,TA,TA,TA,No,GLQ,Unf,Ex,SBrkr,TA,Typ,Fa,Fin,TA,Y,,
0,0,1,0,6,216.0,0,2,756,2117,378,32,1,10,378,3,177500,0,2,0,0,804,0,0,70.0,1573,0,5,0,160,FV,Lvl,Inside,Somerst,Norm,Twnhs,2Story,Gable,CompShg,MetalSd,MetalSd,BrkFace,PConc,GasA,Y,Detchd,,WD,Normal,Reg,Gtl,Gd,TA,Gd,TA,No,GLQ,Unf,Ex,SBrkr,Gd,Typ,,Unf,TA,Y,,
0,0,0,1,9,66.0,0,3,1980,16737,1447,45,1,2,533,3,315000,0,2,1,0,0,0,194,129.0,1980,0,5,0,20,RL,Lvl,FR3,NridgHt,Norm,1Fam,1Story,Hip,CompShg,VinylSd,VinylSd,BrkFace,PConc,GasA,Y,Attchd,,WD,Normal,Reg,Gtl,Gd,TA,Ex,TA,Av,GLQ,Unf,Ex,SBrkr,Ex,Typ,Gd,Fin,TA,Y,,
0,0,1,0,5,0.0,0,2,612,9842,0,0,1,87,612,4,189000,301,3,0,0,1611,0,183,51.0,2601,0,6,0,70,RL,Lvl,Inside,SWISU,Feedr,1Fam,2Story,Gable,CompShg,MetalSd,Wd Sdng,,BrkTil,GasA,Y,BuiltIn,,WD,Normal,Reg,Gtl,TA,TA,TA,Fa,No,Unf,Unf,Ex,SBrkr,TA,Typ,,RFn,TA,Y,,
0,0,0,1,7,16.0,0,2,1530,16158,1274,36,1,4,256,3,260000,0,2,1,0,0,0,168,124.0,1530,0,5,0,20,RL,Low,Inside,StoneBr,Norm,1Fam,1Story,Hip,CompShg,VinylSd,VinylSd,Stone,PConc,GasA,Y,Attchd,,WD,Normal,IR1,Mod,Gd,TA,Ex,TA,Av,ALQ,Unf,Ex,SBrkr,Gd,Typ,Gd,Fin,TA,Y,,
0,0,0,0,4,0.0,0,1,715,12513,0,0,1,89,715,4,104900,0,2,1,0,457,0,55,70.0,1738,0,4,0,50,RL,Lvl,FR2,NAmes,Feedr,1Fam,1.5Fin,Gable,CompShg,VinylSd,VinylSd,,BrkTil,GasA,Y,Attchd,,WD,Normal,IR1,Gtl,TA,Gd,TA,Fa,No,Unf,Unf,Gd,SBrkr,TA,Typ,Gd,Unf,TA,Y,,
0,0,1,0,6,0.0,0,2,616,8499,0,36,1,1,616,3,156932,0,2,1,0,796,0,0,73.0,1412,0,5,0,60,RL,Lvl,Inside,Gilbert,Norm,1Fam,2Story,Gable,CompShg,VinylSd,VinylSd,,PConc,GasA,Y,BuiltIn,,New,Partial,IR1,Gtl,TA,TA,Gd,TA,No,Unf,Unf,Ex,SBrkr,Gd,Typ,Gd,Fin,TA,Y,,
0,0,1,0,7,0.0,80,2,600,3180,0,166,1,1,600,2,144152,0,2,0,0,600,0,0,30.0,1200,0,5,0,160,FV,Lvl,Inside,Somerst,Norm,TwnhsE,2Story,Gable,CompShg,MetalSd,MetalSd,,PConc,GasA,Y,Detchd,,WD,Abnorml,Reg,Gtl,Gd,TA,Gd,TA,No,Unf,Unf,Ex,SBrkr,Gd,Typ,,RFn,TA,Y,,
0,0,1,1,7,0.0,0,2,814,7500,533,96,1,10,281,3,216000,0,2,0,0,860,0,0,70.0,1674,0,5,0,60,FV,Lvl,Inside,Somerst,Norm,1Fam,2Story,Gable,CompShg,VinylSd,VinylSd,,PConc,GasA,Y,Attchd,,WD,Normal,Reg,Gtl,Gd,TA,Gd,TA,No,GLQ,Unf,Ex,SBrkr,Gd,Typ,,RFn,TA,Y,,
0,0,1,1,7,158.0,0,2,873,9179,633,88,1,9,240,3,193000,0,2,0,0,908,0,0,68.0,1790,0,5,0,60,RL,Lvl,Inside,CollgCr,Norm,1Fam,2Story,Gable,CompShg,VinylSd,VinylSd,BrkFace,PConc,GasA,Y,Attchd,,WD,Abnorml,IR1,Gtl,Gd,TA,Gd,TA,No,GLQ,Unf,Ex,SBrkr,Gd,Typ,,RFn,TA,Y,,
0,173,0,0,5,0.0,0,1,757,2665,548,26,1,29,36,4,127000,0,2,1,0,550,0,104,41.0,1475,0,6,0,160,RM,Lvl,Inside,MeadowV,Norm,TwnhsE,2Story,Gable,CompShg,CemntBd,CmentBd,,PConc,GasA,Y,Attchd,,WD,Normal,Reg,Gtl,TA,TA,TA,TA,No,ALQ,Rec,Ex,SBrkr,TA,Typ,TA,RFn,TA,Y,,
0,0,0,1,6,170.0,0,2,848,4435,685,0,1,6,163,1,144000,0,1,0,0,0,0,140,70.0,848,0,5,0,120,RM,Lvl,Inside,CollgCr,Norm,TwnhsE,1Story,Gable,CompShg,VinylSd,VinylSd,BrkFace,PConc,GasA,Y,Attchd,,WD,Normal,Reg,Gtl,Gd,TA,Gd,TA,Av,GLQ,Unf,Ex,SBrkr,Gd,Typ,,Fin,TA,Y,,
0,972,0,1,8,171.0,0,2,1657,10635,370,262,1,7,315,3,232000,0,2,1,0,0,0,0,48.0,1668,0,5,0,20,RL,Lvl,FR2,CollgCr,Norm,1Fam,1Story,Hip,CompShg,VinylSd,VinylSd,BrkFace,PConc,GasA,Y,Attchd,,WD,Normal,IR2,Gtl,Gd,TA,Gd,TA,Av,BLQ,GLQ,Ex,SBrkr,Gd,Typ,TA,Fin,TA,Y,,
0,105,0,0,4,0.0,0,1,840,5400,315,0,1,89,420,2,105000,198,1,0,0,534,0,0,90.0,1374,0,6,0,50,RL,Lvl,Corner,OldTown,Artery,1Fam,1.5Fin,Gable,CompShg,CBlock,CBlock,,PConc,GasA,Y,Detchd,,WD,Normal,Reg,Gtl,Fa,TA,TA,TA,No,ALQ,Rec,Ex,SBrkr,TA,Typ,,Fin,TA,Y,,
0,0,0,1,6,0.0,0,1,992,9600,831,28,1,53,161,3,165500,0,1,1,0,0,178,0,80.0,1661,0,6,0,80,RL,Lvl,Inside,NAmes,Norm,1Fam,SLvl,Hip,CompShg,AsbShng,AsbShng,,CBlock,GasA,Y,BuiltIn,,WD,Normal,Reg,Gtl,TA,TA,TA,TA,Av,BLQ,Unf,Gd,SBrkr,Gd,Typ,TA,RFn,TA,Y,,MnPrv
0,0,1,1,7,0.0,0,2,1108,9750,975,170,1,8,133,3,274300,0,2,1,0,989,0,253,75.0,2097,0,6,0,60,RL,Lvl,Corner,CollgCr,Norm,1Fam,2Story,Gable,CompShg,VinylSd,VinylSd,,PConc,GasA,Y,Detchd,,WD,Normal,Reg,Gtl,TA,TA,Gd,TA,Av,GLQ,Unf,Ex,SBrkr,Gd,Typ,TA,RFn,TA,Y,,
0,0,1,1,10,705.0,0,3,2633,11400,1282,140,1,6,1351,2,466500,0,2,2,0,0,0,314,70.0,2633,0,5,0,20,RL,Lvl,Inside,NoRidge,Norm,1Fam,1Story,Hip,CompShg,VinylSd,VinylSd,BrkFace,PConc,GasA,Y,Attchd,,WD,Normal,Reg,Gtl,Ex,TA,Ex,TA,Gd,GLQ,Unf,Ex,SBrkr,Ex,Typ,Gd,RFn,TA,Y,,
0,0,1,0,7,0.0,0,3,1026,10625,0,210,1,3,1026,3,250000,0,2,1,0,932,0,154,85.0,1958,0,5,0,60,FV,Lvl,Inside,Somerst,Norm,1Fam,2Story,Gable,CompShg,CemntBd,CmentBd,,PConc,GasA,Y,Attchd,,WD,Normal,Reg,Gtl,Gd,TA,Gd,TA,No,Unf,Unf,Ex,SBrkr,Gd,Typ,Gd,Fin,TA,Y,,
0,0,0,0,8,80.0,0,3,1571,10991,0,36,1,0,1571,3,239000,0,2,1,0,0,0,100,89.0,1571,0,5,0,20,RL,HLS,Inside,Timber,Norm,1Fam,1Story,Gable,CompShg,VinylSd,VinylSd,BrkFace,PConc,GasA,Y,Attchd,,New,Partial,IR1,Gtl,Gd,TA,Gd,TA,Gd,Unf,Unf,Ex,SBrkr,Gd,Typ,Gd,Fin,TA,Y,,
0,0,0,0,6,0.0,0,1,768,6292,384,141,1,78,384,2,91000,0,1,0,0,0,0,0,52.0,790,0,5,0,30,RL,Bnk,Inside,SWISU,Norm,1Fam,1Story,Gable,CompShg,Wd Sdng,Wd Sdng,,BrkTil,GasA,N,Detchd,,WD,Normal,Reg,Gtl,TA,TA,Gd,TA,Mn,Rec,Unf,TA,SBrkr,TA,Typ,,Unf,Fa,Y,,
0,420,0,0,5,0.0,0,2,984,10998,408,68,1,68,156,3,117000,0,2,0,0,620,0,0,60.0,1604,0,5,0,50,RL,Lvl,Inside,Edwards,Norm,1Fam,1.5Fin,Gable,CompShg,Wd Sdng,Wd Sdng,,CBlock,GasA,Y,Detchd,,WD,Normal,Reg,Gtl,TA,TA,TA,TA,No,LwQ,BLQ,Ex,SBrkr,TA,Min2,,Unf,TA,Y,,
0,0,1,0,6,408.0,0,1,483,1953,309,0,1,33,174,2,83000,0,1,0,0,504,0,72,21.0,987,0,5,0,160,RM,Lvl,Inside,BrDale,Norm,Twnhs,2Story,Gable,CompShg,HdBoard,HdBoard,BrkFace,CBlock,GasA,Y,Detchd,,WD,Normal,Reg,Gtl,TA,TA,TA,Fa,No,BLQ,Unf,TA,SBrkr,TA,Typ,,Unf,TA,Y,,
0,0,1,0,5,0.0,0,2,384,9735,0,0,1,2,384,3,167500,0,2,0,0,640,0,100,73.0,1394,0,5,0,80,RL,Lvl,Inside,Timber,Norm,1Fam,SLvl,Gable,CompShg,VinylSd,VinylSd,,PConc,GasA,Y,BuiltIn,,WD,Normal,Reg,Gtl,TA,TA,Gd,TA,No,Unf,Unf,Gd,,Gd,Typ,,Fin,TA,Y,,
0,0,0,1,3,0.0,0,1,864,8212,203,0,1,96,661,2,58500,96,1,0,0,0,0,0,45.0,864,0,3,0,30,RL,Lvl,Inside,Edwards,Norm,1Fam,1Story,Gable,CompShg,Stucco,Stucco,,BrkTil,GasA,N,Detchd,,WD,Normal,Reg,Gtl,TA,Fa,TA,Fa,No,Rec,Unf,TA,FuseF,TA,Typ,,Unf,TA,Y,,
0,0,1,0,6,0.0,0,2,1205,12925,865,42,1,38,340,4,237500,0,2,2,0,0,0,0,70.0,2117,0,7,0,20,RL,Lvl,Corner,NAmes,Norm,1Fam,1Story,Gable,CompShg,BrkFace,Plywood,,CBlock,GasA,Y,Attchd,,WD,Normal,IR1,Gtl,TA,TA,TA,TA,Mn,BLQ,Unf,Ex,SBrkr,TA,Typ,Gd,Fin,TA,Y,,
0,0,1,1,7,0.0,0,2,596,7200,0,0,1,86,596,4,157000,221,1,0,0,764,0,36,60.0,1762,0,7,0,70,RM,Lvl,Corner,OldTown,Norm,1Fam,2Story,Hip,CompShg,Wd Sdng,Wd Sdng,,BrkTil,GasA,Y,Detchd,,WD,Normal,Reg,Gtl,TA,TA,Fa,TA,No,Unf,Unf,Ex,SBrkr,Gd,Typ,,Unf,TA,N,,
0,0,0,0,5,0.0,0,2,816,25339,0,0,1,89,816,3,112000,112,2,0,0,0,0,0,70.0,1416,0,7,0,30,RL,Lvl,Inside,Sawyer,Norm,1Fam,1Story,Gable,CompShg,Wd Sdng,Wd Sdng,,BrkTil,GasA,Y,Attchd,,WD,Normal,Reg,Gtl,TA,Gd,TA,TA,No,Unf,Unf,Ex,SBrkr,Gd,Typ,,Unf,TA,N,,
0,0,0,0,6,0.0,0,1,560,9060,204,0,1,70,356,2,105000,0,1,0,0,560,0,0,60.0,1258,0,5,0,50,RL,Lvl,Inside,Edwards,Norm,1Fam,1.5Fin,Gable,CompShg,WdShing,Wd Shng,,BrkTil,GasA,Y,Detchd,,WD,Normal,Reg,Gtl,TA,TA,TA,TA,Mn,Rec,Unf,TA,SBrkr,TA,Typ,,Unf,TA,P,,MnPrv
0,0,0,1,4,0.0,0,1,796,5436,735,96,1,88,61,3,125500,0,1,0,0,358,0,0,40.0,1154,0,8,0,50,RM,Lvl,Inside,IDOTRR,Norm,1Fam,1.5Fin,Gable,CompShg,VinylSd,VinylSd,,BrkTil,GasA,Y,Detchd,,WD,Normal,Reg,Gtl,TA,Gd,TA,TA,No,BLQ,Unf,Gd,SBrkr,Gd,Typ,,Unf,TA,N,,MnPrv
0,469,1,1,7,184.0,0,2,1392,16692,790,112,1,28,133,5,250000,0,3,2,2000,1392,440,0,80.0,2784,0,5,519,60,RL,Lvl,Inside,NWAmes,RRAn,1Fam,2Story,Gable,CompShg,Plywood,Plywood,BrkFace,CBlock,GasA,Y,Attchd,TenC,WD,Normal,IR1,Gtl,TA,TA,Gd,TA,No,BLQ,LwQ,TA,SBrkr,Gd,Typ,TA,RFn,TA,Y,Fa,MnPrv
0,546,0,0,6,0.0,0,1,714,8520,168,15,1,91,0,5,136000,0,2,1,0,862,0,88,60.0,2526,0,7,0,50,RM,Lvl,Inside,OldTown,Artery,1Fam,1.5Fin,Gable,CompShg,Stucco,Stucco,,BrkTil,GasW,N,Detchd,,CWD,Family,Reg,Gtl,TA,Gd,TA,TA,No,Rec,LwQ,TA,SBrkr,Gd,Typ,Gd,Unf,TA,Y,,GdWo
0,0,0,1,9,160.0,0,3,1746,14892,1320,39,1,3,426,3,377500,0,2,2,0,0,0,201,42.0,1746,0,5,0,20,RL,HLS,CulDSac,Gilbert,Norm,1Fam,1Story,Gable,CompShg,VinylSd,VinylSd,Stone,PConc,GasA,Y,Attchd,,WD,Normal,IR1,Gtl,Ex,TA,Ex,TA,Gd,GLQ,Unf,Ex,SBrkr,Ex,Typ,Gd,Fin,TA,Y,,
1,0,0,0,6,0.0,0,2,735,6000,375,0,1,66,360,3,131000,0,1,1,0,349,0,0,60.0,1218,0,6,0,50,RM,Lvl,Inside,BrkSide,Norm,1Fam,1.5Fin,Gable,CompShg,Wd Sdng,Wd Sdng,,BrkTil,GasA,Y,Detchd,,WD,Normal,Reg,Gtl,TA,Gd,TA,Gd,No,ALQ,Unf,Ex,SBrkr,TA,Typ,Gd,Unf,TA,Y,,
0,0,0,1,7,244.0,0,2,1525,9100,1400,36,1,6,125,3,235000,0,2,0,0,0,0,219,70.0,1525,0,5,0,20,RL,Lvl,Inside,CollgCr,Norm,1Fam,1Story,Gable,CompShg,VinylSd,VinylSd,BrkFace,PConc,GasA,Y,Attchd,,WD,Normal,Reg,Gtl,Gd,TA,Gd,TA,Av,GLQ,Unf,Ex,SBrkr,Gd,Typ,,RFn,TA,Y,,
0,0,0,0,5,0.0,0,3,1584,8944,0,152,2,42,1584,4,124000,0,2,0,0,0,0,0,65.0,1584,0,5,0,90,RL,Lvl,Inside,NAmes,Norm,Duplex,1Story,Gable,CompShg,Plywood,Plywood,,CBlock,GasA,Y,Detchd,,WD,Normal,Reg,Gtl,TA,TA,TA,TA,No,Unf,Unf,TA,SBrkr,TA,Mod,,Unf,TA,Y,,
0,0,0,1,5,0.0,0,1,864,7838,769,144,1,39,95,3,123000,0,1,1,0,0,0,175,68.0,900,0,5,0,85,RL,Lvl,Inside,NAmes,Norm,1Fam,SFoyer,Gable,CompShg,HdBoard,HdBoard,,CBlock,GasA,Y,Attchd,,WD,Normal,Reg,Gtl,TA,TA,TA,TA,Av,ALQ,Unf,TA,SBrkr,TA,Typ,Po,RFn,TA,Y,,MnWw
0,0,0,0,6,0.0,0,2,482,10800,0,25,2,103,482,3,163000,212,2,1,0,691,0,0,60.0,1912,0,7,0,190,RM,Lvl,Inside,OldTown,Norm,2fmCon,1.5Fin,Gable,CompShg,Wd Sdng,Wd Sdng,,BrkTil,GasA,N,Detchd,,WD,Normal,Reg,Gtl,TA,TA,Fa,TA,No,Unf,Unf,Ex,SBrkr,TA,Typ,TA,Unf,Gd,Y,,
0,0,0,1,7,45.0,0,3,1356,4045,1070,20,1,0,286,2,246578,0,2,1,0,0,0,161,53.0,1500,0,5,0,120,RL,Lvl,Inside,Blmngtn,Norm,TwnhsE,1Story,Hip,CompShg,VinylSd,VinylSd,BrkFace,PConc,GasA,Y,Attchd,,New,Partial,Reg,Gtl,Gd,TA,Gd,TA,Av,GLQ,Unf,Ex,SBrkr,Gd,Typ,Gd,Fin,TA,Y,,
0,0,1,0,8,245.0,0,3,1094,12665,0,39,1,2,1094,4,281213,0,2,1,0,1349,0,144,88.0,2482,0,5,0,60,RL,Lvl,Inside,Timber,Norm,1Fam,2Story,Hip,CompShg,VinylSd,VinylSd,BrkFace,PConc,GasA,Y,BuiltIn,,WD,Normal,IR1,Gtl,Gd,TA,Gd,Gd,Gd,Unf,Unf,Ex,SBrkr,Gd,Typ,Gd,Fin,TA,Y,,
0,334,0,1,5,0.0,0,2,747,57200,353,0,1,62,60,3,160000,50,1,2,0,0,0,0,70.0,1687,0,5,0,20,RL,Bnk,Inside,Timber,Norm,1Fam,1Story,Gable,CompShg,Wd Sdng,Wd Sdng,,CBlock,GasA,Y,Detchd,,WD,Normal,IR1,Sev,TA,TA,TA,TA,Av,BLQ,Rec,TA,SBrkr,TA,Min1,TA,Unf,TA,N,,
0,0,1,0,5,0.0,0,1,939,6120,0,0,1,87,939,4,137500,150,1,0,0,574,0,24,51.0,1513,0,8,0,70,RM,Lvl,Inside,BrkSide,Norm,1Fam,2Story,Gable,CompShg,MetalSd,MetalSd,,BrkTil,GasA,Y,Detchd,,WD,Normal,Reg,Gtl,TA,TA,TA,TA,Mn,Unf,Unf,Ex,SBrkr,TA,Typ,,Unf,Fa,N,,
0,352,1,1,5,0.0,0,1,1208,7200,180,0,1,59,676,3,138000,168,1,0,0,768,0,0,60.0,1904,0,4,0,50,RL,Lvl,Inside,NAmes,Norm,1Fam,1.5Fin,Gable,CompShg,VinylSd,Wd Sdng,,CBlock,GasA,Y,Attchd,,WD,Normal,Reg,Gtl,TA,TA,TA,TA,No,Rec,BLQ,Gd,FuseA,TA,Min1,,Unf,TA,Y,,GdPrv
0,0,1,0,6,0.0,0,1,976,6171,264,16,1,84,712,3,137450,0,2,1,0,448,0,147,51.0,1608,0,6,0,50,RL,Lvl,Inside,SWISU,Norm,1Fam,1.5Fin,Gable,CompShg,WdShing,Wd Shng,,BrkTil,GasA,Y,Detchd,,WD,Normal,Reg,Gtl,TA,TA,TA,TA,No,BLQ,Unf,Ex,SBrkr,Gd,Typ,Gd,Unf,Fa,Y,,MnPrv
0,0,0,0,6,0.0,0,1,862,6000,0,0,1,79,862,3,120000,112,1,1,0,208,0,0,50.0,1158,0,7,0,50,RM,Lvl,Corner,BrkSide,Norm,1Fam,1.5Fin,Gable,CompShg,WdShing,Wd Shng,,BrkTil,GasA,Y,BuiltIn,,WD,Normal,Reg,Gtl,TA,TA,TA,TA,No,Unf,Unf,TA,SBrkr,TA,Typ,Gd,RFn,TA,Y,,
0,0,1,1,6,0.0,0,2,839,7415,759,75,1,4,80,3,193000,0,2,1,0,729,0,100,62.0,1593,0,5,0,60,RL,Lvl,Inside,Gilbert,Norm,1Fam,2Story,Gable,CompShg,VinylSd,VinylSd,,PConc,GasA,Y,Attchd,,WD,Normal,IR1,Gtl,TA,TA,TA,TA,No,GLQ,Unf,Ex,SBrkr,TA,Typ,TA,Fin,TA,Y,,
0,0,0,0,7,0.0,0,2,1286,6762,0,55,1,0,1286,2,193879,0,2,1,0,0,0,168,64.0,1294,0,5,0,20,RL,Lvl,Inside,CollgCr,Norm,1Fam,1Story,Gable,CompShg,VinylSd,VinylSd,,PConc,GasA,Y,Attchd,,New,Partial,Reg,Gtl,Gd,TA,Gd,Gd,Av,Unf,Unf,Ex,SBrkr,Gd,Typ,Gd,RFn,TA,Y,,
0,0,0,1,8,84.0,0,3,1485,15256,929,160,1,0,556,3,282922,0,2,0,0,0,0,168,49.0,1464,0,5,0,20,RL,Lvl,CulDSac,Somerst,RRAn,1Fam,1Story,Gable,CompShg,VinylSd,VinylSd,Stone,PConc,GasA,Y,Attchd,,WD,Normal,IR1,Gtl,Gd,TA,Gd,TA,Gd,GLQ,Unf,Ex,SBrkr,Gd,Typ,,Unf,TA,Y,,
0,0,0,0,3,0.0,0,3,672,10410,0,0,1,91,672,3,105000,160,1,0,0,520,0,216,60.0,1214,0,4,0,50,RL,Lvl,Corner,OldTown,Artery,1Fam,1.5Fin,Gable,CompShg,Wd Sdng,Wd Sdng,,PConc,GasA,Y,Detchd,,WD,Family,Reg,Gtl,TA,TA,TA,TA,No,Unf,Unf,TA,SBrkr,TA,Typ,,Unf,TA,Y,,MnPrv
1,0,0,1,8,174.0,0,2,1594,3842,1373,53,1,4,221,2,275000,0,2,1,0,0,155,128,44.0,1646,0,5,0,120,RM,HLS,Inside,Crawfor,Norm,TwnhsE,1Story,Hip,CompShg,CemntBd,CmentBd,Stone,PConc,GasA,Y,Attchd,,WD,Normal,IR1,Mod,Gd,TA,Ex,TA,Gd,GLQ,Unf,Ex,SBrkr,Gd,Typ,Gd,Fin,TA,Y,,
0,0,0,1,5,0.0,0,2,768,8445,656,0,1,37,112,2,133000,0,1,0,0,0,0,58,70.0,768,0,7,0,85,RL,Lvl,Corner,CollgCr,Norm,1Fam,SFoyer,Gable,CompShg,HdBoard,Wd Shng,,CBlock,GasA,Y,Detchd,,WD,Normal,Reg,Gtl,TA,TA,Gd,TA,Av,GLQ,Unf,TA,SBrkr,TA,Typ,,Unf,TA,Y,,MnPrv
0,0,0,1,5,0.0,0,0,833,8780,625,0,1,24,208,3,112000,0,1,0,0,0,0,0,70.0,833,0,5,0,20,RL,Lvl,Corner,Mitchel,Norm,1Fam,1Story,Gable,CompShg,HdBoard,Plywood,,CBlock,GasA,Y,,,WD,Normal,IR1,Gtl,TA,TA,TA,TA,No,ALQ,Unf,Ex,SBrkr,TA,Typ,,,,Y,,MnPrv
0,0,0,0,4,0.0,0,2,622,7740,0,0,1,100,622,3,125500,0,1,0,0,622,168,0,60.0,1363,0,7,0,70,RM,Lvl,Inside,OldTown,Norm,1Fam,2Story,Gable,CompShg,VinylSd,VinylSd,,CBlock,GasA,Y,Detchd,,WD,Normal,Reg,Gtl,TA,TA,Fa,TA,No,Unf,Unf,Gd,SBrkr,TA,Typ,,Unf,TA,Y,,
0,0,1,0,7,123.0,0,2,791,20544,0,63,1,22,791,3,215000,0,2,1,0,857,0,364,46.0,2093,0,6,0,60,RL,Lvl,CulDSac,NWAmes,Norm,1Fam,2Story,Gable,CompShg,Plywood,Plywood,BrkFace,CBlock,GasA,Y,Attchd,,WD,Normal,IR1,Gtl,TA,Gd,Gd,TA,No,Unf,Unf,Gd,SBrkr,TA,Typ,TA,Fin,TA,Y,,MnPrv
0,0,1,1,7,0.0,0,2,944,12420,666,45,1,8,278,3,230000,0,2,0,0,896,0,0,79.0,1840,0,5,0,60,RL,Lvl,Inside,CollgCr,Norm,1Fam,2Story,Gable,CompShg,VinylSd,VinylSd,,PConc,GasA,Y,Attchd,,WD,Normal,Reg,Gtl,Gd,TA,Gd,TA,No,GLQ,Unf,Ex,SBrkr,Gd,Typ,,RFn,TA,Y,,
0,0,1,0,6,0.0,0,1,856,9600,120,0,1,59,736,3,140000,0,1,0,0,556,0,0,80.0,1668,0,8,0,50,RL,Lvl,Inside,NAmes,Norm,1Fam,1.5Fin,Gable,CompShg,VinylSd,VinylSd,,CBlock,GasA,Y,Attchd,,WD,Normal,Reg,Gtl,TA,Gd,TA,TA,No,BLQ,Unf,Ex,SBrkr,TA,Min2,,Unf,TA,Y,,MnPrv
0,0,0,0,4,0.0,0,2,0,7200,0,0,2,60,0,2,90000,0,2,0,0,0,0,0,60.0,1040,0,5,0,90,RL,Lvl,Inside,NAmes,Norm,Duplex,1Story,Gable,CompShg,BrkFace,Stone,,Slab,Wall,N,Detchd,,WD,Normal,Reg,Gtl,TA,TA,,,,,,Fa,FuseF,TA,Typ,,Unf,TA,Y,,
0,0,0,1,8,366.0,0,2,1844,10994,976,44,1,4,868,2,257000,0,2,1,0,0,0,165,88.0,1844,0,5,0,20,RL,Lvl,Corner,SawyerW,Norm,1Fam,1Story,Gable,CompShg,VinylSd,VinylSd,Stone,PConc,GasA,Y,Attchd,,COD,Abnorml,IR1,Gtl,Gd,TA,Gd,Gd,No,GLQ,Unf,Ex,SBrkr,Gd,Typ,Gd,Fin,TA,Y,,
0,0,1,0,6,0.0,0,2,833,13053,0,0,1,85,833,4,207000,0,1,1,0,795,220,0,64.0,1848,0,7,0,50,RL,Bnk,Inside,BrkSide,Norm,1Fam,1.5Fin,Gambrel,CompShg,Wd Sdng,Wd Sdng,,BrkTil,GasA,Y,Detchd,,WD,Normal,Reg,Gtl,TA,TA,TA,TA,No,Unf,Unf,Gd,SBrkr,Gd,Typ,Gd,Unf,TA,N,,
1,0,0,0,7,130.0,0,3,1386,3635,988,20,1,2,398,1,175900,0,2,1,0,0,0,143,51.0,1569,0,5,0,120,RL,Lvl,Inside,Blmngtn,Norm,TwnhsE,1Story,Hip,CompShg,VinylSd,VinylSd,BrkFace,PConc,GasA,Y,Attchd,,WD,Normal,Reg,Gtl,Gd,TA,Gd,TA,No,ALQ,Unf,Ex,SBrkr,Gd,Typ,TA,RFn,TA,Y,,
0,0,0,0,4,0.0,0,2,777,11340,0,0,2,125,777,4,122500,114,2,0,0,1044,0,0,60.0,2290,0,6,0,190,RM,Lvl,Inside,OldTown,Norm,2fmCon,2Story,Gable,CompShg,VinylSd,AsbShng,,PConc,GasA,Y,Detchd,,WD,Normal,Reg,Gtl,TA,TA,TA,TA,No,Unf,Unf,Gd,SBrkr,TA,Typ,,Unf,TA,N,,
0,0,1,1,8,731.0,0,3,1284,16545,781,126,1,11,503,3,340000,0,2,1,0,1140,0,0,70.0,2450,0,5,0,60,RL,Lvl,Inside,NoRidge,Norm,1Fam,2Story,Gable,CompShg,VinylSd,VinylSd,BrkFace,PConc,GasA,Y,Attchd,,WD,Normal,IR1,Gtl,Gd,TA,Gd,TA,Mn,GLQ,Unf,Ex,SBrkr,Gd,Typ,TA,Fin,TA,Y,,
0,872,1,1,5,0.0,0,1,1144,9204,25,88,1,45,247,3,124000,0,1,0,0,0,0,0,71.0,1144,0,5,0,20,RL,Lvl,Inside,NAmes,Norm,1Fam,1Story,Gable,CompShg,HdBoard,HdBoard,,CBlock,GasA,Y,Detchd,,COD,Normal,Reg,Gtl,TA,TA,TA,TA,No,BLQ,Rec,TA,SBrkr,TA,Typ,,Unf,TA,Y,,
0,0,0,1,6,312.0,0,2,1844,16381,1110,73,1,37,734,3,223000,216,2,1,0,0,0,0,70.0,1844,0,5,0,20,RL,Lvl,Inside,Crawfor,Norm,1Fam,1Story,Gable,CompShg,Plywood,Plywood,BrkFace,CBlock,GasA,Y,Attchd,,WD,Normal,IR1,Gtl,Gd,Gd,TA,TA,Av,Rec,Unf,Gd,SBrkr,Gd,Typ,TA,RFn,TA,Y,,
0,0,1,0,6,420.0,0,2,708,11700,404,169,1,38,304,3,179900,0,2,1,0,708,119,0,90.0,1416,0,6,0,60,RL,Lvl,Corner,NWAmes,Norm,1Fam,2Story,Gable,CompShg,HdBoard,HdBoard,BrkFace,CBlock,GasA,Y,Attchd,,WD,Normal,Reg,Gtl,TA,TA,TA,TA,No,ALQ,Unf,Gd,SBrkr,TA,Typ,TA,RFn,TA,Y,,
0,0,0,0,6,0.0,0,2,1069,4043,360,55,1,33,709,2,127500,0,2,1,0,0,165,0,53.0,1069,0,5,0,120,RL,Lvl,Inside,NPkVill,Norm,TwnhsE,1Story,Gable,CompShg,Plywood,Plywood,,CBlock,GasA,Y,Attchd,,WD,Normal,Reg,Gtl,TA,TA,Gd,TA,No,ALQ,Unf,TA,SBrkr,TA,Typ,Fa,RFn,TA,Y,,
0,0,0,1,6,170.0,0,2,848,4435,686,0,1,5,162,1,136500,0,1,0,0,0,0,140,37.0,848,0,5,0,120,RM,Lvl,Inside,CollgCr,Norm,TwnhsE,1Story,Gable,CompShg,VinylSd,VinylSd,BrkFace,PConc,GasA,Y,Attchd,,WD,Normal,Reg,Gtl,Gd,TA,Gd,TA,Av,GLQ,Unf,Ex,SBrkr,Gd,Typ,,Fin,TA,Y,,
0,0,0,0,6,0.0,0,2,697,19690,0,236,1,40,697,4,274970,0,2,1,0,626,0,586,70.0,2201,0,7,738,80,RL,Lvl,CulDSac,Edwards,Norm,1Fam,SLvl,Flat,Tar&Grv,Plywood,Plywood,,CBlock,GasA,Y,Attchd,,WD,Alloca,IR1,Gtl,Gd,Gd,Gd,TA,Av,Unf,Unf,TA,SBrkr,Gd,Typ,Gd,Unf,Gd,Y,Gd,GdPrv
0,374,0,1,5,0.0,0,1,1024,9503,457,28,1,49,193,2,144000,0,1,1,0,0,0,316,70.0,1344,0,5,0,20,RL,Lvl,Inside,NAmes,Norm,1Fam,1Story,Hip,CompShg,HdBoard,HdBoard,,CBlock,GasA,Y,Detchd,,WD,Normal,Reg,Gtl,TA,TA,TA,TA,No,ALQ,Rec,TA,SBrkr,TA,Min1,TA,Unf,TA,Y,,GdWo
0,0,0,0,6,243.0,0,2,1252,10721,0,39,1,49,1252,3,142000,0,1,0,0,0,0,0,80.0,1252,0,6,0,20,RL,Lvl,Inside,NAmes,Norm,1Fam,1Story,Hip,CompShg,HdBoard,HdBoard,Stone,CBlock,GasA,Y,Detchd,,WD,Normal,IR1,Gtl,Gd,TA,TA,TA,No,Unf,Unf,Ex,SBrkr,Gd,Typ,,Unf,TA,Y,,
0,0,1,1,7,448.0,0,2,1223,10944,1000,132,1,14,223,3,271000,0,2,2,0,904,0,171,81.0,2127,0,5,0,60,RL,Lvl,Inside,NoRidge,Norm,1Fam,2Story,Gable,CompShg,VinylSd,VinylSd,BrkFace,PConc,GasA,Y,Attchd,,WD,Normal,IR1,Gtl,Gd,TA,Gd,TA,No,GLQ,Unf,Ex,SBrkr,Gd,Typ,TA,RFn,TA,Y,,
0,0,1,1,5,0.0,0,1,913,10930,580,0,1,63,333,3,140000,0,1,1,0,510,0,0,60.0,1558,0,6,0,50,RL,Bnk,Inside,NAmes,Artery,1Fam,1.5Fin,Gable,CompShg,MetalSd,MetalSd,,CBlock,GasA,Y,Attchd,,WD,Normal,Reg,Gtl,TA,TA,TA,TA,No,BLQ,Unf,TA,FuseA,TA,Typ,TA,Unf,TA,Y,,
0,0,0,1,5,294.0,0,1,788,7200,510,0,1,70,278,2,119000,154,1,2,0,0,0,0,60.0,804,0,7,0,30,RM,Lvl,Corner,OldTown,Norm,1Fam,1Story,Gable,CompShg,MetalSd,MetalSd,Stone,CBlock,GasA,Y,Attchd,,WD,Abnorml,Reg,Gtl,TA,Gd,TA,TA,No,BLQ,Unf,TA,SBrkr,Gd,Typ,Gd,Unf,TA,Y,,MnPrv
0,0,0,0,6,310.0,0,2,1440,12546,678,0,1,26,762,3,182900,99,2,1,0,0,0,0,70.0,1440,0,7,0,20,RL,Lvl,Corner,NWAmes,Norm,1Fam,1Story,Gable,CompShg,MetalSd,MetalSd,BrkFace,CBlock,GasA,Y,Attchd,,WD,Normal,IR1,Gtl,Gd,Gd,Gd,TA,No,BLQ,Unf,Ex,SBrkr,Gd,Typ,TA,Fin,TA,Y,,
0,0,1,0,5,0.0,0,2,732,21930,0,40,1,1,732,4,192140,0,2,1,0,1104,0,100,60.0,1838,0,5,0,60,RL,Lvl,Inside,Gilbert,RRAn,1Fam,2Story,Gable,CompShg,VinylSd,VinylSd,,PConc,GasA,Y,BuiltIn,,WD,Normal,IR3,Gtl,Gd,TA,Gd,Gd,Av,Unf,Unf,Ex,SBrkr,TA,Typ,Gd,Fin,TA,Y,,
0,0,0,0,6,0.0,0,2,958,4928,958,60,1,33,0,2,143750,0,2,0,0,0,0,0,70.0,958,0,6,0,120,RL,Lvl,Inside,NPkVill,Norm,TwnhsE,1Story,Gable,CompShg,Plywood,Plywood,,CBlock,GasA,Y,Attchd,,WD,Normal,IR1,Gtl,TA,TA,Gd,TA,No,LwQ,Unf,TA,SBrkr,TA,Typ,,RFn,TA,Y,,
0,0,0,0,4,0.0,0,1,656,10800,0,0,1,80,656,4,64500,0,2,0,0,0,0,0,60.0,968,0,6,0,30,RL,Lvl,Inside,OldTown,Norm,1Fam,1Story,Gable,CompShg,Wd Sdng,Wd Sdng,,BrkTil,GasA,Y,Detchd,,WD,Normal,Reg,Gtl,TA,TA,TA,TA,No,Unf,Unf,TA,SBrkr,TA,Typ,,Unf,Fa,Y,,
0,0,1,1,6,318.0,0,2,936,10261,0,0,1,8,936,3,186500,0,2,1,0,830,0,0,93.0,1792,0,5,0,60,RL,Lvl,Inside,Gilbert,Norm,1Fam,2Story,Gable,CompShg,VinylSd,VinylSd,BrkFace,PConc,GasA,Y,Attchd,,WD,Normal,IR1,Gtl,TA,TA,Gd,TA,No,Unf,Unf,Ex,SBrkr,TA,Typ,TA,Fin,TA,Y,,
0,0,0,1,5,0.0,0,2,1126,17400,936,41,1,29,190,3,160000,0,2,1,0,0,0,295,80.0,1126,0,5,0,20,RL,Low,Inside,Mitchel,Norm,1Fam,1Story,Gable,CompShg,BrkFace,BrkFace,,CBlock,GasA,Y,Attchd,,WD,Normal,Reg,Mod,TA,TA,TA,TA,No,ALQ,Unf,Fa,SBrkr,TA,Typ,Gd,RFn,TA,P,,
0,0,1,1,6,237.0,0,2,1319,8400,0,36,1,46,1319,3,174000,0,1,1,0,0,0,0,80.0,1537,0,9,0,20,RL,Lvl,Inside,NAmes,Norm,1Fam,1Story,Gable,CompShg,Wd Sdng,Wd Sdng,BrkFace,CBlock,GasA,Y,Attchd,,COD,Abnorml,Reg,Gtl,Gd,Gd,TA,TA,No,Unf,Unf,TA,SBrkr,Gd,Typ,Gd,RFn,TA,Y,,GdPrv
0,0,0,0,4,0.0,0,2,864,9000,616,0,1,36,248,3,120500,0,1,0,0,0,0,0,60.0,864,0,6,0,20,RL,Lvl,FR2,NAmes,Norm,1Fam,1Story,Gable,CompShg,HdBoard,HdBoard,,PConc,GasA,Y,Detchd,,WD,Normal,Reg,Gtl,TA,TA,TA,TA,No,ALQ,Unf,TA,SBrkr,TA,Typ,,Unf,TA,Y,,GdWo
0,0,0,1,8,426.0,0,3,1932,12444,1336,66,1,0,596,2,394617,0,2,1,0,0,0,0,96.0,1932,304,5,0,20,RL,Lvl,FR2,NridgHt,Norm,1Fam,1Story,Hip,CompShg,VinylSd,VinylSd,Stone,PConc,GasA,Y,Attchd,,New,Partial,Reg,Gtl,Ex,TA,Ex,TA,Av,GLQ,Unf,Ex,SBrkr,Ex,Typ,Gd,Fin,TA,Y,,
0,0,0,1,6,0.0,0,2,912,7407,600,158,1,53,312,2,149700,158,1,0,0,0,0,0,90.0,1236,0,7,0,20,RM,Lvl,Inside,OldTown,Artery,1Fam,1Story,Gable,CompShg,MetalSd,MetalSd,,CBlock,GasA,Y,Attchd,,WD,Normal,Reg,Gtl,TA,TA,TA,TA,No,GLQ,Unf,TA,FuseA,TA,Typ,,Unf,TA,Y,,MnPrv
0,110,1,0,7,96.0,0,2,539,11584,315,88,1,28,114,3,197000,216,2,1,0,685,0,0,80.0,1725,0,6,0,60,RL,Lvl,Inside,NWAmes,Norm,1Fam,SLvl,Hip,CompShg,HdBoard,HdBoard,BrkFace,CBlock,GasA,Y,Attchd,,WD,Normal,Reg,Gtl,TA,TA,TA,TA,No,GLQ,Rec,TA,SBrkr,TA,Typ,TA,RFn,TA,Y,,
0,0,0,0,6,0.0,384,2,588,11526,0,0,1,86,588,3,191000,0,2,1,0,748,0,431,79.0,2555,0,7,0,70,RL,Bnk,Inside,Crawfor,Norm,1Fam,2.5Fin,Gable,CompShg,MetalSd,MetalSd,,BrkTil,GasA,Y,Detchd,,WD,Normal,IR1,Mod,TA,TA,Ex,TA,No,Unf,Unf,Fa,SBrkr,TA,Min1,Gd,Fin,TA,Y,,
0,0,0,1,6,147.0,0,2,848,4426,697,0,1,4,151,1,149300,0,1,1,0,0,0,149,70.0,848,0,5,0,120,RM,Lvl,Inside,CollgCr,Norm,TwnhsE,1Story,Gable,CompShg,VinylSd,VinylSd,BrkFace,PConc,GasA,Y,Attchd,,WD,Normal,Reg,Gtl,Gd,TA,Gd,TA,Av,GLQ,Unf,Ex,SBrkr,Gd,Typ,TA,RFn,TA,Y,,
0,0,1,1,10,160.0,0,3,1017,11003,765,52,1,1,252,3,310000,0,2,1,0,981,0,168,85.0,2007,0,5,0,60,FV,Lvl,Inside,Somerst,Norm,1Fam,2Story,Gable,CompShg,VinylSd,VinylSd,Stone,PConc,GasA,Y,Attchd,,WD,Normal,Reg,Gtl,Ex,TA,Ex,TA,Av,GLQ,Unf,Ex,SBrkr,Ex,Typ,Ex,Fin,TA,Y,,
0,0,0,0,6,0.0,0,1,952,8854,0,98,1,93,952,2,121000,0,1,1,0,0,40,0,70.0,952,0,6,0,30,RL,Lvl,Inside,BrkSide,Norm,1Fam,1.5Unf,Gable,CompShg,Wd Sdng,Wd Sdng,,BrkTil,Grav,N,Detchd,,WD,Normal,Reg,Gtl,TA,TA,TA,TA,No,Unf,Unf,Fa,FuseF,Fa,Typ,Gd,Unf,Fa,P,,
0,0,0,0,7,106.0,0,2,1422,8500,0,60,1,3,1422,3,179600,0,2,0,0,0,0,192,63.0,1422,0,5,0,20,RL,Lvl,FR2,CollgCr,Norm,1Fam,1Story,Gable,CompShg,VinylSd,VinylSd,BrkFace,PConc,GasA,Y,Attchd,,WD,Normal,Reg,Gtl,Gd,TA,Gd,TA,Av,Unf,Unf,Ex,SBrkr,Gd,Typ,,RFn,TA,Y,,
0,627,0,1,6,0.0,0,1,814,8400,187,0,1,41,0,3,129000,252,1,0,0,0,0,0,70.0,913,0,5,0,85,RL,Lvl,Inside,Sawyer,Norm,1Fam,SFoyer,Gable,CompShg,VinylSd,VinylSd,,CBlock,GasA,Y,Detchd,,WD,Normal,Reg,Gtl,TA,TA,TA,TA,Gd,LwQ,Rec,Gd,SBrkr,TA,Typ,,Unf,TA,Y,,
0,0,0,0,5,189.0,0,1,1188,26142,593,39,1,48,595,3,157900,0,1,0,0,0,0,261,70.0,1188,0,7,0,20,RL,Lvl,CulDSac,Mitchel,Norm,1Fam,1Story,Gable,CompShg,HdBoard,HdBoard,BrkFace,CBlock,GasA,Y,Attchd,,WD,Normal,IR1,Gtl,TA,TA,TA,TA,No,Rec,Unf,TA,SBrkr,TA,Typ,,Unf,TA,P,,
0,0,1,1,8,438.0,0,2,1220,10000,1079,65,1,12,141,3,240000,0,2,1,0,870,0,0,80.0,2090,0,5,0,60,RL,Lvl,Inside,CollgCr,Norm,1Fam,2Story,Gable,CompShg,VinylSd,VinylSd,BrkFace,PConc,GasA,Y,Attchd,,WD,Normal,Reg,Gtl,Gd,TA,Gd,TA,No,GLQ,Unf,Ex,SBrkr,Gd,Typ,TA,RFn,TA,Y,,
0,0,1,0,4,0.0,0,1,560,11767,0,24,1,97,560,2,112000,0,1,0,0,550,0,168,70.0,1346,0,7,0,50,RL,Lvl,Inside,Edwards,Norm,1Fam,2Story,Gable,CompShg,MetalSd,HdBoard,,CBlock,GasA,N,Detchd,,WD,Normal,Reg,Gtl,TA,TA,Fa,TA,No,Unf,Unf,Gd,SBrkr,TA,Min2,,Unf,Fa,Y,,GdWo
0,0,0,1,5,0.0,0,0,630,1533,553,0,1,36,77,1,92000,0,1,0,0,0,0,0,21.0,630,0,7,0,180,RM,Lvl,Inside,MeadowV,Norm,Twnhs,SFoyer,Gable,CompShg,CemntBd,CmentBd,,CBlock,GasA,Y,,,WD,Abnorml,Reg,Gtl,TA,TA,Gd,TA,Av,GLQ,Unf,Ex,SBrkr,Ex,Typ,,,,Y,,
0,0,2,0,5,0.0,0,0,896,9000,0,45,2,35,896,4,136000,0,2,0,0,896,0,32,60.0,1792,0,5,0,90,RL,Lvl,FR2,NAmes,Norm,Duplex,2Story,Gable,CompShg,VinylSd,VinylSd,,CBlock,GasA,Y,,,WD,Normal,Reg,Gtl,TA,TA,Gd,TA,No,Unf,Unf,TA,SBrkr,TA,Typ,,,,Y,,
0,0,0,0,8,194.0,0,3,1573,9262,0,36,1,1,1573,3,287090,0,2,1,0,0,0,0,78.0,1578,0,5,0,20,RL,Lvl,Inside,Somerst,Norm,1Fam,1Story,Gable,CompShg,CemntBd,CmentBd,Stone,PConc,GasA,Y,Attchd,,New,Partial,Reg,Gtl,Gd,TA,Gd,TA,No,Unf,Unf,Ex,SBrkr,Ex,Typ,Gd,Fin,TA,Y,,
0,0,0,1,5,80.0,0,2,547,3675,547,28,1,1,0,2,145000,0,1,0,0,0,0,0,35.0,1072,0,5,0,180,RM,Lvl,Inside,Edwards,Norm,TwnhsE,SLvl,Gable,CompShg,VinylSd,VinylSd,BrkFace,PConc,GasA,Y,Basment,,WD,Normal,Reg,Gtl,TA,TA,Gd,TA,Gd,GLQ,Unf,Gd,SBrkr,TA,Typ,,Fin,TA,Y,,
0,0,0,0,5,0.0,0,0,1140,17217,0,56,1,0,1140,3,84500,0,1,0,0,0,0,36,90.0,1140,0,5,0,20,RL,Lvl,Inside,Mitchel,Norm,1Fam,1Story,Gable,CompShg,VinylSd,VinylSd,,PConc,GasA,Y,,,WD,Abnorml,Reg,Gtl,TA,TA,Gd,TA,No,Unf,Unf,Ex,SBrkr,TA,Typ,,,,Y,,
0,0,0,1,7,0.0,0,2,1221,7500,410,113,1,5,811,2,185000,0,2,0,0,0,0,0,62.0,1221,0,5,0,20,FV,Lvl,Inside,Somerst,Norm,1Fam,1Story,Gable,CompShg,VinylSd,VinylSd,,PConc,GasA,Y,Attchd,,WD,Normal,Reg,Gtl,Gd,TA,Gd,TA,No,GLQ,Unf,Ex,SBrkr,Gd,Typ,,RFn,TA,Y,,
0,0,1,0,6,0.0,0,2,953,7917,0,40,1,8,953,3,175000,0,2,1,0,694,0,0,62.0,1647,0,5,0,60,RL,Lvl,Inside,Gilbert,Norm,1Fam,2Story,Gable,CompShg,VinylSd,VinylSd,,PConc,GasA,Y,Attchd,,WD,Normal,Reg,Gtl,TA,TA,Gd,TA,No,Unf,Unf,Ex,SBrkr,TA,Typ,TA,RFn,TA,Y,,
0,163,0,1,6,119.0,0,2,1542,13175,790,0,1,32,589,3,210000,0,2,2,0,0,0,349,85.0,2073,0,6,0,20,RL,Lvl,Inside,NWAmes,Norm,1Fam,1Story,Gable,CompShg,Plywood,Plywood,Stone,CBlock,GasA,Y,Attchd,,WD,Normal,Reg,Gtl,TA,TA,Gd,TA,No,ALQ,Rec,TA,SBrkr,TA,Min1,TA,Unf,TA,Y,,MnPrv
0,0,0,0,7,0.0,0,1,1152,9042,275,60,1,69,877,4,266500,0,2,2,2500,1152,0,0,66.0,2340,0,9,0,70,RL,Lvl,Inside,Crawfor,Norm,1Fam,2Story,Gable,CompShg,CemntBd,CmentBd,,Stone,GasA,Y,Attchd,Shed,WD,Normal,Reg,Gtl,Ex,Gd,TA,Gd,No,GLQ,Unf,Ex,SBrkr,Gd,Typ,Gd,RFn,TA,Y,,GdPrv
0,1029,0,1,5,0.0,0,1,1078,9717,49,0,1,60,0,2,142125,112,1,0,0,0,0,366,68.0,1078,0,6,0,20,RL,Lvl,Inside,NAmes,Norm,1Fam,1Story,Hip,CompShg,MetalSd,MetalSd,,CBlock,GasA,Y,Attchd,,WD,Normal,Reg,Gtl,TA,TA,TA,TA,Mn,GLQ,Rec,Gd,FuseA,Gd,Typ,,Unf,TA,Y,,
0,290,1,1,5,0.0,0,1,1256,9937,830,68,1,43,136,3,147500,0,1,0,0,0,0,736,75.0,1256,0,6,0,20,RL,Lvl,Inside,Edwards,Norm,1Fam,1Story,Gable,CompShg,HdBoard,HdBoard,,CBlock,GasA,Y,Attchd,,WD,Normal,Reg,Gtl,Gd,TA,TA,TA,No,BLQ,LwQ,Gd,SBrkr,TA,Typ,,Fin,TA,Y,,
